"Marca temporal","¿Qué grupo lo está encuestando?","¿Cuál es tu carrera profesional?","¿En qué ciclo académico estás actualmente? (Ej. 1,2,...,10)","¿En cuántos cursos estás matriculado(a) en el período 2026-2?","¿Cuál es tu promedio ponderado acumulado actual? (ej. 15.4 )","¿Qué tan satisfecho(a) estás con tu rendimiento académico personal en el período 2026-2?","¿Cuál es el modelo exacto de tu laptop?","¿Cuál es la marca de tu laptop?","¿Qué tipo de laptop utilizas principalmente?","¿Cuántos años de antigüedad tiene tu laptop?","¿Cuál es el tamaño de la pantalla de tu laptop en pulgadas?","¿Tu laptop cuenta con teclado retroiluminado?","¿De qué marca/fabricante es el procesador de tu laptop?","¿A qué gama pertenece el procesador de tu laptop?","¿Cuál es la capacidad de memoria RAM instalada en tu laptop en GB?","¿Qué tipo de tarjeta gráfica tiene tu laptop?","¿Cuál es el tipo de almacenamiento principal de tu laptop?","¿Cuánta memoria RAM 'Disponible' te queda en GB ahora mismo (responder con laptop abierta)?","¿Qué aplicaciones o programas tienes instalados en tu laptop?","¿Cuántas aplicaciones o programas utilizas regularmente con fines académicos en tu laptop?","El último día que realizaste una tarea académica ¿Cuántos minutos usaste tu laptop para completar una tarea con un programa específico (ej. Word, Excel, SPSS)? Si no recuerdas, da un estimado y que aplicación utilizaste.","¿Cuántos días a la semana llevas tu laptop al campus de la universidad?","¿Cómo percibes el rendimiento de tu laptop cuando funciona solo con batería en comparación con cuando está conectada a la corriente?","¿Cuál es el nivel de eficiencia de tu laptop en tus actividades académicas?","¿Cuántas horas diarias, en promedio, dedicas a estudiar o hacer trabajos con tu laptop?","¿Cuántos minutos aproximadamente dura la batería de tu laptop con una sola carga?","¿Cuántas veces al día cargas tu laptop?","¿Cuál de los siguientes programas requeridos en tus cursos ha generado problemas de rendimiento, lentitud excesiva o inconvenientes de ejecución en tu laptop?","¿Cuántos días a la semana utilizas software de ingeniería o programación en tu laptop durante una semana académica?","¿Cuántos programas o aplicaciones sueles tener abiertas en simultáneo mientras estudias?","¿Cómo evalúas la fluidez general de tu laptop al ejecutar tus tareas y programas académicos?","En la última semana, ¿Cuántas veces tuviste que pausar o cancelar una tarea académica porque tu laptop se trabó, se reinició sola, o se cerró un programa sin que tú lo quisieras? (da un número aproximado)","¿Cuál es la principal causa de esas interrupciones con la laptop?"
"2026/09/09 4:08:37 p.m. GMT-5","Grupo 7","Ingeniería Civil","4","6","13.55","3 (Neutral)","ROG Zephyrus G14 (2025) GA403","ASUS","Laptop convencional","1","14.0""","Sí","AMD","Gama Alta (Intel Core i7/i9, Core Ultra 7/9, AMD Ryzen 7/9, Apple Pro/Max)","32","NVIDIA GeForce RTX 5070Ti Laptop GPU","Unidad de Estado Sólido (SSD)","11.9","Microsoft Edge;Mozilla Firefox;Spotify;WhatsApp;Discord;Steam;Minecraft;Counter-Strike 2;EA Sports FC","RStudio;AutoCAD;Microsoft Word;Microsoft Excel;Microsoft PowerPoint;Zoom","125","5","5","5","3.5","390","1","Ninguno","2","5","5","0","No experimento interrupciones con mi laptop"
"2026/09/09 4:10:44 p.m. GMT-5","Grupo 7","Ingeniería Civil","10","1","15.2","3 (Neutral)","ASUS TUF Dash F15 FX516LA","ASUS","Laptop convencional","3","15.6""","Sí","Intel","Gama Alta (Intel Core i7/i9, Core Ultra 7/9, AMD Ryzen 7/9, Apple Pro/Max)","40","NVIDIA GeForce RTX 3060 Laptop GPU","Unidad de Estado Sólido (SSD)","21.4","Google Chrome;Microsoft Edge;Spotify;WhatsApp;Discord;Steam;Epic Games Launcher;Valorant;Counter-Strike 2;Fortnite","Visual Studio Code;PyCharm;MATLAB;AutoCAD;Microsoft Word;Microsoft Excel;Microsoft PowerPoint;Adobe Acrobat Reader;Microsoft Teams;Zoom","2","1","1","4","5","130","La mantengo conectada","Autodesk (Fusion 360, AutoCAD, Revit)","5","6","4","1","Cierre intempestivo de programas"
"2026/09/09 4:38:51 p.m. GMT-5","Grupo 5 ⭐","Ingeniería Química","4","7","15","3 (Neutral)","Asus gaming tuf ","ASUS","Laptop convencional","2","15.6""","Sí","Intel(R)","Gama Media (Intel Core i5, Core Ultra 5, AMD Ryzen 5, Apple M1/M2/M3 base)","12 ","Nvidia","Unidad de Estado Sólido (SSD)","8","Google Chrome;Spotify;WhatsApp;Discord;Steam;Minecraft;Valorant;League of Legends;Counter-Strike 2;Dota 2;Fortnite;Roblox;GTA V;EA Sports FC","Visual Studio Code;Visual Studio;PyCharm;MATLAB;GeoGebra;AutoCAD","50","5","4","4","2","2","3","Simuladores de electrónica (Proteus, Multisim, LTspice)","4","8","3","3","Saturación de RAM / Ralentización"
"2026/09/09 4:44:09 p.m. GMT-5","Grupo 2","Ciencias de la Computación","2","7","17","5 (Muy satisfecho)","ASUS TUF Dash F15 FX517ZC","ASUS","Laptop convencional","2","14.0""","Sí","12th Gen Intel(R) Core(TM) i5-12450H","Gama Media (Intel Core i5, Core Ultra 5, AMD Ryzen 5, Apple M1/M2/M3 base)","16","NVIDIA GeForce RTX 3050 Laptop GPU","Unidad de Estado Sólido (SSD)","1.5","Google Chrome;Microsoft Edge;Spotify;WhatsApp;Discord;Steam;Epic Games Launcher;Minecraft","Visual Studio Code;Visual Studio;IntelliJ IDEA;PyCharm;MATLAB;RStudio;Microsoft Word;Microsoft Excel;Microsoft PowerPoint;Microsoft OneNote;Adobe Acrobat Reader;Microsoft Teams;Zoom","60","5","2","5","3.5","120","2","MATLAB, Python / Entornos IDE (VS Code, PyCharm)","3","3","5","1","Agotamiento acelerado de batería"
"2026/09/09 5:18:22 p.m. GMT-5","Grupo 7","Ingeniería Civil","6","6","13.1","3 (Neutral)","asus tuf gaming f16","ASUS","Laptop convencional","1","16"" o mayor","Sí","inte(r) core(TM) i7 14650HX","Gama Alta (Intel Core i7/i9, Core Ultra 7/9, AMD Ryzen 7/9, Apple Pro/Max)","32","intel(R) UHD Graphics","Unidad de Estado Sólido (SSD)","13.9","Google Chrome;Microsoft Edge;Spotify;WhatsApp;Discord;Steam;Epic Games Launcher;Minecraft;Roblox","PyCharm;MATLAB;AutoCAD;Autodesk Inventor;Microsoft Word;Microsoft Excel;Microsoft PowerPoint;Microsoft OneNote;Zoom","2","6","4","5","9","300","2","Ninguno","1","4","5","0","No experimento interrupciones con mi laptop"
"2026/09/09 5:32:44 p.m. GMT-5","Grupo 7","Ingeniería Civil","4","6","14.7","3 (Neutral)","Msi","MSI","Laptop convencional","1","14.0""","Sí","Intel core","Gama Alta (Intel Core i7/i9, Core Ultra 7/9, AMD Ryzen 7/9, Apple Pro/Max)","16","Nvidia 4050","Unidad de Estado Sólido (SSD)","5.6","Google Chrome;Spotify;WhatsApp;Discord;Steam;Valorant;EA Sports FC","AutoCAD;Microsoft Word;Microsoft Excel;Microsoft PowerPoint;Zoom","60","3","2","4","4","160","La mantengo conectada","Ninguno","4","2","4","0","No experimento interrupciones con mi laptop"
"2026/09/09 5:36:21 p.m. GMT-5","Grupo 7","Ingeniería Civil","4","5","14.9","3 (Neutral)","Alienware m15 R7","Dell","Laptop convencional","2","15.6""","Sí","AMD ryzen 7 6800H","Gama Alta (Intel Core i7/i9, Core Ultra 7/9, AMD Ryzen 7/9, Apple Pro/Max)","16 ","NVIDIA GeForce RTX 3050 Ti","Unidad de Estado Sólido (SSD)","10","Microsoft Edge;Spotify;Discord;Epic Games Launcher;Valorant;Fortnite","AutoCAD;Microsoft Word;Microsoft Excel;Microsoft PowerPoint;Zoom","120 ","4","2","4","3.5","150","La mantengo conectada","Autodesk (Fusion 360, AutoCAD, Revit)","1","3","4","0","Agotamiento acelerado de batería"
"2026/09/09 5:38:30 p.m. GMT-5","Grupo 5 ⭐","Bioingeniería","3","6","12.6","1 (Muy insatisfecho)","Dell inspiron 14","Dell","Laptop convencional","3","14.0""","Sí","Ryzen","Gama Media (Intel Core i5, Core Ultra 5, AMD Ryzen 5, Apple M1/M2/M3 base)","16","Gráficos integrados ","Unidad de Estado Sólido (SSD)","10","Google Chrome;Microsoft Edge;Spotify;WhatsApp;Discord;Steam;Epic Games Launcher;Minecraft;Valorant","PyCharm;MATLAB;RStudio;GeoGebra;Microsoft Word;Microsoft Excel;Microsoft OneNote;Zoom","30 ","0","5","4","3","120","1","Ninguno","0","2","4","0","No experimento interrupciones con mi laptop"
"2026/09/09 5:43:26 p.m. GMT-5","Grupo 2","Bioingeniería","7","4","15.3","5 (Muy satisfecho)","Acer Nitro 5","ASUS","Laptop convencional","4","14.0""","No","Intel Core i7","Gama Media (Intel Core i5, Core Ultra 5, AMD Ryzen 5, Apple M1/M2/M3 base)","32","Integrada","Disco Duro Mecánico (HDD)","7.1","Google Chrome;Microsoft Edge;Spotify;Steam","PyCharm;Microsoft Word;Microsoft Excel;Zoom","78","6","2","4","3.7","197","1","Navegador web (Múltiples pestañas de estudio abiertas)","5","5","4","1","No experimento interrupciones con mi laptop"
"2026/09/09 5:47:06 p.m. GMT-5","Grupo 2","Ingeniería Civil","7","3","14.9","5 (Muy satisfecho)","Lenovo IdeaPad 3","HP","Laptop convencional","2","14.0""","No","Intel Core i7","Gama Media (Intel Core i5, Core Ultra 5, AMD Ryzen 5, Apple M1/M2/M3 base)","8","AMD Radeon","Unidad de Estado Sólido (SSD)","5.6","Google Chrome;Microsoft Edge;WhatsApp;Steam","Microsoft Word;Microsoft Excel;Zoom","116","4","4","3","2.1","117","1","Ninguno","4","7","3","2","Saturación de RAM / Ralentización"
"2026/09/09 5:51:10 p.m. GMT-5","Grupo 7","Ingeniería Civil","4","7","15.6","4 (Satisfecho)","LOQ 15IAX9","Lenovo","Laptop convencional","1","14.0""","Sí","12th Gen Intel(R) Core(TM) i5-12450HX","Gama Media (Intel Core i5, Core Ultra 5, AMD Ryzen 5, Apple M1/M2/M3 base)","16","Intel(R) UHD Graphics","Unidad de Estado Sólido (SSD)","7.1","Google Chrome;Microsoft Edge;WhatsApp;Discord;Steam;Epic Games Launcher;Minecraft;League of Legends","GeoGebra;AutoCAD;Microsoft Word;Microsoft Excel;Adobe Acrobat Reader;Zoom","30","5","5","4","4","180","La mantengo conectada","Navegador web (Múltiples pestañas de estudio abiertas)","1","2","3","0","No experimento interrupciones con mi laptop"
"2026/09/09 6:07:30 p.m. GMT-5","Grupo 7","Ciencias de la Computación","4","5","16.43","4 (Satisfecho)","Lenovo IdeaPad slim 3i","Lenovo","Laptop convencional","1","14.0""","Sí","13th Gen Intel(R) Core(TM) i7-13620H","Gama Alta (Intel Core i7/i9, Core Ultra 7/9, AMD Ryzen 7/9, Apple Pro/Max)","16","Intel(R) UHD Graphics","Unidad de Estado Sólido (SSD)","3.8","Google Chrome;Spotify;Discord;Minecraft;Roblox","Visual Studio Code;IntelliJ IDEA;Zoom","40","5","4","5","2.5","150","2","MATLAB, Python / Entornos IDE (VS Code, PyCharm)","4","3","4","0","No experimento interrupciones con mi laptop"
"2026/09/09 6:46:26 p.m. GMT-5","Grupo 7","Ingeniería Civil","4","5","15","1 (Muy insatisfecho)","LENOVO LOQ RYZEN 7  4060","Lenovo","Otro","1","15.6""","Sí","NVIDIA GeForce RTX 4060 Laptop GPU ","Gama Alta (Intel Core i7/i9, Core Ultra 7/9, AMD Ryzen 7/9, Apple Pro/Max)","24 "," GPU 0 ","Unidad de Estado Sólido (SSD)","17.3","Google Chrome;Microsoft Edge;WhatsApp;Steam;Dota 2;Roblox;GTA V","PyCharm;Eclipse;GeoGebra;AutoCAD;Microsoft Word;Microsoft Excel;Microsoft PowerPoint;Microsoft OneNote;Microsoft Teams;Zoom","240","5","5","5","4","240","1","Ninguno","3","4","5","0","No experimento interrupciones con mi laptop"
"2026/09/09 6:57:19 p.m. GMT-5","Grupo 7","Ingeniería Civil","4","4","14","1 (Muy insatisfecho)","ASUS TUF A16","ASUS","Otro","1 ","16"" o mayor","Sí","ryzen","Gama Alta (Intel Core i7/i9, Core Ultra 7/9, AMD Ryzen 7/9, Apple Pro/Max)","32","5070","Disco Duro Mecánico (HDD)","32","Google Chrome;Microsoft Edge;Mozilla Firefox;Spotify;WhatsApp;Discord;Steam;Epic Games Launcher;Minecraft;Counter-Strike 2;Fortnite;Roblox","PyCharm;MATLAB;RStudio;GeoGebra;AutoCAD;Microsoft Word;Microsoft Excel;Microsoft PowerPoint;Zoom","30","2","3","4","4","150","2","Ninguno","2","1","4","1","No experimento interrupciones con mi laptop"
"2026/09/09 10:59:49 p.m. GMT-5","Grupo 5 ⭐","Ingeniería Electrónica","3","5","13.5","4 (Satisfecho)","Dell inspiron","Dell","Laptop convencional","1","14.0""","No","Intel core i5","Gama Media (Intel Core i5, Core Ultra 5, AMD Ryzen 5, Apple M1/M2/M3 base)","8","No posee gráfica ","Unidad de Estado Sólido (SSD)","1.3","Spotify;Discord;Steam;Minecraft","Visual Studio;PyCharm;MATLAB;GeoGebra;AutoCAD;Microsoft Word;Microsoft Excel;Microsoft PowerPoint;Microsoft OneNote;Adobe Acrobat Reader;Zoom","30","5","3","4","4","5","2","Navegador web (Múltiples pestañas de estudio abiertas)","4","3","4","0","Sobrecalentamiento térmico del equipo"
"2026/09/10 8:16:51 a.m. GMT-5","Grupo 6","Ciencias de la Computación","6","6","14","3 (Neutral)","HP Victus 15-fa1093dx","HP","Laptop convencional","4","14.0""","Sí","Intel","Gama Alta (Intel Core i7/i9, Core Ultra 7/9, AMD Ryzen 7/9, Apple Pro/Max)","16","NVIDIA GeForce RTX 3060 Laptop GPU","Unidad de Estado Sólido (SSD)","180","Google Chrome;Microsoft Edge;Spotify;WhatsApp;Discord;Steam;Epic Games Launcher;Minecraft;Valorant;League of Legends;Counter-Strike 2;Dota 2;Fortnite;Roblox;GTA V;EA Sports FC","Visual Studio Code;Visual Studio;IntelliJ IDEA;PyCharm;Jupyter Notebook;MATLAB;RStudio;Microsoft Word;Microsoft Excel;Microsoft PowerPoint;Microsoft OneNote;Adobe Acrobat Reader;Zoom","35","5","3","3","3","150","3","Autodesk (Fusion 360, AutoCAD, Revit)","4","3","3","1","Agotamiento acelerado de batería"
"2026/09/10 8:23:34 a.m. GMT-5","Grupo 6","Ingeniería Electrónica","4","6","16.56","5 (Muy satisfecho)","Lenovo K14 Gen 1","Lenovo","Laptop convencional","1","13.3"" o menor","No","AMD","Gama Baja (Intel Core i3, AMD Ryzen 3, Celeron, Pentium)","8","Integrada","Unidad de Estado Sólido (SSD)","1.7","Discord;Steam","MATLAB;Zoom","30","5","4","4","2","150","1","Otro","2","3","5","0","No experimento interrupciones con mi laptop"
"2026/09/10 8:29:15 a.m. GMT-5","Grupo 6","Sistemas de Información","6","5","14.8","3 (Neutral)","Lenovo Ideapad 5","Lenovo","Laptop convencional","2","14.0""","No","12th Gen Intel(R) Core(TM)I5","Gama Media (Intel Core i5, Core Ultra 5, AMD Ryzen 5, Apple M1/M2/M3 base)","16","No tengo","Unidad de Estado Sólido (SSD)","5.6","Google Chrome;Microsoft Edge;Mozilla Firefox;Spotify;WhatsApp;Discord;Steam;Minecraft","Visual Studio Code;IntelliJ IDEA;MATLAB","60","5","4","5","2","150","2","MATLAB, Python / Entornos IDE (VS Code, PyCharm)","5","3","4","0","Saturación de RAM / Ralentización"
"2026/09/10 8:32:12 a.m. GMT-5","Grupo 5 ⭐","Ciencias de la Computación","2","7","16","2 (Insatisfecho)","Lenovo IDEAPAD Slim 3i 83K1","Lenovo","Laptop convencional","1","15.6""","No","13th Gen Intel(R) Core(TM) i7-13620H","Gama Alta (Intel Core i7/i9, Core Ultra 7/9, AMD Ryzen 7/9, Apple Pro/Max)","24","Intel UHD Graphics ","Unidad de Estado Sólido (SSD)","14.3","Google Chrome;Microsoft Edge;Mozilla Firefox;Discord;Valorant;Roblox","Visual Studio Code","45","5","3","4","4","150","La mantengo conectada","Ninguno","5","3","5","0","No experimento interrupciones con mi laptop"
"2026/09/10 9:05:48 a.m. GMT-5","Grupo 5 ⭐","Ingeniería Ambiental","3","6","14.7","2 (Insatisfecho)","MacBook Air 8","Apple (MacBook)","Laptop convencional","5","14.0""","Sí","Intel","Gama Baja (Intel Core i3, AMD Ryzen 3, Celeron, Pentium)","8","Integrada ","Disco Duro Mecánico (HDD)","8","Discord","PyCharm;RStudio;Microsoft Word;Microsoft Excel;Zoom","60","Todos los dias","4","5","2","220","1","Autodesk (Fusion 360, AutoCAD, Revit)","1","4","4","0","Sobrecalentamiento térmico del equipo"
"2026/09/10 9:15:52 a.m. GMT-5","Grupo 6","Ciencias de la Computación","7","4","14.1","3 (Neutral)","Dell Latitude 3420","Dell","Laptop convencional","3","14.0""","No","11th Gen Intel(R) Core(TM) i5-1135G7 @ 2.40GHz","Gama Media (Intel Core i5, Core Ultra 5, AMD Ryzen 5, Apple M1/M2/M3 base)","16","Integrada","Unidad de Estado Sólido (SSD)","3.1","Google Chrome;Microsoft Edge;Spotify;WhatsApp;Discord;Steam;Epic Games Launcher;Minecraft;Counter-Strike 2;Fortnite;Roblox","Visual Studio Code;Visual Studio;IntelliJ IDEA;PyCharm;MATLAB;RStudio;GeoGebra;Microsoft Word;Microsoft Excel;Microsoft PowerPoint;Microsoft OneNote;Adobe Acrobat Reader;Microsoft Teams;Zoom","100","5","5","5","8","120","La mantengo conectada","Ninguno","5","7","4","0","No experimento interrupciones con mi laptop"
"2026/09/10 9:34:03 a.m. GMT-5","Grupo 6","Ingeniería Civil","9","5","16.75","3 (Neutral)","HP Victus 16-d0xxx","HP","Laptop convencional","5","16"" o mayor","Sí","11th Gen Intel(R) Core(TM) i5-11400H @ 2.70GHz","Gama Media (Intel Core i5, Core Ultra 5, AMD Ryzen 5, Apple M1/M2/M3 base)","8","NVIDIA GeForce GTX 1650","Unidad de Estado Sólido (SSD)","0.7","Google Chrome;Microsoft Edge;Mozilla Firefox;Spotify;WhatsApp;Minecraft","Visual Studio Code;AutoCAD;Microsoft Word;Microsoft Excel;Adobe Acrobat Reader;Zoom","60","3","1","1","4","60","3","Navegador web (Múltiples pestañas de estudio abiertas)","2","2","1","5","Saturación de RAM / Ralentización"
"2026/09/10 9:38:42 a.m. GMT-5","Grupo 3","Ingeniería de la Energía","3","6","15","1 (Muy insatisfecho)","Hp victus","HP","Laptop convencional","1","15.6""","Sí","AMD Ryzen 5 8645HS w/Radeon 760 Graphics","Gama Media (Intel Core i5, Core Ultra 5, AMD Ryzen 5, Apple M1/M2/M3 base)","8","NVIDIA GeForce Rtx 3050","Unidad de Estado Sólido (SSD)","560","Google Chrome;Microsoft Edge;Spotify;WhatsApp","Visual Studio Code;PyCharm;Microsoft Word;Microsoft Excel;Microsoft PowerPoint;Zoom","30","0","5","5","3","250","1","Otro","0","3","5","0","No experimento interrupciones con mi laptop"
"2026/09/10 9:45:23 a.m. GMT-5","Grupo 3","Ingeniería Mecatrónica","2","8","18.25","3 (Neutral)","ROG Zephyrus G16","ASUS","Laptop convencional","1","16"" o mayor","Sí","Core Ultra 9","Gama Alta (Intel Core i7/i9, Core Ultra 7/9, AMD Ryzen 7/9, Apple Pro/Max)","32","NVIDIA GeForce RTX 5080","Unidad de Estado Sólido (SSD)","15.3","Google Chrome;Microsoft Edge;WhatsApp;Discord;Steam","Visual Studio;PyCharm;MATLAB;AutoCAD;Autodesk Inventor;Microsoft Word;Microsoft Excel;Microsoft PowerPoint;Zoom","30","3","3","5","5","300","1","Ninguno","3","5","5","0","No experimento interrupciones con mi laptop"
"2026/09/10 9:48:28 a.m. GMT-5","Grupo 3","Bioingeniería","7","5","14.2","4 (Satisfecho)","Hp Pavilion 15","HP","Laptop convencional","2","15.6""","Sí","12 Gen Intel(R) Core i7","Gama Alta (Intel Core i7/i9, Core Ultra 7/9, AMD Ryzen 7/9, Apple Pro/Max)","16","Intel iris Xe max","Unidad de Estado Sólido (SSD)","12","Google Chrome;Microsoft Edge;Spotify;Discord;Steam;Epic Games Launcher;Minecraft;Fortnite","Visual Studio;MATLAB;RStudio;AutoCAD;Microsoft Word;Microsoft Excel;Microsoft PowerPoint;Zoom","240","4","4","5","2","90","La mantengo conectada","MATLAB, Python / Entornos IDE (VS Code, PyCharm)","4","9","4","0","No experimento interrupciones con mi laptop"
"2026/09/10 9:52:35 a.m. GMT-5","Grupo 3","Ciencias de la Computación","1","5","13","1 (Muy insatisfecho)","LG victus ","Otra","Laptop convencional","1","14.0""","Sí","intel core I7 de 13va generación","Gama Alta (Intel Core i7/i9, Core Ultra 7/9, AMD Ryzen 7/9, Apple Pro/Max)","16","nvidia rtx 4060","Unidad de Estado Sólido (SSD)","7","Mozilla Firefox;Spotify;WhatsApp;Discord;Steam;Epic Games Launcher;Minecraft;Counter-Strike 2;EA Sports FC","Visual Studio Code;Visual Studio;PyCharm;Microsoft Word;Microsoft Excel;Microsoft PowerPoint;Microsoft OneNote;Adobe Acrobat Reader;Zoom","30 ","3","5","4","3","190","La mantengo conectada","MATLAB, Python / Entornos IDE (VS Code, PyCharm)","2","4","5","0","No experimento interrupciones con mi laptop"
"2026/09/10 9:54:36 a.m. GMT-5","Grupo 6","Ingeniería Mecatrónica","4","4","13","2 (Insatisfecho)","ASUS TUF Gaming F16 FX607VU_FX607VU","ASUS","Laptop convencional","1","16"" o mayor","Sí","13th Gen Intel(R) Core(TM) i7 - 13620H","Gama Alta (Intel Core i7/i9, Core Ultra 7/9, AMD Ryzen 7/9, Apple Pro/Max)","16","NVIDIA GeForce RTX 4050 Laptop GPU","Unidad de Estado Sólido (SSD)","7.6","Google Chrome;Microsoft Edge;Spotify;WhatsApp;Discord;Roblox","PyCharm;Microsoft Word;Microsoft PowerPoint;Zoom","120","7","4","4","4","120","3","Ninguno","3","4","4","2","Saturación de RAM / Ralentización"
"2026/09/10 9:56:01 a.m. GMT-5","Grupo 5 ⭐","Ciberseguridad","16","10","19.99999999","3 (Neutral)","Alcatel 0.1 Lite ","Otra","Otro","200","13.3"" o menor","No","Ñyzen","No lo sé","-6","GPU -40","Disco Duro Mecánico (HDD)","0.1","GTA V","GeoGebra","000002","9","5","5","000.1","2","Más de 3","Otro","2","2","2","2","No experimento interrupciones con mi laptop"
"2026/09/10 10:01:26 a.m. GMT-5","Grupo 3","Ciencias de la Computación","2","6","16.2","4 (Satisfecho)","ASUS TUF GAMING A15 FA507XV","ASUS","Laptop convencional","2","15.6""","Sí","AMD Ryzen 9 7940HS w/ Radeon 780M Graphics","Gama Alta (Intel Core i7/i9, Core Ultra 7/9, AMD Ryzen 7/9, Apple Pro/Max)","32","NVIDIA GeForce RTX 4070 Laptop GPU","Unidad de Estado Sólido (SSD)","25.9","Google Chrome;Steam;Epic Games Launcher;Minecraft","PyCharm;MATLAB;AutoCAD;Microsoft Word;Microsoft Excel;Microsoft PowerPoint;Zoom","30","5","3","5","1","150","1","Ninguno","1","3","5","0","No experimento interrupciones con mi laptop"
"2026/09/10 10:02:57 a.m. GMT-5","Grupo 5 ⭐","Ingeniería Mecánica","3","6","16","3 (Neutral)","DESKTOP-D7LV53A","Lenovo","Laptop convencional","1","15.6""","Sí","Ryzen 7","Gama Alta (Intel Core i7/i9, Core Ultra 7/9, AMD Ryzen 7/9, Apple Pro/Max)","24","NVIDIA GeForce RTX 4050","Unidad de Estado Sólido (SSD)","16","Google Chrome;Microsoft Edge;Spotify;WhatsApp;Discord;Steam;Minecraft;Valorant;Counter-Strike 2;GTA V;EA Sports FC","Visual Studio Code;Visual Studio;IntelliJ IDEA;PyCharm;Android Studio;Eclipse;Jupyter Notebook;MATLAB;RStudio;Wolfram Mathematica;GeoGebra;SPSS;AutoCAD;SolidWorks;Autodesk Inventor;ArcGIS;Microsoft Word;Microsoft Excel;Microsoft PowerPoint;Microsoft OneNote;Adobe Acrobat Reader;Microsoft Teams;Zoom","180","4","5","5","2","240","Más de 3","Ninguno","5","4","5","0","No experimento interrupciones con mi laptop"
"2026/09/10 10:10:31 a.m. GMT-5","Grupo 5 ⭐","Ingeniería Electrónica","3","6","15","2 (Insatisfecho)","LENOVO_MT_83JC_BU_idea_FM_LOQ 15ARP9","Lenovo","Laptop convencional","1","15.6""","Sí","AMD Ryzen 7 7435HS   	","Gama Alta (Intel Core i7/i9, Core Ultra 7/9, AMD Ryzen 7/9, Apple Pro/Max)","24.0","NVIDIA GeForce RTX 4060 Laptop GPU  	","Unidad de Estado Sólido (SSD)","9.8","Google Chrome;Microsoft Edge;Steam;Epic Games Launcher;Minecraft","PyCharm;RStudio;GeoGebra;SPSS;AutoCAD;Microsoft Word;Microsoft Excel;Zoom","2","1","5","5","2","180","La mantengo conectada","Ninguno","5","5","5","0","No experimento interrupciones con mi laptop"
"2026/09/10 10:14:56 a.m. GMT-5","Grupo 3","Ingeniería Mecatrónica","3","6","12.6","2 (Insatisfecho)","LOQ 15ARP9 - Type 83JC ","Lenovo","Laptop convencional","1","15.6""","Sí","AMD Ryzen ","Gama Alta (Intel Core i7/i9, Core Ultra 7/9, AMD Ryzen 7/9, Apple Pro/Max)","24","NVIDIA GeForce RTX 4050","Unidad de Estado Sólido (SSD)","10.00","Google Chrome;Microsoft Edge;WhatsApp;Discord;Steam;Minecraft;Roblox","PyCharm;MATLAB;GeoGebra;Microsoft Word;Microsoft Excel;Microsoft PowerPoint;Adobe Acrobat Reader;Microsoft Teams;Zoom","40","4","4","4","1.5","120","2","Navegador web (Múltiples pestañas de estudio abiertas)","3","6","4","0","No experimento interrupciones con mi laptop"
"2026/09/10 10:18:11 a.m. GMT-5","Grupo 3","Ingeniería Civil","9","5","14.3","4 (Satisfecho)","Msi gaming","MSI","Laptop convencional","4","15.6""","Sí","Cpu","Gama Media (Intel Core i5, Core Ultra 5, AMD Ryzen 5, Apple M1/M2/M3 base)","24","Nvidia","Unidad de Estado Sólido (SSD)","14","Google Chrome;Microsoft Edge;Spotify;WhatsApp;Discord;Steam","MATLAB;AutoCAD;Microsoft Word;Microsoft Excel;Zoom","120","3","3","4","4","180","La mantengo conectada","Autodesk (Fusion 360, AutoCAD, Revit)","4","5","4","0","No experimento interrupciones con mi laptop"
"2026/09/10 10:18:45 a.m. GMT-5","Grupo 3","Ingeniería de la Energía","3","6","16.43","3 (Neutral)","Victus by HP Gaming Laptop 15-fb2xxx","HP","Laptop convencional","1","15.6""","Sí","AMD","Gama Media (Intel Core i5, Core Ultra 5, AMD Ryzen 5, Apple M1/M2/M3 base)","16","NVIDIA GeForce RTX 3050","Unidad de Estado Sólido (SSD)","5.1","Google Chrome;Spotify","PyCharm;RStudio;GeoGebra;Microsoft Word;Microsoft Excel;Microsoft Teams;Zoom","100","5","4","4","3","100","2","Autodesk (Fusion 360, AutoCAD, Revit)","2","5","3","2","Agotamiento acelerado de batería"
"2026/09/10 10:19:51 a.m. GMT-5","Grupo 3","Ingeniería Mecatrónica","9","4","15.5","3 (Neutral)","HP Laptop 15-ef1xxx","HP","Laptop convencional","5","13.3"" o menor","No","AMD Ryzen 5 5400U whith Radeon Graphics","Gama Media (Intel Core i5, Core Ultra 5, AMD Ryzen 5, Apple M1/M2/M3 base)","8","AMD Radeon(TM) Graphics","Unidad de Estado Sólido (SSD)","0.775","Google Chrome;WhatsApp;Epic Games Launcher;Minecraft","PyCharm;MATLAB;AutoCAD;Microsoft Word;Microsoft Excel;Microsoft PowerPoint;Microsoft OneNote;Adobe Acrobat Reader;Microsoft Teams;Zoom","120","3","4","4","12","120","2","Autodesk (Fusion 360, AutoCAD, Revit)","1","5","3","0","Saturación de RAM / Ralentización"
"2026/09/10 10:26:21 a.m. GMT-5","Grupo 3","Ingeniería Mecatrónica","9","4","14.7","3 (Neutral)","Nitro AN515-57","Acer","Laptop convencional","4","15.6""","Sí","11th Gen Intel(R) Core(TM) i5-11400H @ 2.70GHz","Gama Media (Intel Core i5, Core Ultra 5, AMD Ryzen 5, Apple M1/M2/M3 base)","24.0 ","NVIDIA GeForce RTX 3050 Laptop GPU","Unidad de Estado Sólido (SSD)","8","Google Chrome;Microsoft Edge;Spotify;WhatsApp;Discord;Steam;Counter-Strike 2","Visual Studio Code;Visual Studio;PyCharm;MATLAB;RStudio;AutoCAD;Autodesk Inventor;Microsoft Word;Microsoft Excel;Microsoft PowerPoint;Microsoft OneNote;Microsoft Teams;Zoom","50","2","4","4","8.0","100","La mantengo conectada","Autodesk (Fusion 360, AutoCAD, Revit)","3","3","3","1","Saturación de RAM / Ralentización"
"2026/09/10 10:27:17 a.m. GMT-5","Grupo 3","Ingeniería Mecatrónica","9","7","14","3 (Neutral)","Acer nitro 5","Acer","Laptop convencional","5","15.6""","Sí","Intel ","Gama Media (Intel Core i5, Core Ultra 5, AMD Ryzen 5, Apple M1/M2/M3 base)","8","GTX 1650","Unidad de Estado Sólido (SSD)","7.6","Google Chrome;Spotify;Steam;Epic Games Launcher;Dota 2","MATLAB;AutoCAD;Autodesk Inventor;Microsoft Word;Microsoft Excel;Zoom","300","5","3","3","8","2","2","Autodesk (Fusion 360, AutoCAD, Revit)","3","3","4","0","No experimento interrupciones con mi laptop"
"2026/09/10 10:27:56 a.m. GMT-5","Grupo 3","Ingeniería Mecatrónica","9","4","16","2 (Insatisfecho)","Asus TUF 15 Gaming","ASUS","Laptop convencional","1","15.6""","Sí","Intel","Gama Media (Intel Core i5, Core Ultra 5, AMD Ryzen 5, Apple M1/M2/M3 base)","16","NVIDIA GeForce RTX 3050","Unidad de Estado Sólido (SSD)","10.5","Mozilla Firefox;Spotify;WhatsApp;Steam;Epic Games Launcher;EA Sports FC","Visual Studio Code;PyCharm;MATLAB;RStudio;Autodesk Inventor;Microsoft Excel;Microsoft PowerPoint;Microsoft Teams","420","1","2","5","7","123","2","MATLAB, Python / Entornos IDE (VS Code, PyCharm)","3","4","4","0","No experimento interrupciones con mi laptop"
"2026/09/10 10:30:32 a.m. GMT-5","Grupo 3","Ingeniería Mecatrónica","9","5","15.6","3 (Neutral)","Legion pro 5 irx9","Lenovo","Laptop convencional","2","16"" o mayor","Sí","Intel ","Gama Alta (Intel Core i7/i9, Core Ultra 7/9, AMD Ryzen 7/9, Apple Pro/Max)","16","NVIDIA GeForce RTX 4060 Laptop GPU","Unidad de Estado Sólido (SSD)","7.6","Google Chrome;Spotify;WhatsApp;Minecraft","Visual Studio Code;MATLAB;Autodesk Inventor;Microsoft Word;Microsoft OneNote;Adobe Acrobat Reader","180","3","2","5","4","180","3","Ninguno","3","4","4","0","No experimento interrupciones con mi laptop"
"2026/09/10 10:35:40 a.m. GMT-5","Grupo 3","Ingeniería Mecatrónica","9","5","14.9","2 (Insatisfecho)","Hp elite book 850 G3","HP","Laptop convencional","8","15.6""","No","Intel core i5 6300","Gama Media (Intel Core i5, Core Ultra 5, AMD Ryzen 5, Apple M1/M2/M3 base)","16","Intel graphics 520","Disco Duro Mecánico (HDD)","10.3","Google Chrome;Mozilla Firefox","Visual Studio Code;PyCharm;MATLAB;RStudio;Wolfram Mathematica;GeoGebra;Autodesk Inventor;Microsoft Word;Microsoft Excel;Microsoft PowerPoint;Adobe Acrobat Reader;Zoom","50","5","2","2","2","120","La mantengo conectada","Autodesk (Fusion 360, AutoCAD, Revit)","5","3","3","2","Saturación de RAM / Ralentización"
"2026/09/10 10:40:44 a.m. GMT-5","Grupo 3","Ingeniería Mecatrónica","9","4","15.43","4 (Satisfecho)","Windows","ASUS","Convertible 2 en 1 (Pantalla táctil/giratoria 360°)","2","15.6""","Sí","Intel","Gama Alta (Intel Core i7/i9, Core Ultra 7/9, AMD Ryzen 7/9, Apple Pro/Max)","8","NVIDIA GeForce RTX 5060 Laptop GPU","Unidad de Estado Sólido (SSD)","6","Google Chrome;Microsoft Edge;WhatsApp;Steam","Visual Studio Code;PyCharm;Jupyter Notebook;MATLAB;RStudio;GeoGebra;AutoCAD;SolidWorks;Autodesk Inventor;Microsoft Word;Microsoft Excel;Microsoft PowerPoint;Microsoft OneNote;Microsoft Teams;Zoom","180","3","5","5","4","120","2","Ninguno","4","5","5","0","Sobrecalentamiento térmico del equipo"
"2026/09/10 10:48:43 a.m. GMT-5","Grupo 3","Ingeniería Mecatrónica","9","6","15.6","4 (Satisfecho)","Lenovo IdeaPad 3 15ALC6","Lenovo","Laptop convencional","4","15.6""","Sí","AMD","Gama Alta (Intel Core i7/i9, Core Ultra 7/9, AMD Ryzen 7/9, Apple Pro/Max)","16","NVIDIA GeForce RTX 3050 Ti Laptop GPU","Unidad de Estado Sólido (SSD)","3.6","Google Chrome;Microsoft Edge;Spotify;WhatsApp;Discord;Steam;Counter-Strike 2","MATLAB;Autodesk Inventor;Microsoft Word;Microsoft Excel;Microsoft PowerPoint;Zoom","2","5","2","4","4","160","2","MATLAB, Python / Entornos IDE (VS Code, PyCharm)","3","4","4","1","Saturación de RAM / Ralentización"
"2026/09/10 10:49:25 a.m. GMT-5","Grupo 3","Ingeniería Mecatrónica","9","5","15.5","3 (Neutral)","HP pavilion gaming 15","HP","Laptop convencional","4","15.6""","Sí","Ryzen 5 5600H","Gama Media (Intel Core i5, Core Ultra 5, AMD Ryzen 5, Apple M1/M2/M3 base)","8","1650","Unidad de Estado Sólido (SSD)","2","Google Chrome","Visual Studio;PyCharm;MATLAB;Autodesk Inventor;Zoom","120","2","3","3","3","120","2","Autodesk (Fusion 360, AutoCAD, Revit)","7","3","3","1","Saturación de RAM / Ralentización"
"2026/09/10 10:56:33 a.m. GMT-5","Grupo 6","Ingeniería Química","5","5","16.3","4 (Satisfecho)","Lenovo ThinkPad E14 Gen 5","Lenovo","Laptop convencional","4","16"" o mayor","No","Intel","Gama Media (Intel Core i5, Core Ultra 5, AMD Ryzen 5, Apple M1/M2/M3 base)","16 ","Intel Iris Xe","Unidad de Estado Sólido (SSD)","3.4","Google Chrome;Microsoft Edge;Mozilla Firefox;Spotify;WhatsApp;Discord;Minecraft;Roblox","Visual Studio Code;PyCharm;Jupyter Notebook;MATLAB;RStudio;Wolfram Mathematica;GeoGebra;Microsoft Word;Microsoft Excel;Microsoft PowerPoint;Microsoft OneNote;Adobe Acrobat Reader;Microsoft Teams;Zoom","120","5","4","4","3.5","150","2","Software de Análisis de Datos (RStudio, PowerBI)","3","7","3","1","Saturación de RAM / Ralentización"
"2026/09/10 11:04:53 a.m. GMT-5","Grupo 6","Ciencias de la Computación","2","6","16.1","4 (Satisfecho)","HP Laptop 15-dy2093dx","HP","Laptop convencional","3","15.6""","No","Intel","Gama Media (Intel Core i5, Core Ultra 5, AMD Ryzen 5, Apple M1/M2/M3 base)","8","Integrada (Intel Iris Xe Graphics)","Unidad de Estado Sólido (SSD)","5.2","Google Chrome;Microsoft Edge;Mozilla Firefox;Spotify;WhatsApp;Discord;Steam;Epic Games Launcher;Minecraft;League of Legends;Roblox;EA Sports FC","Visual Studio Code;Visual Studio;PyCharm;Android Studio;MATLAB;RStudio;Wolfram Mathematica;GeoGebra;Microsoft Word;Microsoft Excel;Microsoft PowerPoint;Microsoft OneNote;Adobe Acrobat Reader;Zoom","150","4","4","4","3.8","160","2","Otro","3","5","4","0","No experimento interrupciones con mi laptop"
"2026/09/10 11:07:05 a.m. GMT-5","Grupo 3","Bioingeniería","8","6","16.67","2 (Insatisfecho)","Acer Nitro 5 AN515-51","Acer","Laptop convencional","7","15.6""","Sí","Intel","Gama Media (Intel Core i5, Core Ultra 5, AMD Ryzen 5, Apple M1/M2/M3 base)","12","NVIDIA GeForce GTX 1050 Mobile","Unidad de Estado Sólido (SSD)","7.6","Mozilla Firefox;Discord;Steam","Visual Studio Code;Zoom","70","6","3","3","5.0","120","La mantengo conectada","Navegador web (Múltiples pestañas de estudio abiertas)","2","5","4","0","No experimento interrupciones con mi laptop"
"2026/09/10 11:12:10 a.m. GMT-5","Grupo 6","Bioingeniería","5","7","14","3 (Neutral)","Lenovo IdeaPad 3 15ALC6,","Lenovo","Otro","2","16"" o mayor","No","Ryzenn7 gen 6000","Gama Media (Intel Core i5, Core Ultra 5, AMD Ryzen 5, Apple M1/M2/M3 base)","3","AMD","Unidad de Estado Sólido (SSD)","16","Google Chrome;Microsoft Edge;Spotify;WhatsApp;Discord;Steam;Roblox","Visual Studio Code;IntelliJ IDEA;MATLAB;RStudio;GeoGebra;SolidWorks;Microsoft Word;Microsoft Excel;Microsoft PowerPoint;Microsoft OneNote;Adobe Acrobat Reader;Microsoft Teams;Zoom","80","5","5","3","4","180","Más de 3","MATLAB, Python / Entornos IDE (VS Code, PyCharm)","5","5","3","4","Saturación de RAM / Ralentización"
"2026/09/10 11:19:50 a.m. GMT-5","Grupo 6","Ciencias de la Computación","6","5","18.15","3 (Neutral)","Lenovo IdeaPad 1 15ALC7","Lenovo","Laptop convencional","3","15.6""","No","AMD","Gama Alta (Intel Core i7/i9, Core Ultra 7/9, AMD Ryzen 7/9, Apple Pro/Max)","16","integrada","Unidad de Estado Sólido (SSD)","4.8","Google Chrome;Microsoft Edge;Spotify;WhatsApp;Discord;Steam;Epic Games Launcher;Minecraft;Roblox;GTA V","Visual Studio Code;PyCharm;Microsoft Word;Microsoft Excel;Microsoft PowerPoint;Zoom","120","4","2","3","4","120","3","Software de Análisis de Datos (RStudio, PowerBI)","6","6","3","4","Sobrecalentamiento térmico del equipo"
"2026/09/10 11:20:44 a.m. GMT-5","Grupo 3","Ingeniería Mecatrónica","9","5","14.9374544","3 (Neutral)"," OLPC XO-1","Otra","Laptop convencional","5","13.3"" o menor","No","AMD","Gama Baja (Intel Core i3, AMD Ryzen 3, Celeron, Pentium)","0.","El OLPC XO-1 no cuenta con una tarjeta gráfica dedicada como una NVIDIA GeForce o una AMD Radeon independiente. El sistema gráfico está integrado en el propio chipset de la computadora.","Unidad de Estado Sólido (SSD)","0.25","Discord;Steam;Epic Games Launcher;Minecraft;Valorant;League of Legends;Counter-Strike 2;Dota 2;Fortnite;Roblox;GTA V;EA Sports FC","Visual Studio Code;Visual Studio;PyCharm;Android Studio;MATLAB;Wolfram Mathematica;AutoCAD;SolidWorks;Autodesk Inventor","30","0","1","1","0.29","20","La mantengo conectada","Autodesk (Fusion 360, AutoCAD, Revit)","0","0","1","100","Saturación de RAM / Ralentización"
"2026/09/10 11:24:26 a.m. GMT-5","Grupo 6","Ciencias de la Computación","6","5","17.2","4 (Satisfecho)","ASUS Vivobook 16X M1603QA","ASUS","Laptop convencional","3","16"" o mayor","No","AMD","Gama Media (Intel Core i5, Core Ultra 5, AMD Ryzen 5, Apple M1/M2/M3 base)","16","Integrada (AMD Radeon Graphics)","Unidad de Estado Sólido (SSD)","4.0","Google Chrome;Microsoft Edge;Mozilla Firefox;Spotify;WhatsApp;Epic Games Launcher;Minecraft;EA Sports FC","Visual Studio Code;Visual Studio;IntelliJ IDEA;PyCharm;Android Studio;Eclipse;Jupyter Notebook;MATLAB;RStudio;Wolfram Mathematica;GeoGebra;Microsoft Word;Microsoft Excel;Microsoft PowerPoint;Microsoft OneNote;Adobe Acrobat Reader;Microsoft Teams;Zoom","180","5","4","4","3","200","2","MATLAB, Python / Entornos IDE (VS Code, PyCharm)","4","5","4","2","Agotamiento acelerado de batería"
"2026/09/10 11:29:15 a.m. GMT-5","Grupo 6","Administración y Negocios Digitales","4","6","15.7","4 (Satisfecho)","MacBook Air M3 2024","Apple (MacBook)","Laptop convencional","3","16"" o mayor","No","Apple","Gama Media (Intel Core i5, Core Ultra 5, AMD Ryzen 5, Apple M1/M2/M3 base)","16","Integrada (Gráficos integrados en el chip Apple M3)","Unidad de Estado Sólido (SSD)","4.5","Google Chrome;Mozilla Firefox;Spotify;WhatsApp;Discord;Steam","Visual Studio Code;PyCharm;Android Studio;MATLAB;RStudio;Wolfram Mathematica;Microsoft Word;Microsoft Excel;Microsoft PowerPoint;Microsoft OneNote;Adobe Acrobat Reader;Microsoft Teams;Zoom","120","5","4","5","3","130","1","Ninguno","2","6","5","0","No experimento interrupciones con mi laptop"
"2026/09/10 11:34:59 a.m. GMT-5","Grupo 6","Ingeniería Mecatrónica","4","4","12","3 (Neutral)","Nose","Otra","Laptop convencional","67","15.6""","No","67","No lo sé","67","67","Disco Duro Mecánico (HDD)","67","Google Chrome;Discord;Steam;Minecraft;Counter-Strike 2;Roblox","Android Studio;MATLAB;Microsoft Word;Zoom","67","0","3","3","6767","67","La mantengo conectada","MATLAB, Python / Entornos IDE (VS Code, PyCharm)","3","4","3","2","No experimento interrupciones con mi laptop"
"2026/09/10 11:35:07 a.m. GMT-5","Grupo 6","Ingeniería Electrónica","7","6","16.8","4 (Satisfecho)","Dell Vostro 3430","Dell","Laptop convencional","4","15.6""","No","Intel","Gama Media (Intel Core i5, Core Ultra 5, AMD Ryzen 5, Apple M1/M2/M3 base)","16","Integrada (Intel UHD)","Unidad de Estado Sólido (SSD)","5.1","Google Chrome;Microsoft Edge;Mozilla Firefox;Spotify;WhatsApp;Discord;Steam;Epic Games Launcher;Minecraft;Valorant;League of Legends;Dota 2;Roblox","Visual Studio Code;Visual Studio;IntelliJ IDEA;PyCharm;Android Studio;Eclipse;Jupyter Notebook;MATLAB;RStudio;Wolfram Mathematica;GeoGebra;AutoCAD;Autodesk Inventor;Microsoft Word;Microsoft Excel;Microsoft PowerPoint;Microsoft OneNote;Adobe Acrobat Reader;Microsoft Teams;Zoom","210","6","4","4","4","170","3","Simuladores de electrónica (Proteus, Multisim, LTspice)","4","8","4","2","Sobrecalentamiento térmico del equipo"
"2026/09/10 11:36:34 a.m. GMT-5","Grupo 3","Ingeniería Mecatrónica","9","6","12.08","1 (Muy insatisfecho)","Victus by HP Gaming Laptop 15-fb0xxx","HP","Laptop convencional","2","15.6""","Sí","AMD Ryzen 7.5800H with Radeon Graphics","Gama Alta (Intel Core i7/i9, Core Ultra 7/9, AMD Ryzen 7/9, Apple Pro/Max)","8","AMD Radeon(TM) Graphics","Unidad de Estado Sólido (SSD)","0.88","Google Chrome;Microsoft Edge;Mozilla Firefox;WhatsApp;Discord","MATLAB;Wolfram Mathematica;AutoCAD;SolidWorks;Autodesk Inventor;Microsoft Word;Microsoft Excel;Microsoft PowerPoint;Microsoft OneNote;Zoom","120","5","4","4","8","3","La mantengo conectada","Simuladores de electrónica (Proteus, Multisim, LTspice)","2","5","4","0","No experimento interrupciones con mi laptop"
"2026/09/10 11:42:41 a.m. GMT-5","Grupo 6","Ingeniería de la Energía","8","6","16.6","4 (Satisfecho)","Acer Nitro V 15 ANV15-51","Acer","Laptop convencional","4","16"" o mayor","Sí","Intel","Gama Alta (Intel Core i7/i9, Core Ultra 7/9, AMD Ryzen 7/9, Apple Pro/Max)","16","NVIDIA GeForce RTX 3050","Unidad de Estado Sólido (SSD)","6.2","Google Chrome;Microsoft Edge;Mozilla Firefox;Spotify;WhatsApp;Steam;Minecraft;EA Sports FC","Visual Studio Code;Visual Studio;PyCharm;Android Studio;MATLAB;RStudio;Wolfram Mathematica;GeoGebra;SPSS;SolidWorks;Autodesk Inventor;ArcGIS;Microsoft Word;Microsoft Excel;Microsoft PowerPoint;Microsoft OneNote;Adobe Acrobat Reader;Microsoft Teams;Zoom","200","5","5","5","4.5","150","La mantengo conectada","Software de Análisis de Datos (RStudio, PowerBI)","3","6","4","1","Sobrecalentamiento térmico del equipo"
"2026/09/10 11:57:05 a.m. GMT-5","Grupo 6","Ciencias de la Computación","6","5","14.57","3 (Neutral)","MSI Katana 15 B13VEK","MSI","Laptop convencional","2","15.6""","Sí","13th Gen Intel(R) Core(TM) i7-13620H","Gama Alta (Intel Core i7/i9, Core Ultra 7/9, AMD Ryzen 7/9, Apple Pro/Max)","16","NVIDIA GeForce RTX 4050 Laptop GPU","Unidad de Estado Sólido (SSD)","4.4","Google Chrome;Microsoft Edge;Spotify;WhatsApp;Discord;Steam;Epic Games Launcher;Minecraft;Roblox","Visual Studio Code;IntelliJ IDEA;MATLAB;Microsoft Word;Microsoft Excel;Microsoft PowerPoint;Zoom","120","5","1","5","1","45","La mantengo conectada","MATLAB, Python / Entornos IDE (VS Code, PyCharm)","2","6","5","0","No experimento interrupciones con mi laptop"
"2026/09/10 11:58:58 a.m. GMT-5","Grupo 6","Sistemas de Información","3","5","16.4","4 (Satisfecho)","LENOVO_MT_83GS_BU_idea_FM_LOQ 15IAX9","Lenovo","Laptop convencional","1","15.6""","No","Intel","Gama Media (Intel Core i5, Core Ultra 5, AMD Ryzen 5, Apple M1/M2/M3 base)","24","NVIDIA","Unidad de Estado Sólido (SSD)","8.2","Google Chrome;Microsoft Edge;Spotify;Discord;Steam;Epic Games Launcher;Minecraft","RStudio;Zoom","120","5","1","4","3","120","La mantengo conectada","Ninguno","2","7","4","1","Cierre intempestivo de programas"
"2026/09/10 11:59:18 a.m. GMT-5","Grupo 6","Ingeniería Mecatrónica","4","5","13","3 (Neutral)","Asus tuf gaming","ASUS","Laptop convencional","3","15.6""","Sí","Asus","Gama Media (Intel Core i5, Core Ultra 5, AMD Ryzen 5, Apple M1/M2/M3 base)","16","Gtx 1050 super","Unidad de Estado Sólido (SSD)","14","Google Chrome;Microsoft Edge;Spotify;WhatsApp;Discord;Steam;Epic Games Launcher;Minecraft;Valorant;League of Legends;Counter-Strike 2;Dota 2;Fortnite;Roblox;GTA V;EA Sports FC","Visual Studio Code;PyCharm;Android Studio;MATLAB;RStudio;Wolfram Mathematica;GeoGebra;SPSS;AutoCAD;SolidWorks;Autodesk Inventor;Microsoft Word;Microsoft Excel;Microsoft PowerPoint;Microsoft Teams;Zoom","80","6","3","3","4","160","2","MATLAB, Python / Entornos IDE (VS Code, PyCharm)","5","3","3","1","No experimento interrupciones con mi laptop"
"2026/09/10 12:07:43 p.m. GMT-5","Grupo 6","Ingeniería Mecánica","4","6","15.2","5 (Muy satisfecho)","Lenovo Yoga 7 14IRL8","Lenovo","Convertible 2 en 1 (Pantalla táctil/giratoria 360°)","2","16"" o mayor","No","Intel","Gama Alta (Intel Core i7/i9, Core Ultra 7/9, AMD Ryzen 7/9, Apple Pro/Max)","16","Integrada (Intel Iris Xe Graphics)","Unidad de Estado Sólido (SSD)","7.8","Google Chrome;Microsoft Edge;Mozilla Firefox;Spotify;WhatsApp;Discord;Steam;Minecraft;EA Sports FC","Visual Studio Code;Visual Studio;PyCharm;Android Studio;Eclipse;MATLAB;RStudio;Wolfram Mathematica;GeoGebra;AutoCAD;SolidWorks;Microsoft Word;Microsoft Excel;Microsoft PowerPoint;Microsoft OneNote;Adobe Acrobat Reader;Microsoft Teams;Zoom","160","6","4","4","3","210","2","Autodesk (Fusion 360, AutoCAD, Revit)","4","7","4","1","Saturación de RAM / Ralentización"
"2026/09/10 12:11:11 p.m. GMT-5","Grupo 3","Bioingeniería","8","4","18.47","3 (Neutral)","Huawei MateBook D15","Otra","Laptop convencional","6","15.6""","No","AMD Ryzen 5 3500U","Gama Media (Intel Core i5, Core Ultra 5, AMD Ryzen 5, Apple M1/M2/M3 base)","8","AMD Radeon (TM) Vega 8 Graphics","Unidad de Estado Sólido (SSD)","1","Google Chrome;Spotify;WhatsApp;Steam;Minecraft","Visual Studio Code;PyCharm;MATLAB;RStudio;Autodesk Inventor;Microsoft Word;Microsoft Excel;Microsoft PowerPoint;Microsoft OneNote;Zoom","120","3","2","3","6","60","La mantengo conectada","MATLAB, Python / Entornos IDE (VS Code, PyCharm)","2","3","3","2","Saturación de RAM / Ralentización"
"2026/09/10 12:11:41 p.m. GMT-5","Grupo 6","Ciencia de Datos e Inteligencia Artificial","4","7","17.5","4 (Satisfecho)","Lenovo IdeaPad 3 15ALC6,","Lenovo","Laptop convencional","1","15.6""","No","Intel","Gama Media (Intel Core i5, Core Ultra 5, AMD Ryzen 5, Apple M1/M2/M3 base)","16","Intel graphics","Unidad de Estado Sólido (SSD)","5.4","Google Chrome;Spotify;WhatsApp;Discord;Steam;Epic Games Launcher;Counter-Strike 2;Fortnite;Roblox","Visual Studio Code;PyCharm;Android Studio;MATLAB;RStudio;Zoom","45","7","4","3","12","150","2","Ninguno","5","5","4","0","No experimento interrupciones con mi laptop"
"2026/09/10 12:16:13 p.m. GMT-5","Grupo 6","Sistemas de Información","5","6","16.4","4 (Satisfecho)","MSI Cyborg 15 A12VF","MSI","Laptop convencional","4","16"" o mayor","Sí","Intel","Gama Alta (Intel Core i7/i9, Core Ultra 7/9, AMD Ryzen 7/9, Apple Pro/Max)","16","GPU 1 NVIDIA GeForce RTX 4060","Unidad de Estado Sólido (SSD)","10.8","Google Chrome;Microsoft Edge;Mozilla Firefox;WhatsApp;Discord;Steam;Roblox;EA Sports FC","Visual Studio Code;Visual Studio;IntelliJ IDEA;PyCharm;Android Studio;MATLAB;RStudio;Microsoft Word;Microsoft Excel;Microsoft PowerPoint;Microsoft OneNote;Adobe Acrobat Reader;Microsoft Teams;Zoom","180","6","4","5","3.5","230","3","MATLAB, Python / Entornos IDE (VS Code, PyCharm)","5","8","4","2","Sobrecalentamiento térmico del equipo"
"2026/09/10 12:19:54 p.m. GMT-5","Grupo 3","Ingeniería Mecánica","2","6","15.9","2 (Insatisfecho)","HP Omen 15 ","HP","Laptop convencional","8","16"" o mayor","Sí","AMD Ryzen 7","Gama Alta (Intel Core i7/i9, Core Ultra 7/9, AMD Ryzen 7/9, Apple Pro/Max)","16","Nvidia GeForce GTX 1660ti","Unidad de Estado Sólido (SSD)","11","Google Chrome;Microsoft Edge;Spotify;WhatsApp;Discord;Steam;Epic Games Launcher;Minecraft;Valorant;Roblox","MATLAB;GeoGebra;AutoCAD;Autodesk Inventor;Microsoft Word;Microsoft PowerPoint;Zoom","120","2","2","4","2","60","La mantengo conectada","Autodesk (Fusion 360, AutoCAD, Revit)","4","5","4","1","Saturación de RAM / Ralentización"
"2026/09/10 12:26:50 p.m. GMT-5","Grupo 3","Bioingeniería","8","6","16.69","4 (Satisfecho)","Lenovo 81W8","Lenovo","Laptop convencional","5","14.0""","No","11 Gen Intel core i3","Gama Baja (Intel Core i3, AMD Ryzen 3, Celeron, Pentium)","20 ","GPU 0","Unidad de Estado Sólido (SSD)","11.5","Google Chrome;WhatsApp;Discord;Steam;Roblox","Visual Studio Code;PyCharm;MATLAB;RStudio;Microsoft Word;Microsoft Excel;Zoom","30","5","1","3","8","5","La mantengo conectada","MATLAB, Python / Entornos IDE (VS Code, PyCharm)","1","2","3","0","Sobrecalentamiento térmico del equipo"
"2026/09/10 12:27:48 p.m. GMT-5","Grupo 6","Ciencia de Datos e Inteligencia Artificial","6","4","12","2 (Insatisfecho)","ASUS Zenbook Duo UX8406","ASUS","Otro","0","14.0""","No","Intel(R) Core(TM) Ultra 9 285H","Gama Alta (Intel Core i7/i9, Core Ultra 7/9, AMD Ryzen 7/9, Apple Pro/Max)","32","Intel(R) Arc(TM) 140T GPU (16GB)","Unidad de Estado Sólido (SSD)","17.9","Google Chrome;Microsoft Edge;Mozilla Firefox;Minecraft;Roblox","Visual Studio Code;MATLAB;Microsoft Word;Zoom","350","4","5","5","2","600","1","Ninguno","2","3","5","0","No experimento interrupciones con mi laptop"
"2026/09/10 12:28:56 p.m. GMT-5","Grupo 6","Ingeniería Industrial","6","7","16.5","4 (Satisfecho)","ASUS ROG Zephyrus G14 GA402X","ASUS","Laptop convencional","4","16"" o mayor","Sí","AMD","Gama Alta (Intel Core i7/i9, Core Ultra 7/9, AMD Ryzen 7/9, Apple Pro/Max)","32","Dedicada (NVIDIA GeForce RTX 4060)","Unidad de Estado Sólido (SSD)","23.5","Google Chrome;Microsoft Edge;Mozilla Firefox;Spotify;WhatsApp;Discord;EA Sports FC","Visual Studio Code;Visual Studio;IntelliJ IDEA;PyCharm;Android Studio;Eclipse;Jupyter Notebook;MATLAB;RStudio;Wolfram Mathematica;AutoCAD;SolidWorks;Autodesk Inventor;Microsoft Word;Microsoft Excel;Microsoft PowerPoint;Microsoft OneNote;Adobe Acrobat Reader;Zoom","230","6","4","5","4","180","La mantengo conectada","Autodesk (Fusion 360, AutoCAD, Revit)","5","7","4","1","Sobrecalentamiento térmico del equipo"
"2026/09/10 12:32:50 p.m. GMT-5","Grupo 6","Ciencia de Datos e Inteligencia Artificial","4","6","19.999999999999","3 (Neutral)","21L40015LM","Lenovo","Laptop convencional","2","14.0""","No","Intel(R)Core(TM) Ultra 5 125U","Gama Media (Intel Core i5, Core Ultra 5, AMD Ryzen 5, Apple M1/M2/M3 base)","16","Intel(R) Graphics ","Unidad de Estado Sólido (SSD)","10","Google Chrome;Microsoft Edge;Mozilla Firefox;Spotify;WhatsApp;Discord","Visual Studio Code;Visual Studio;IntelliJ IDEA;PyCharm;Android Studio;MATLAB;RStudio;Microsoft Word;Microsoft Excel;Zoom","8","5","4","4","45","150","3","MATLAB, Python / Entornos IDE (VS Code, PyCharm)","7","5","5","0","No experimento interrupciones con mi laptop"
"2026/09/10 12:33:11 p.m. GMT-5","Grupo 5 ⭐","Ingeniería Química","3","6","15.6","2 (Insatisfecho)","HP Pavilion Gaming 15","HP","Laptop convencional","5","15.6""","Sí","AMD Ryzen 7 4800H with Radeon Graphics","No lo sé","12","AMD Radeon(TM) Graphics","Unidad de Estado Sólido (SSD)","1.3","Google Chrome;Spotify;WhatsApp;Discord","PyCharm;MATLAB;Zoom","20","5","3","4","5.5","1","2","Otro","0","0","3","3","Sobrecalentamiento térmico del equipo"
"2026/09/10 12:37:02 p.m. GMT-5","Grupo 6","Ciberseguridad","4","6","19","3 (Neutral)","Asus rog strix g18","ASUS","Laptop convencional","1","16"" o mayor","Sí","Intel ","Gama Alta (Intel Core i7/i9, Core Ultra 7/9, AMD Ryzen 7/9, Apple Pro/Max)","64","Rtx 5070 ","Unidad de Estado Sólido (SSD)","38","Microsoft Edge;WhatsApp;Discord;Steam;Dota 2","IntelliJ IDEA;MATLAB;RStudio;AutoCAD;Autodesk Inventor;Microsoft Word;Microsoft Excel;Microsoft PowerPoint;Microsoft OneNote;Adobe Acrobat Reader;Microsoft Teams;Zoom","100","5","3","5","7","130","La mantengo conectada","Ninguno","6","9","5","0","No experimento interrupciones con mi laptop"
"2026/09/10 12:41:06 p.m. GMT-5","Grupo 6","Ciencia de Datos e Inteligencia Artificial","4","6","16.5","1 (Muy insatisfecho)","21L40015LM","Lenovo","Laptop convencional","2","15.6""","No","Intel(R) Core(TM) Ultra 5 125U","Gama Media (Intel Core i5, Core Ultra 5, AMD Ryzen 5, Apple M1/M2/M3 base)","16","Intel(R) Graphics","Unidad de Estado Sólido (SSD)","3.2","Microsoft Edge;Spotify;Steam;Epic Games Launcher;Minecraft;Fortnite","Visual Studio Code;MATLAB;RStudio;Microsoft Excel;Zoom","40","5","3","4","6.5","420","Más de 3","Otro","5","5","4","0","No experimento interrupciones con mi laptop"
"2026/09/10 12:41:54 p.m. GMT-5","Grupo 6","Administración y Negocios Digitales","6","6","17.3","4 (Satisfecho)","MacBook Pro 16 M3 Max","Apple (MacBook)","Laptop convencional","3","16"" o mayor","No","Apple","Gama Alta (Intel Core i7/i9, Core Ultra 7/9, AMD Ryzen 7/9, Apple Pro/Max)","36","Integrada (Gráficos de alta potencia integrados en el chip M3 Max)","Unidad de Estado Sólido (SSD)","28.0","Google Chrome;Mozilla Firefox;Spotify;WhatsApp","Visual Studio Code;PyCharm;MATLAB;RStudio;Wolfram Mathematica;GeoGebra;SPSS;Microsoft Word;Microsoft Excel;Microsoft PowerPoint;Microsoft OneNote;Adobe Acrobat Reader;Zoom","130","4","5","5","3","180","1","Ninguno","2","9","5","0","No experimento interrupciones con mi laptop"
"2026/09/10 1:03:06 p.m. GMT-5","Grupo 6","Ciencia de Datos e Inteligencia Artificial","4","6","18","4 (Satisfecho)","Lenovo Thinkpad","Lenovo","Laptop convencional","2","16"" o mayor","No","No sé","Gama Media (Intel Core i5, Core Ultra 5, AMD Ryzen 5, Apple M1/M2/M3 base)","16","Intel","Unidad de Estado Sólido (SSD)","100","Google Chrome;Microsoft Edge;Mozilla Firefox;Spotify;WhatsApp;Discord;Steam;Epic Games Launcher;Minecraft;Valorant;League of Legends;Counter-Strike 2;Dota 2;Fortnite;Roblox;GTA V;EA Sports FC","Visual Studio Code;Visual Studio;PyCharm;Android Studio;Eclipse;Jupyter Notebook;MATLAB;Wolfram Mathematica;AutoCAD;SolidWorks;Autodesk Inventor;Microsoft Word;Microsoft Excel;Microsoft PowerPoint;Microsoft OneNote;Microsoft Teams","10","5","3","4","20","400","2","Otro","5","10","3","0","Saturación de RAM / Ralentización"
"2026/09/10 1:10:44 p.m. GMT-5","Grupo 6","Ciencias de la Computación","3","7","14","2 (Insatisfecho)","Hp Victus corei7 ","HP","Laptop convencional","1","15.6""","No","13th Gen Intel(R) Core(TM) i7-13620H  ","Gama Alta (Intel Core i7/i9, Core Ultra 7/9, AMD Ryzen 7/9, Apple Pro/Max)","16","NVIDIA GeForce RTX 4060","Unidad de Estado Sólido (SSD)","1.3","Google Chrome;WhatsApp;Discord;Steam","Visual Studio Code;Visual Studio;IntelliJ IDEA;PyCharm;MATLAB;RStudio;Microsoft Word;Microsoft Excel;Microsoft PowerPoint;Microsoft OneNote;Adobe Acrobat Reader;Microsoft Teams;Zoom","480","7","5","4","8","180","3","MATLAB, Python / Entornos IDE (VS Code, PyCharm)","6","3","2","3","Saturación de RAM / Ralentización"
"2026/09/10 1:19:59 p.m. GMT-5","Grupo 6","Ciencias de la Computación","4","6","16.34","2 (Insatisfecho)","Lenovo IdeaPad 3 15ALC6","Lenovo","Laptop convencional","2","15.6""","No","Inter","Gama Media (Intel Core i5, Core Ultra 5, AMD Ryzen 5, Apple M1/M2/M3 base)","16","Integrada","Disco Duro Mecánico (HDD)","5","Google Chrome;Microsoft Edge;WhatsApp;Discord;Steam;Epic Games Launcher;Minecraft;Fortnite;Roblox","Visual Studio Code;Visual Studio;IntelliJ IDEA;PyCharm;MATLAB;RStudio;GeoGebra;Autodesk Inventor;Microsoft Word;Microsoft Excel;Microsoft PowerPoint;Adobe Acrobat Reader;Microsoft Teams;Zoom","120","6","3","4","4","140","2","MATLAB, Python / Entornos IDE (VS Code, PyCharm)","4","6","3","2","Saturación de RAM / Ralentización"
"2026/09/10 1:21:52 p.m. GMT-5","Grupo 5 ⭐","Ciencias de la Computación","5","4","12","3 (Neutral)","ASUS Zephirus","ASUS","Laptop convencional","3","16"" o mayor","Sí","Intel","Gama Alta (Intel Core i7/i9, Core Ultra 7/9, AMD Ryzen 7/9, Apple Pro/Max)","16","RTX 4060","Unidad de Estado Sólido (SSD)","6","Google Chrome;Mozilla Firefox;Spotify;WhatsApp;Discord;Steam;Minecraft;Counter-Strike 2;EA Sports FC","Visual Studio Code;IntelliJ IDEA;PyCharm;MATLAB;RStudio;Microsoft Word;Microsoft Excel;Microsoft PowerPoint;Microsoft OneNote;Adobe Acrobat Reader;Zoom","60","4","2","3","3","2","1","Ninguno","2","5","3","0","No experimento interrupciones con mi laptop"
"2026/09/10 1:24:32 p.m. GMT-5","Grupo 5 ⭐","Ciencias de la Computación","2","6","16.8","3 (Neutral)","IPhone 13 ","Acer","Laptop convencional","7","14.0""","Sí","Intel","Gama Media (Intel Core i5, Core Ultra 5, AMD Ryzen 5, Apple M1/M2/M3 base)","8","Nvidia gtx 1650","Unidad de Estado Sólido (SSD)","5","Google Chrome;Dota 2","Visual Studio Code","10 ","2","2","4","1","1","La mantengo conectada","Ninguno","2","2","3","0","No experimento interrupciones con mi laptop"
"2026/09/10 1:34:04 p.m. GMT-5","Grupo 5 ⭐","Ingeniería Mecánica","2","6","13.96","3 (Neutral)","Lenovo LOQ","Lenovo","Laptop convencional","1","15.6""","Sí","Intel","Gama Alta (Intel Core i7/i9, Core Ultra 7/9, AMD Ryzen 7/9, Apple Pro/Max)","16","NVidia RTX 3050","Unidad de Estado Sólido (SSD)","500","Google Chrome;Microsoft Edge;Spotify;WhatsApp;Discord;Steam;Minecraft;Roblox","PyCharm;MATLAB;AutoCAD;Autodesk Inventor;Microsoft Word;Microsoft Excel;Microsoft PowerPoint;Zoom","30","5","2","5","1","120","1","Ninguno","2","2","4","0","No experimento interrupciones con mi laptop"
"2026/09/10 1:37:37 p.m. GMT-5","Grupo 6","Sistemas de Información","4","6","17.2","3 (Neutral)","Lenovo Thinkpad L16","Lenovo","Laptop convencional","2","16"" o mayor","No","No sé","Gama Media (Intel Core i5, Core Ultra 5, AMD Ryzen 5, Apple M1/M2/M3 base)","16","Integrada","Unidad de Estado Sólido (SSD)","9","Google Chrome;Microsoft Edge;Spotify;WhatsApp;Steam;Epic Games Launcher","Visual Studio Code;IntelliJ IDEA;RStudio;Zoom","60","4","4","4","8","4","3","MATLAB, Python / Entornos IDE (VS Code, PyCharm)","3","5","4","2","Saturación de RAM / Ralentización"
"2026/09/10 1:40:05 p.m. GMT-5","Grupo 3","Ingeniería Mecánica","3 ","5","15","3 (Neutral)","ASUS TUF Gaming F15","ASUS","Laptop convencional","1","15.6""","Sí","AMD ryzen 7 7435HS","Gama Alta (Intel Core i7/i9, Core Ultra 7/9, AMD Ryzen 7/9, Apple Pro/Max)","16","Nvidia GeForce RTX 4050","Unidad de Estado Sólido (SSD)","2.7","Google Chrome;Microsoft Edge;Steam;GTA V","Visual Studio Code;Visual Studio;PyCharm;MATLAB;RStudio;GeoGebra;SPSS;AutoCAD;SolidWorks;Autodesk Inventor;Microsoft Word;Microsoft Excel;Microsoft PowerPoint;Microsoft OneNote;Adobe Acrobat Reader;Microsoft Teams;Zoom","40","5","4","5","5.5","3","1","Ninguno","3","5","3","1","Sobrecalentamiento térmico del equipo"
"2026/09/10 1:41:27 p.m. GMT-5","Grupo 6","Ingeniería Mecánica","6","4","13.4","2 (Insatisfecho)","Lenovo","Lenovo","Laptop convencional","1","16"" o mayor","Sí","Intel","Gama Alta (Intel Core i7/i9, Core Ultra 7/9, AMD Ryzen 7/9, Apple Pro/Max)","32","RTX 4060","Unidad de Estado Sólido (SSD)","28","Google Chrome;Microsoft Edge;Spotify;WhatsApp;Discord;Steam;Epic Games Launcher;Minecraft;Roblox","Zoom","300","0","2","5","6","30","La mantengo conectada","Navegador web (Múltiples pestañas de estudio abiertas)","0","2","5","0","No experimento interrupciones con mi laptop"
"2026/09/10 1:49:42 p.m. GMT-5","Grupo 5 ⭐","Ingeniería Química","9","4","14.95","3 (Neutral)","HP Laptop 15-dy5xxx","HP","Laptop convencional","4","15.6""","No","12th Gen Intel(R) Core(TM) i5-1235U","Gama Media (Intel Core i5, Core Ultra 5, AMD Ryzen 5, Apple M1/M2/M3 base)","8","Intel (R) Iris(R) Xe  Graphics","Unidad de Estado Sólido (SSD)","0.757","Google Chrome;Microsoft Edge;Spotify;WhatsApp;Discord;Steam","MATLAB;Microsoft Word;Microsoft Excel;Adobe Acrobat Reader;Zoom","180","5","4","5","6","120","2","Otro","2","3","4","0","No experimento interrupciones con mi laptop"
"2026/09/10 2:03:43 p.m. GMT-5","Grupo 6","Ciencias de la Computación","6","6","15.5","4 (Satisfecho)","Lenovo Ideapad Flex 5i","Lenovo","Convertible 2 en 1 (Pantalla táctil/giratoria 360°)","3","14.0""","No","Intel","Gama Media (Intel Core i5, Core Ultra 5, AMD Ryzen 5, Apple M1/M2/M3 base)","8","Intel iris xe graphics","Unidad de Estado Sólido (SSD)","2.9","Microsoft Edge;Spotify;WhatsApp;Discord;Steam;Epic Games Launcher;Minecraft;Roblox","Visual Studio Code;Microsoft OneNote;Zoom","40","4","5","5","5","300","1","Otro","4","5","5","0","No experimento interrupciones con mi laptop"
"2026/09/10 2:31:36 p.m. GMT-5","Grupo 3","Ciencias de la Computación","4","7","14.8","3 (Neutral)","Dell inspiron 3505","Dell","Laptop convencional","4","15.6""","No","​AMD Ryzen 5 3450U","Gama Media (Intel Core i5, Core Ultra 5, AMD Ryzen 5, Apple M1/M2/M3 base)","16","Integrada","Unidad de Estado Sólido (SSD)","2","Mozilla Firefox","Visual Studio Code;Zoom","40","6","3","4","5","120","3","Navegador web (Múltiples pestañas de estudio abiertas)","5","4","4","3","Saturación de RAM / Ralentización"
"2026/09/10 2:42:05 p.m. GMT-5","Grupo 3","Sistemas de Información","2","6","18.6","5 (Muy satisfecho)","Lenovo ideaPad 5 15ABA7","Lenovo","Laptop convencional","2","15.6""","No","AMD Ryzen 7 5825U with Radeon Graphics","Gama Alta (Intel Core i7/i9, Core Ultra 7/9, AMD Ryzen 7/9, Apple Pro/Max)","16","AMD Radeon (TM) Graphics","Unidad de Estado Sólido (SSD)","3.2","Google Chrome;Microsoft Edge;Mozilla Firefox;Spotify;WhatsApp;Steam;Epic Games Launcher","Visual Studio Code;PyCharm;MATLAB;AutoCAD;Microsoft Word;Microsoft Excel;Microsoft PowerPoint;Zoom","60","5","4","4","3","150","2","Navegador web (Múltiples pestañas de estudio abiertas)","4","4","4","0","No experimento interrupciones con mi laptop"
"2026/09/10 3:27:17 p.m. GMT-5","Grupo 6","Administración y Negocios Digitales","6","7","13.80","3 (Neutral)","Nitro 5","ASUS","Laptop convencional","6","15.6""","Sí","intel","Gama Alta (Intel Core i7/i9, Core Ultra 7/9, AMD Ryzen 7/9, Apple Pro/Max)","16","gtx","Unidad de Estado Sólido (SSD)","12","Google Chrome;Discord;Steam;Epic Games Launcher","IntelliJ IDEA;Microsoft Word;Microsoft Excel;Microsoft PowerPoint;Zoom","120","5","4","5","5.5","120","2","Ninguno","5","4","4","0","Sobrecalentamiento térmico del equipo"
"2026/09/10 4:10:49 p.m. GMT-5","Grupo 6","Ingeniería de la Energía","6","6","14.8","4 (Satisfecho)","Lenovo Yoga 7i 14IRL8","Lenovo","Convertible 2 en 1 (Pantalla táctil/giratoria 360°)","1","14.0""","Sí","Intel","Gama Media (Intel Core i5, Core Ultra 5, AMD Ryzen 5, Apple M1/M2/M3 base)","16","Integrada Intel Iris Xe","Unidad de Estado Sólido (SSD)","8.4","Google Chrome;Microsoft Edge;Spotify;WhatsApp","Visual Studio Code;Visual Studio;PyCharm;RStudio;Wolfram Mathematica;GeoGebra;Microsoft Word;Microsoft Excel;Microsoft PowerPoint;Microsoft OneNote;Adobe Acrobat Reader;Microsoft Teams;Zoom","90","3","3","4","4","420","1","Ninguno","3","5","4","1","Saturación de RAM / Ralentización"
"2026/09/10 4:16:50 p.m. GMT-5","Grupo 6","Ingeniería Industrial","8","5","17.2","4 (Satisfecho)","HP Envy x360 15-fe0013dx","HP","Convertible 2 en 1 (Pantalla táctil/giratoria 360°)","2","15.6""","Sí","AMD","Gama Alta (Intel Core i7/i9, Core Ultra 7/9, AMD Ryzen 7/9, Apple Pro/Max)","16","Integrada AMD Radeon","Unidad de Estado Sólido (SSD)","7.1","Google Chrome;Microsoft Edge;Mozilla Firefox;Spotify;WhatsApp;Discord;Steam;Fortnite;Roblox","Visual Studio Code;PyCharm;RStudio;SPSS;AutoCAD;Microsoft Word;Microsoft Excel;Microsoft PowerPoint;Microsoft OneNote;Adobe Acrobat Reader;Microsoft Teams;Zoom","120","4","2","4","5","250","2","Autodesk (Fusion 360, AutoCAD, Revit)","4","7","3","2","Sobrecalentamiento térmico del equipo"
"2026/09/10 4:22:39 p.m. GMT-5","Grupo 6","Ingeniería Mecánica","4","6","15.5","3 (Neutral)","ASUS Vivobook 16X K3605ZV","ASUS","Laptop convencional","2","16"" o mayor","Sí","Intel","Gama Alta (Intel Core i7/i9, Core Ultra 7/9, AMD Ryzen 7/9, Apple Pro/Max)","16","Dedicada NVIDIA GeForce RTX 3050 Laptop GPU","Unidad de Estado Sólido (SSD)","5.9","Google Chrome;Microsoft Edge;Mozilla Firefox;WhatsApp;Epic Games Launcher;Minecraft;Dota 2","Visual Studio;PyCharm;RStudio;GeoGebra;AutoCAD;SolidWorks;Autodesk Inventor;ArcGIS;Microsoft Word;Microsoft Excel;Microsoft PowerPoint;Microsoft OneNote;Microsoft Teams;Zoom","150","4","3","4","3.5","180","3","Autodesk (Fusion 360, AutoCAD, Revit)","5","6","4","0","No experimento interrupciones con mi laptop"
"2026/09/10 4:33:15 p.m. GMT-5","Grupo 6","Ingeniería Mecatrónica","7","5","14.3","4 (Satisfecho)","Dell XPS 15 9530","Dell","Laptop convencional","3","15.6""","Sí","Intel","Gama Alta (Intel Core i7/i9, Core Ultra 7/9, AMD Ryzen 7/9, Apple Pro/Max)","32","Dedicada NVIDIA GeForce RTX 4050 Laptop GPU","Unidad de Estado Sólido (SSD)","15.2","Google Chrome;Microsoft Edge;Mozilla Firefox;Spotify;WhatsApp;Discord;Steam;League of Legends;Dota 2;Roblox;EA Sports FC","Visual Studio Code;Visual Studio;PyCharm;Android Studio;MATLAB;RStudio;Wolfram Mathematica;Microsoft Word;Microsoft Excel;Microsoft PowerPoint;Microsoft OneNote;Adobe Acrobat Reader;Zoom","110","5","3","5","4.5","320","1","Simuladores de electrónica (Proteus, Multisim, LTspice)","6","8","5","0","No experimento interrupciones con mi laptop"
"2026/09/10 4:42:15 p.m. GMT-5","Grupo 6","Ingeniería Química","5","6","16.7","5 (Muy satisfecho)","Apple MacBook Pro 14 M3 2023","Apple (MacBook)","Laptop convencional","2","14.0""","Sí","Apple","Gama Alta (Intel Core i7/i9, Core Ultra 7/9, AMD Ryzen 7/9, Apple Pro/Max)","18","Integrada Apple GPU","Unidad de Estado Sólido (SSD)","10.5","Google Chrome;Spotify;WhatsApp;Discord;Steam;League of Legends;Fortnite","Visual Studio Code;Eclipse;Jupyter Notebook;MATLAB;RStudio;Wolfram Mathematica;GeoGebra;Microsoft Word;Microsoft Excel;Microsoft PowerPoint;Microsoft OneNote;Adobe Acrobat Reader;Zoom","120","5","4","5","5","500","1","Ninguno","3","6","4","0","No experimento interrupciones con mi laptop"
"2026/09/10 4:47:29 p.m. GMT-5","Grupo 6","Administración y Negocios Digitales","9","4","17.3","4 (Satisfecho)","Acer Swift Go 14 SFG14-71","Acer","Laptop convencional","3","15.6""","Sí","Intel","Gama Media (Intel Core i5, Core Ultra 5, AMD Ryzen 5, Apple M1/M2/M3 base)","16","Integrada Intel Iris Xe","Unidad de Estado Sólido (SSD)","6.7","Google Chrome;Microsoft Edge;Mozilla Firefox;Spotify;WhatsApp;Discord;Steam;Epic Games Launcher;Minecraft;Valorant;League of Legends;Counter-Strike 2","Visual Studio Code;PyCharm;MATLAB;RStudio;Microsoft Word;Microsoft Excel;Microsoft PowerPoint;Microsoft OneNote;Adobe Acrobat Reader;Microsoft Teams;Zoom","145","4","4","4","5","450","1","Software de Análisis de Datos (RStudio, PowerBI)","2","8","4","1","Saturación de RAM / Ralentización"
"2026/09/10 5:09:36 p.m. GMT-5","Grupo 6","Ciencia de Datos e Inteligencia Artificial","4","6","16.16","3 (Neutral)","Lenovo ThinkPad L16 Gen 1","Lenovo","Laptop convencional","1","16"" o mayor","No","Intel(R) Core(TM) Ultra 5 125U","Gama Media (Intel Core i5, Core Ultra 5, AMD Ryzen 5, Apple M1/M2/M3 base)","16","Integrada","Unidad de Estado Sólido (SSD)","2.2","Google Chrome;Spotify;WhatsApp;Discord;Steam;Roblox","Visual Studio Code;IntelliJ IDEA;PyCharm;RStudio;Adobe Acrobat Reader;Zoom","30","5","5","4","5","300","2","MATLAB, Python / Entornos IDE (VS Code, PyCharm)","7","4","3","0","No experimento interrupciones con mi laptop"
"2026/09/10 5:24:20 p.m. GMT-5","Grupo 3","Ingeniería Química","2","6","15","3 (Neutral)","Hp","HP","Laptop convencional","1","15.6""","No","Hp","No lo sé","16","Hp","Unidad de Estado Sólido (SSD)","5.6","Google Chrome;Microsoft Edge;WhatsApp","Microsoft Word;Microsoft Excel;Zoom","2 ","4","3","3","3","130","2","MATLAB, Python / Entornos IDE (VS Code, PyCharm)","2","5","3","0","Saturación de RAM / Ralentización"
"2026/09/10 5:35:46 p.m. GMT-5","Grupo 3","Ciencias de la Computación","3","6","18.9","3 (Neutral)","ASUS ROG Strix G18","ASUS","Laptop convencional","0","16"" o mayor","Sí","13th Gen Intel(R) Core(TM) i7-13650HX","Gama Alta (Intel Core i7/i9, Core Ultra 7/9, AMD Ryzen 7/9, Apple Pro/Max)","16","NVIDIA GeForce RTX 4060 Laptop GPU","Unidad de Estado Sólido (SSD)","1","Google Chrome;Microsoft Edge;Spotify;WhatsApp;Discord;Steam;Epic Games Launcher;Minecraft;Valorant;League of Legends;Fortnite;Roblox;GTA V","Visual Studio Code;Visual Studio;IntelliJ IDEA;PyCharm;Jupyter Notebook;MATLAB;RStudio;Wolfram Mathematica;GeoGebra;AutoCAD;SolidWorks;Autodesk Inventor;Microsoft Word;Microsoft Excel;Microsoft PowerPoint;Microsoft OneNote;Adobe Acrobat Reader;Microsoft Teams;Zoom","3","6","2","4","4","150","2","Ninguno","2","5","4","3","No experimento interrupciones con mi laptop"
"2026/09/10 5:36:30 p.m. GMT-5","Grupo 3","Ingeniería Química","2","6","18.4","2 (Insatisfecho)","Macbook Air M1 2020","Apple (MacBook)","Laptop convencional","5","13.3"" o menor","Sí","Apple","Gama Media (Intel Core i5, Core Ultra 5, AMD Ryzen 5, Apple M1/M2/M3 base)","8","GPU integrada","Unidad de Estado Sólido (SSD)","1.2","Google Chrome;Spotify;WhatsApp;Minecraft;Roblox;EA Sports FC","PyCharm;Zoom","70","4","3","4","5","360","1","Ninguno","2","4","4","0","No experimento interrupciones con mi laptop"
"2026/09/10 5:48:05 p.m. GMT-5","Grupo 3","Bioingeniería","8","6","14.1","2 (Insatisfecho)","Lenovo IdeaPad 5 15ITL05","Lenovo","Laptop convencional","3","15.6""","Sí","Intel","Gama Media (Intel Core i5, Core Ultra 5, AMD Ryzen 5, Apple M1/M2/M3 base)","16","Intel(R) Iris(R) Xe Graphics","Unidad de Estado Sólido (SSD)","2.1","Google Chrome;Microsoft Edge;Spotify;WhatsApp;Discord;Steam;Epic Games Launcher;Minecraft;Roblox","MATLAB;RStudio;Microsoft Word;Microsoft Excel;Zoom","120","6","2","4","8","180","3","Autodesk (Fusion 360, AutoCAD, Revit)","3","9","3","1","Sobrecalentamiento térmico del equipo"
"2026/09/10 5:56:57 p.m. GMT-5","Grupo 3","Ingeniería Mecatrónica","2","6","16.65","2 (Insatisfecho)","LAPTOP LENOVO YOGA PRO 7 AMD RYZEN AI 9 32GB RAM 1TB SSD 14.5”","Lenovo","Laptop convencional","1","15.6""","Sí","Ryzen","Gama Alta (Intel Core i7/i9, Core Ultra 7/9, AMD Ryzen 7/9, Apple Pro/Max)","32","0","Unidad de Estado Sólido (SSD)","26","Google Chrome;Spotify;WhatsApp;Discord;Steam;Epic Games Launcher;Minecraft;Valorant;Counter-Strike 2;Roblox","PyCharm;MATLAB","60","Todos","4","4","3","240","1","Otro","3","3","5","0","No experimento interrupciones con mi laptop"
"2026/09/10 6:02:10 p.m. GMT-5","Grupo 3","Ingeniería Mecánica","4","5","15.91","2 (Insatisfecho)","Lenovo IdeaPad Slim 5 16IRL8","Lenovo","Laptop convencional","3","16"" o mayor","Sí","Intel","Gama Alta (Intel Core i7/i9, Core Ultra 7/9, AMD Ryzen 7/9, Apple Pro/Max)","16","Intel(R) UHD Graphics","Unidad de Estado Sólido (SSD)","1.7","Microsoft Edge;WhatsApp;Discord;Steam;Minecraft","Zoom","180","2","4","5","2","4","3","Autodesk (Fusion 360, AutoCAD, Revit)","0","2","4","0","No experimento interrupciones con mi laptop"
"2026/09/10 6:04:49 p.m. GMT-5","Grupo 3","Bioingeniería","3","6","18.41","4 (Satisfecho)","Lenovo Yoga Slim 6 14IRH8","Lenovo","Laptop convencional","2","14.0""","Sí","13th Gen Intel(R) Core(TM) i7-13700H","No lo sé","16","Intel(R) Iris(R) Xe Graphics","Unidad de Estado Sólido (SSD)","5.6","Google Chrome;Microsoft Edge","PyCharm;MATLAB;Microsoft Word;Microsoft Excel;Microsoft PowerPoint;Zoom","60","Todos los dias (Iunes a viernes)","4","4","3","2","1","Ninguno","1","2","4","0","No experimento interrupciones con mi laptop"
"2026/09/10 6:13:41 p.m. GMT-5","Grupo 6","Ingeniería Electrónica","6","6","14.9","4 (Satisfecho)","MSI Prestige 14Evo B13M","MSI","Laptop convencional","2","15.6""","Sí","Intel","Gama Alta (Intel Core i7/i9, Core Ultra 7/9, AMD Ryzen 7/9, Apple Pro/Max)","16","Integrada Intel Iris Xe","Unidad de Estado Sólido (SSD)","9.1","Google Chrome;Microsoft Edge;Mozilla Firefox;Spotify;WhatsApp;Dota 2;Fortnite;Roblox","Visual Studio Code;Visual Studio;IntelliJ IDEA;PyCharm;Android Studio;MATLAB;RStudio;Microsoft Word;Microsoft Excel;Microsoft PowerPoint;Microsoft OneNote;Adobe Acrobat Reader;Microsoft Teams;Zoom","160","4","3","4","4.5","240","2","Simuladores de electrónica (Proteus, Multisim, LTspice)","6","9","4","1","Cierre intempestivo de programas"
"2026/09/10 6:18:39 p.m. GMT-5","Grupo 6","Sistemas de Información","4","6","14.3","3 (Neutral)","ASUS TUF GAMING F15","ASUS","Laptop convencional","2","14.0""","Sí","Core i7 13th Gen intel","Gama Alta (Intel Core i7/i9, Core Ultra 7/9, AMD Ryzen 7/9, Apple Pro/Max)","16","Intel Uhd graphics","Unidad de Estado Sólido (SSD)","4.2","Google Chrome;Microsoft Edge;Spotify;WhatsApp;Steam;Fortnite","Visual Studio Code;PyCharm;MATLAB;RStudio;AutoCAD;Microsoft Word;Microsoft Excel;Microsoft PowerPoint;Zoom","40 ","5","4","5","4","5","2","MATLAB, Python / Entornos IDE (VS Code, PyCharm)","3","2","4","2","Cierre intempestivo de programas"
"2026/09/10 6:22:44 p.m. GMT-5","Grupo 6","Ingeniería Ambiental","3","7","16.3","4 (Satisfecho)","Samsung Galaxy Book3 Pro 14 NP940XFG","Otra","Laptop convencional","1","15.6""","No","Intel","Gama Media (Intel Core i5, Core Ultra 5, AMD Ryzen 5, Apple M1/M2/M3 base)","16","Integrada Intel Iris Xe","Unidad de Estado Sólido (SSD)","7.8","Google Chrome;Mozilla Firefox;Spotify;WhatsApp;Discord","Visual Studio Code;PyCharm;MATLAB;RStudio;AutoCAD;Microsoft Word;Microsoft Excel;Microsoft PowerPoint;Microsoft OneNote;Adobe Acrobat Reader;Microsoft Teams;Zoom","140","5","3","4","5","360","1","Navegador web (Múltiples pestañas de estudio abiertas)","2","7","3","2","Saturación de RAM / Ralentización"
"2026/09/10 6:28:01 p.m. GMT-5","Grupo 6","Ciencia de Datos e Inteligencia Artificial","10","4","16.6","4 (Satisfecho)","Microsoft Surface Laptop 5 13.5","Otra","Laptop convencional","3","14.0""","No","Intel","Gama Alta (Intel Core i7/i9, Core Ultra 7/9, AMD Ryzen 7/9, Apple Pro/Max)","16","Intel(R) Iris(R) Xe Graphics","Unidad de Estado Sólido (SSD)","8.9","Google Chrome;Microsoft Edge;Mozilla Firefox;Spotify;WhatsApp;Discord;Steam","Visual Studio Code;Visual Studio;IntelliJ IDEA;PyCharm;Android Studio;MATLAB;RStudio;GeoGebra;Microsoft Word;Microsoft Excel;Microsoft PowerPoint;Microsoft OneNote;Adobe Acrobat Reader;Microsoft Teams;Zoom","170","5","3","5","5","200","2","Ninguno","4","7","4","1","Agotamiento acelerado de batería"
"2026/09/10 6:31:08 p.m. GMT-5","Grupo 6","Ciberseguridad","2","6","15.6","4 (Satisfecho)","Huawei MateBook 14 2023","Otra","Laptop convencional","1","15.6""","Sí","Intel","Gama Media (Intel Core i5, Core Ultra 5, AMD Ryzen 5, Apple M1/M2/M3 base)","16","Integrada Intel Iris Xe","Unidad de Estado Sólido (SSD)","5.2","Google Chrome;Mozilla Firefox;Spotify;WhatsApp;Discord;Steam;Valorant;Counter-Strike 2","Visual Studio Code;Visual Studio;PyCharm;MATLAB;Wolfram Mathematica;GeoGebra;Microsoft Word;Microsoft Excel;Microsoft PowerPoint;Adobe Acrobat Reader;Microsoft Teams;Zoom","110","5","3","4","4","210","2","MATLAB, Python / Entornos IDE (VS Code, PyCharm)","3","8","4","0","No experimento interrupciones con mi laptop"
"2026/09/10 6:39:17 p.m. GMT-5","Grupo 6","Bioingeniería","6","6","16.8","4 (Satisfecho)","Dell Latitude 7440","Dell","Laptop convencional","2","14.0""","Sí","Intel","Gama Alta (Intel Core i7/i9, Core Ultra 7/9, AMD Ryzen 7/9, Apple Pro/Max)","16","Integrada Intel Iris Xe","Unidad de Estado Sólido (SSD)","5.6","Google Chrome;Microsoft Edge;Mozilla Firefox;Spotify;WhatsApp;Discord;Steam","Visual Studio Code;Visual Studio;PyCharm;Eclipse;Jupyter Notebook;MATLAB;RStudio;Wolfram Mathematica;GeoGebra;SolidWorks;Microsoft Word;Microsoft Excel;Microsoft PowerPoint;Microsoft OneNote;Adobe Acrobat Reader;Microsoft Teams;Zoom","160","5","3","5","5","230","2","Software de Análisis de Datos (RStudio, PowerBI)","2","9","4","1","Cierre intempestivo de programas"
"2026/09/10 6:43:06 p.m. GMT-5","Grupo 6","Ciencias de la Computación","5","6","15.79","4 (Satisfecho)","Lenovo Legion Pro 5 16IRX8","Lenovo","Laptop convencional","2","16"" o mayor","Sí","Intel","Gama Alta (Intel Core i7/i9, Core Ultra 7/9, AMD Ryzen 7/9, Apple Pro/Max)","32","Dedicada NVIDIA GeForce RTX 4060 Laptop GPU","Unidad de Estado Sólido (SSD)","4.3","Google Chrome;Microsoft Edge;Mozilla Firefox;Spotify;WhatsApp;Discord;Steam;Valorant","Visual Studio Code;Visual Studio;IntelliJ IDEA;PyCharm;Android Studio;MATLAB;RStudio;Microsoft Word;Microsoft Excel;Microsoft PowerPoint;Microsoft OneNote;Adobe Acrobat Reader;Zoom","190","6","4","5","5","180","2","MATLAB, Python / Entornos IDE (VS Code, PyCharm)","5","10","3","1","Sobrecalentamiento térmico del equipo"
"2026/09/10 6:46:42 p.m. GMT-5","Grupo 6","Sistemas de Información","6","5","16.8","4 (Satisfecho)","HP ProBook 450 G10","HP","Laptop convencional","3","15.6""","Sí","Intel","Gama Media (Intel Core i5, Core Ultra 5, AMD Ryzen 5, Apple M1/M2/M3 base)","16","(Integrada Intel Iris Xe)","Unidad de Estado Sólido (SSD)","8.2","Google Chrome;Microsoft Edge;Mozilla Firefox;WhatsApp;Discord;Steam;Dota 2;Fortnite","Visual Studio;IntelliJ IDEA;PyCharm;MATLAB;RStudio;Wolfram Mathematica;Microsoft Word;Microsoft Excel;Microsoft PowerPoint;Adobe Acrobat Reader;Microsoft Teams;Zoom","200","5","2","4","4.5","300","1","MATLAB, Python / Entornos IDE (VS Code, PyCharm)","4","7","3","1","Cierre intempestivo de programas"
"2026/09/10 6:51:02 p.m. GMT-5","Grupo 6","Administración y Negocios Digitales","4","7","16.29","4 (Satisfecho)","ASUS Zenbook 14 OLED UX3402VA","ASUS","Laptop convencional","1","15.6""","Sí","Intel","Gama Media (Intel Core i5, Core Ultra 5, AMD Ryzen 5, Apple M1/M2/M3 base)","16","Integrada Intel Iris Xee","Unidad de Estado Sólido (SSD)","7.5","Google Chrome;Microsoft Edge;Spotify;WhatsApp;Discord","Visual Studio Code;PyCharm;MATLAB;RStudio;Microsoft Word;Microsoft Excel;Microsoft PowerPoint;Microsoft OneNote;Adobe Acrobat Reader;Microsoft Teams;Zoom","240","5","3","5","5","270","2","Navegador web (Múltiples pestañas de estudio abiertas)","2","8","3","1","Saturación de RAM / Ralentización"
"2026/09/10 6:56:05 p.m. GMT-5","Grupo 3","Bioingeniería","2","6","17.2","2 (Insatisfecho)","Surface Laptop Go","Otra","Convertible 2 en 1 (Pantalla táctil/giratoria 360°)","3","14.0""","No","Inter Core i5","Gama Media (Intel Core i5, Core Ultra 5, AMD Ryzen 5, Apple M1/M2/M3 base)","8","Integrada","Unidad de Estado Sólido (SSD)","1.2","Google Chrome;Microsoft Edge;WhatsApp;Discord;Epic Games Launcher;Roblox","Visual Studio Code;PyCharm;MATLAB;GeoGebra;Zoom","40","3","5","3","4","150","2","Navegador web (Múltiples pestañas de estudio abiertas)","2","3","3","1","Saturación de RAM / Ralentización"
"2026/09/10 7:09:40 p.m. GMT-5","Grupo 3","Ingeniería Industrial","3","6","15.03","3 (Neutral)","Lenovo thinkbook 14 G7 ","Lenovo","Laptop convencional","-1","14.0""","No","Intel core i7 ultra","Gama Alta (Intel Core i7/i9, Core Ultra 7/9, AMD Ryzen 7/9, Apple Pro/Max)","16","No se","Unidad de Estado Sólido (SSD)","67","Google Chrome;Spotify;WhatsApp;Roblox","Visual Studio Code;Visual Studio;PyCharm;MATLAB;RStudio;Microsoft Word;Microsoft Excel;Microsoft PowerPoint;Microsoft OneNote;Adobe Acrobat Reader;Zoom","70","5","3","5","6","5","2","Ninguno","5","5","5","0","No experimento interrupciones con mi laptop"
"2026/09/10 7:12:58 p.m. GMT-5","Grupo 7","Ingeniería Mecatrónica","4","5","17.34","3 (Neutral)","Laptop HP Core i3","HP","Laptop convencional","4","15.6""","No","No c ","Gama Baja (Intel Core i3, AMD Ryzen 3, Celeron, Pentium)","16","No tiene ","Unidad de Estado Sólido (SSD)","7.3","Google Chrome;Spotify;WhatsApp;Steam;Epic Games Launcher;Roblox","PyCharm;MATLAB;GeoGebra;Autodesk Inventor;Microsoft Word;Microsoft Excel;Microsoft PowerPoint;Zoom","130","5","3","5","4.4","500","2","Navegador web (Múltiples pestañas de estudio abiertas)","4","5","3","0","Sobrecalentamiento térmico del equipo"
"2026/09/10 7:15:36 p.m. GMT-5","Grupo 5 ⭐","Bioingeniería","4","6","16","3 (Neutral)","HP Victus 15-fb3xxx","Lenovo","Laptop convencional","1","15.6""","Sí","AMD Ryzen 7 7445HS w/ Radeon 740M Graphics","Gama Alta (Intel Core i7/i9, Core Ultra 7/9, AMD Ryzen 7/9, Apple Pro/Max)","16","NVIDIA GeForce RTX 4050 Laptop GPU","Unidad de Estado Sólido (SSD)","5.1","Google Chrome;Microsoft Edge;Spotify;Discord;Steam;Epic Games Launcher;Roblox","PyCharm;MATLAB;RStudio;Microsoft Word;Microsoft Excel;Microsoft PowerPoint;Microsoft OneNote;Adobe Acrobat Reader;Microsoft Teams;Zoom","2","2","5","5","4","240","2","Navegador web (Múltiples pestañas de estudio abiertas)","2","4","4","2","Sobrecalentamiento térmico del equipo"
"2026/09/10 7:16:11 p.m. GMT-5","Grupo 7","Ingeniería Mecánica","4","6","12","3 (Neutral)","Lenovo","Lenovo","Laptop convencional","7","14.0""","No","8","Gama Media (Intel Core i5, Core Ultra 5, AMD Ryzen 5, Apple M1/M2/M3 base)","8","No","Disco Duro Mecánico (HDD)","8","Google Chrome","Adobe Acrobat Reader","600","5","2","4","4","60","La mantengo conectada","Navegador web (Múltiples pestañas de estudio abiertas)","2","1","3","3","Agotamiento acelerado de batería"
"2026/09/10 7:16:57 p.m. GMT-5","Grupo 7","Bioingeniería","4","7","15.4","3 (Neutral)","HP Laptop 15-ef2xxx","HP","Laptop convencional","3","14.0""","No","ADM Ryzen 7 5700U with Radeon Graphics","Gama Alta (Intel Core i7/i9, Core Ultra 7/9, AMD Ryzen 7/9, Apple Pro/Max)","8","NVIDIA GeForce RTX 3060 Laptop GPU","Unidad de Estado Sólido (SSD)","1.1","Microsoft Edge;Spotify;WhatsApp;Discord;Steam;Epic Games Launcher;Minecraft;Roblox","Visual Studio Code;Visual Studio;IntelliJ IDEA;PyCharm;Android Studio;Eclipse;Jupyter Notebook;MATLAB;RStudio;Wolfram Mathematica;GeoGebra;SPSS;AutoCAD;SolidWorks;Autodesk Inventor;ArcGIS;Microsoft Word;Microsoft Excel;Microsoft PowerPoint;Microsoft OneNote;Adobe Acrobat Reader;Microsoft Teams;Zoom","80","5","4","5","4","150","3","Software de Análisis de Datos (RStudio, PowerBI)","4","5","3","0","Sobrecalentamiento térmico del equipo"
"2026/09/10 7:18:21 p.m. GMT-5","Grupo 7","Ingeniería Civil","4","6","15.2","5 (Muy satisfecho)","Lenovo IdeaPad 3 15ALC6,","Lenovo","Laptop convencional","1","15.6""","Sí","intel","Gama Media (Intel Core i5, Core Ultra 5, AMD Ryzen 5, Apple M1/M2/M3 base)","16","rtx 3050","Unidad de Estado Sólido (SSD)","12","Google Chrome;WhatsApp;Discord;Steam;League of Legends","MATLAB;RStudio;AutoCAD;Zoom","100","5","3","5","2","170","La mantengo conectada","Navegador web (Múltiples pestañas de estudio abiertas)","2","2","3","2","Sobrecalentamiento térmico del equipo"
"2026/09/10 7:21:57 p.m. GMT-5","Grupo 7","Ingeniería Mecatrónica","4","6","14.98","3 (Neutral)","Lenovo LOQ 15IAX9","Lenovo","Laptop convencional","2","15.6""","Sí","AMD Ryzen 7 7435","Gama Alta (Intel Core i7/i9, Core Ultra 7/9, AMD Ryzen 7/9, Apple Pro/Max)","12","NVIDIA GeForce RTX 4050","Unidad de Estado Sólido (SSD)","1.9","Google Chrome;Spotify;Discord;Steam;Epic Games Launcher;Minecraft;Valorant;Fortnite","PyCharm;MATLAB;RStudio;GeoGebra;Microsoft Word;Microsoft Excel;Microsoft PowerPoint;Microsoft Teams;Zoom","3","3","4","3","2.5","145","2","MATLAB, Python / Entornos IDE (VS Code, PyCharm)","1","3","3","0","Sobrecalentamiento térmico del equipo"
"2026/09/10 7:27:14 p.m. GMT-5","Grupo 7","Bioingeniería","4","6","17.34","4 (Satisfecho)","Dell Inspiron 14 2-in-1","Dell","Convertible 2 en 1 (Pantalla táctil/giratoria 360°)","1","14.0""","No","AMD Ryzen 7 7730U with Radeon Graphics","Gama Alta (Intel Core i7/i9, Core Ultra 7/9, AMD Ryzen 7/9, Apple Pro/Max)","16","AMD Radeon (TM) Graphics","Unidad de Estado Sólido (SSD)","6.0","Google Chrome;Microsoft Edge;Spotify;WhatsApp;Minecraft","MATLAB;RStudio;Adobe Acrobat Reader;Zoom","120","5","5","5","5","120","1","Ninguno","2","3","4","0","No experimento interrupciones con mi laptop"
"2026/09/10 7:28:31 p.m. GMT-5","Grupo 7","Ingeniería Civil","4","4","14.8","4 (Satisfecho)","ASUS Vivobook","ASUS","Laptop convencional","2","14.0""","No","13th Gen Intel(R) Core(TM) i9-13900H","Gama Alta (Intel Core i7/i9, Core Ultra 7/9, AMD Ryzen 7/9, Apple Pro/Max)","16.0","Intel(R) Iris(R) Xe Graphics","Unidad de Estado Sólido (SSD)","1.8","Google Chrome;Microsoft Edge;Spotify;WhatsApp;Roblox","PyCharm;MATLAB;GeoGebra;AutoCAD;Autodesk Inventor;Microsoft Word;Microsoft Excel;Microsoft PowerPoint;Zoom","120 ","2","3","5","5.5","240","La mantengo conectada","MATLAB, Python / Entornos IDE (VS Code, PyCharm)","1","8","4","0","No experimento interrupciones con mi laptop"
"2026/09/10 7:30:34 p.m. GMT-5","Grupo 7","Ciencias de la Computación","6","3","14","3 (Neutral)","Lenovo IdeaPad 1 15ALC7","Lenovo","Laptop convencional","3","15.6""","No","AMD Ryzen 7 5700U with Radeon Graphics","Gama Alta (Intel Core i7/i9, Core Ultra 7/9, AMD Ryzen 7/9, Apple Pro/Max)","16","AMD Radeon(TM) Graphics","Unidad de Estado Sólido (SSD)","6.6","Google Chrome;Microsoft Edge;Mozilla Firefox;Spotify;WhatsApp;Discord;Steam;Epic Games Launcher;Minecraft;Fortnite;Roblox","Visual Studio Code;PyCharm;MATLAB;RStudio;Microsoft Word;Microsoft Excel;Microsoft PowerPoint;Microsoft OneNote;Zoom","8 ","4","3","4","4.5","110","La mantengo conectada","MATLAB, Python / Entornos IDE (VS Code, PyCharm)","3","4","3","1","Saturación de RAM / Ralentización"
"2026/09/10 7:31:57 p.m. GMT-5","Grupo 7","Ingeniería Mecatrónica","4","5","18.01","1 (Muy insatisfecho)","Lenovo IdeaPad 3 15ALC6","Lenovo","Convertible 2 en 1 (Pantalla táctil/giratoria 360°)","3","16"" o mayor","Sí","Q será ","Gama Alta (Intel Core i7/i9, Core Ultra 7/9, AMD Ryzen 7/9, Apple Pro/Max)","128","RTX 3050","Unidad de Estado Sólido (SSD)","113.02","Google Chrome;Spotify;WhatsApp;Discord;Steam;Epic Games Launcher;Minecraft;Valorant;League of Legends;Counter-Strike 2;Dota 2;Fortnite;Roblox;GTA V;EA Sports FC","PyCharm;MATLAB;RStudio;GeoGebra;AutoCAD;Microsoft Word;Microsoft Excel;Microsoft PowerPoint;Zoom","20","5","5","5","11","240","2","Simuladores de electrónica (Proteus, Multisim, LTspice)","3","9","5","4","Cierre intempestivo de programas"
"2026/09/10 7:39:51 p.m. GMT-5","Grupo 7","Ingeniería Civil","3","5","15.5","3 (Neutral)","Lenovo ThinkPad P16","Lenovo","Laptop convencional","1","15.6""","No","intel","No lo sé","64","GPU 0","Unidad de Estado Sólido (SSD)","55","Google Chrome;Microsoft Edge;Spotify;WhatsApp;Discord","Visual Studio Code;MATLAB;AutoCAD;Microsoft Word;Microsoft Excel;Microsoft PowerPoint;Zoom","60","3","3","4","3.5","200","2","Otro","1","2","3","1","No experimento interrupciones con mi laptop"
"2026/09/10 7:41:35 p.m. GMT-5","Grupo 7","Ingeniería Civil","4","6","14.3","3 (Neutral)","Lenovo legión 5 pro ","Lenovo","Laptop convencional","0","16"" o mayor","Sí","14th generación Intel core i9 hx","Gama Alta (Intel Core i7/i9, Core Ultra 7/9, AMD Ryzen 7/9, Apple Pro/Max)","32","Rtx 5060","Unidad de Estado Sólido (SSD)","23","Google Chrome;Microsoft Edge;WhatsApp;Discord;Steam;Epic Games Launcher;Minecraft;Valorant;Counter-Strike 2;Fortnite;Roblox;GTA V;EA Sports FC","Visual Studio Code;Visual Studio;PyCharm;MATLAB;RStudio;AutoCAD;ArcGIS;Microsoft Word;Microsoft Excel;Microsoft PowerPoint;Adobe Acrobat Reader;Zoom","2","5","5","5","2","50","La mantengo conectada","Ninguno","4","4","5","0","No experimento interrupciones con mi laptop"
"2026/09/10 7:45:59 p.m. GMT-5","Grupo 7","Ingeniería Mecatrónica","4","4","11.5","2 (Insatisfecho)","Lenovo yoga slim","Lenovo","Convertible 2 en 1 (Pantalla táctil/giratoria 360°)","1","14.0""","Sí","intel","Gama Alta (Intel Core i7/i9, Core Ultra 7/9, AMD Ryzen 7/9, Apple Pro/Max)","16","GPU 0","Unidad de Estado Sólido (SSD)","7","Google Chrome;Microsoft Edge;Spotify;WhatsApp;Discord;Steam;Epic Games Launcher;Minecraft;Valorant;League of Legends;Fortnite;Roblox","PyCharm;MATLAB;AutoCAD;Microsoft Word","40","4","4","5","2","150","2","Ninguno","0","3","4","0","No experimento interrupciones con mi laptop"
"2026/09/10 7:50:19 p.m. GMT-5","Grupo 7","Ingeniería Civil","3","6","17.65","4 (Satisfecho)","ASUS EXPERTBOOK P153CVA","ASUS","Laptop convencional","1","15.6""","No","13th gen Intel(R) Core(TM) i5-13420H","Gama Media (Intel Core i5, Core Ultra 5, AMD Ryzen 5, Apple M1/M2/M3 base)","16.0","Intel(R) UHD Graphics","Unidad de Estado Sólido (SSD)","3.1","Google Chrome;Microsoft Edge;Spotify;WhatsApp;Discord;Steam;Minecraft","PyCharm;MATLAB;AutoCAD;Microsoft Word;Microsoft Excel;Microsoft PowerPoint;Zoom","120","5","5","4","4.0","2","2","Autodesk (Fusion 360, AutoCAD, Revit)","4","6","4","1","Cierre intempestivo de programas"
"2026/09/10 7:51:02 p.m. GMT-5","Grupo 7","Ingeniería Civil","3","5","16.7","2 (Insatisfecho)","ASUS TUF Gaming F15","ASUS","Laptop convencional","1","15.6""","Sí","AMD Ryzen 7 7445HS w/ Rdeaon 740M Graphics","Gama Alta (Intel Core i7/i9, Core Ultra 7/9, AMD Ryzen 7/9, Apple Pro/Max)","16","AMD Radeon 740M Graphics","Unidad de Estado Sólido (SSD)","5.9","Google Chrome;Microsoft Edge;Spotify;WhatsApp;Discord;Steam;Minecraft;Roblox","PyCharm;MATLAB;AutoCAD;Autodesk Inventor;Microsoft Word;Microsoft Excel;Microsoft PowerPoint;Zoom","3","6","4","5","3","150","La mantengo conectada","Ninguno","1","4","5","1","Sobrecalentamiento térmico del equipo"
"2026/09/10 7:53:10 p.m. GMT-5","Grupo 7","Bioingeniería","5","6","16.2","4 (Satisfecho)","HP OmniBook 5 Flip Laptop 14-fp0xxx","HP","Convertible 2 en 1 (Pantalla táctil/giratoria 360°)","0","14.0""","Sí","intel","Gama Media (Intel Core i5, Core Ultra 5, AMD Ryzen 5, Apple M1/M2/M3 base)","5","GPU 0","Unidad de Estado Sólido (SSD)","4","Google Chrome;Microsoft Edge;Spotify;WhatsApp;Discord;Minecraft","PyCharm;Microsoft Word;Microsoft Excel;Microsoft PowerPoint;Zoom","120","4","4","3","3","180","La mantengo conectada","Navegador web (Múltiples pestañas de estudio abiertas)","2","2","4","0","No experimento interrupciones con mi laptop"
"2026/09/10 8:04:47 p.m. GMT-5","Grupo 7","Ciencias de la Computación","4","5","12","1 (Muy insatisfecho)","MacBook Pro M3 2024","Apple (MacBook)","Laptop convencional","2","14.0""","Sí","Apple M3 (Apple Silicon, arquitectura ARM)","Gama Media (Intel Core i5, Core Ultra 5, AMD Ryzen 5, Apple M1/M2/M3 base)","16","integrada en el chip Apple M3 (no es una tarjeta dedicada tipo NVIDIA o AMD)","Unidad de Estado Sólido (SSD)","712.35","Google Chrome;Spotify;WhatsApp;Discord;Steam;Epic Games Launcher;Minecraft;Roblox","IntelliJ IDEA;PyCharm;MATLAB;RStudio;Microsoft Word;Microsoft Excel;Microsoft PowerPoint;Adobe Acrobat Reader;Zoom","4","6","4","5","5","6","1","Otro","6","7","4","0","Cierre intempestivo de programas"
"2026/09/10 8:05:06 p.m. GMT-5","Grupo 7","Ingeniería Civil","4","5","14","3 (Neutral)","Lenovo loq 15irx10","Lenovo","Laptop convencional","1","15.6""","Sí","Intel","Gama Alta (Intel Core i7/i9, Core Ultra 7/9, AMD Ryzen 7/9, Apple Pro/Max)","16","Rtx 5060","Unidad de Estado Sólido (SSD)","3.2","Google Chrome;Microsoft Edge;Spotify;Discord;Steam;Epic Games Launcher;Minecraft;GTA V","PyCharm;AutoCAD;Microsoft Word;Microsoft Excel;Microsoft PowerPoint;Zoom","1","3","3","5","2","2 ","1","Ninguno","1","3","5","0","No experimento interrupciones con mi laptop"
"2026/09/10 8:06:55 p.m. GMT-5","Grupo 7","Ingeniería Mecatrónica","4","5","12","3 (Neutral)","HP Omnibook X Flip Laptop 14-fk ","HP","Convertible 2 en 1 (Pantalla táctil/giratoria 360°)","1","13.3"" o menor","Sí","AMD Ryzen AI 350 w/ Radeon 860M","Gama Alta (Intel Core i7/i9, Core Ultra 7/9, AMD Ryzen 7/9, Apple Pro/Max)","24","AMD Radeon (TM) 860M Graphics","Unidad de Estado Sólido (SSD)","6.6","Google Chrome;Microsoft Edge;Spotify;WhatsApp;Discord;Steam","Microsoft Excel","100","4","5","5","7","240","1","Ninguno","1","2","5","0","No experimento interrupciones con mi laptop"
"2026/09/10 8:12:50 p.m. GMT-5","Grupo 7","Ingeniería Civil","4","5","13.4","3 (Neutral)","Lenovo loq 15arp","Lenovo","Laptop convencional","2023","15.6""","Sí","Intel","Gama Media (Intel Core i5, Core Ultra 5, AMD Ryzen 5, Apple M1/M2/M3 base)","24","Rtx 3050","Unidad de Estado Sólido (SSD)","20","Google Chrome;Microsoft Edge;WhatsApp;Discord;Steam;Epic Games Launcher;Valorant;Fortnite","PyCharm;MATLAB;RStudio;AutoCAD;Microsoft Word;Microsoft Excel;Microsoft PowerPoint;Adobe Acrobat Reader;Zoom","60","3","3","4","1","90","3","Autodesk (Fusion 360, AutoCAD, Revit)","2","3","4","0","Agotamiento acelerado de batería"
"2026/09/10 8:15:36 p.m. GMT-5","Grupo 7","Ingeniería Mecatrónica","4","6","14.28","3 (Neutral)","Lenovo ThinkPad","Lenovo","Laptop convencional","3","16"" o mayor","Sí","12th Gen Intel(R) Core(TM) i9-12900HX (2.30 GHz)","Gama Alta (Intel Core i7/i9, Core Ultra 7/9, AMD Ryzen 7/9, Apple Pro/Max)","477","NVIDIA RTX A2000 8GB Laptop GPU (8 GB) Intel(R) UHD Graphics (128 MB)","Unidad de Estado Sólido (SSD)","5.6","Google Chrome;Microsoft Edge;Discord","PyCharm;MATLAB;Microsoft Word;Microsoft Excel;Microsoft PowerPoint;Zoom","60","3","3","5","4.5","150","La mantengo conectada","Ninguno","2","2","4","1","Saturación de RAM / Ralentización"
"2026/09/10 8:16:51 p.m. GMT-5","Grupo 5 ⭐","Ingeniería Química","6","5","13","3 (Neutral)","Lenovo IdeaPad S340-15IIL","Lenovo","Laptop convencional","4","15.6""","No","Intel(R) Core(TM) i5-1035G4 CPU","Gama Media (Intel Core i5, Core Ultra 5, AMD Ryzen 5, Apple M1/M2/M3 base)","12","Intel(R) Iris(R) Plus Graphics ","Unidad de Estado Sólido (SSD)","4.5","Google Chrome;Microsoft Edge;Spotify;WhatsApp;Discord","MATLAB;Microsoft Word;Microsoft Excel;Microsoft PowerPoint;Adobe Acrobat Reader;Microsoft Teams","120","5","3","3","3","100","3","Ninguno","2","3","4","0","No experimento interrupciones con mi laptop"
"2026/09/10 8:17:32 p.m. GMT-5","Grupo 7","Ingeniería Civil","4","5","15","3 (Neutral)","Asus tur gaming f15","ASUS","Laptop convencional","2 ","14.0""","Sí","Intel","Gama Media (Intel Core i5, Core Ultra 5, AMD Ryzen 5, Apple M1/M2/M3 base)","8","Rtx ","Unidad de Estado Sólido (SSD)","4","Google Chrome;Microsoft Edge;Spotify;WhatsApp;Discord","Visual Studio Code;Visual Studio;PyCharm;RStudio;AutoCAD;Microsoft Word;Microsoft Excel;Microsoft PowerPoint;Microsoft OneNote;Zoom","50","1 ","1","3","4","120","La mantengo conectada","Autodesk (Fusion 360, AutoCAD, Revit)","1","5","3","2","Saturación de RAM / Ralentización"
"2026/09/10 8:25:22 p.m. GMT-5","Grupo 7","Ingeniería Química","4","5","14.3","2 (Insatisfecho)","ASUS TUF Gaming A15 FA506NCQ","ASUS","Laptop convencional","1","15.6""","Sí","AMD Ryzen 7 170 with Radeon Graphics","Gama Alta (Intel Core i7/i9, Core Ultra 7/9, AMD Ryzen 7/9, Apple Pro/Max)","16.0","AMD Radeon(TM) Graphics","Unidad de Estado Sólido (SSD)","8.9","Google Chrome;Microsoft Edge","PyCharm;MATLAB;RStudio;GeoGebra;Microsoft Word;Microsoft Excel;Microsoft PowerPoint;Zoom","150","3","4","5","4","300","1","Ninguno","2","2","5","0","No experimento interrupciones con mi laptop"
"2026/09/10 8:36:17 p.m. GMT-5","Grupo 6","Business Analytics","2","6","15.7","4 (Satisfecho)","Apple MacBook Air M3 2024 (13"")","Apple (MacBook)","Laptop convencional","2","15.6""","Sí","Apple","Gama Media (Intel Core i5, Core Ultra 5, AMD Ryzen 5, Apple M1/M2/M3 base)","16","Integrada Apple GPU","Unidad de Estado Sólido (SSD)","9.2","Google Chrome;Mozilla Firefox;Spotify;WhatsApp;Discord","Visual Studio Code;PyCharm;MATLAB;RStudio;Microsoft Word;Microsoft Excel;Microsoft PowerPoint;Microsoft OneNote;Adobe Acrobat Reader;Zoom","230","4","4","4","5","160","2","Ninguno","2","7","3","0","No experimento interrupciones con mi laptop"
"2026/09/10 8:40:04 p.m. GMT-5","Grupo 6","Ingeniería Mecánica","3","6","15.1","4 (Satisfecho)","MSI Katana 15 B13VGK","MSI","Laptop convencional","2","15.6""","Sí","Intel","Gama Alta (Intel Core i7/i9, Core Ultra 7/9, AMD Ryzen 7/9, Apple Pro/Max)","16","Dedicada NVIDIA GeForce RTX 4070 Laptop GPU","Unidad de Estado Sólido (SSD)","6.2","Google Chrome;Microsoft Edge;Mozilla Firefox;Spotify;WhatsApp;Discord;Steam;Fortnite","Visual Studio Code;Visual Studio;PyCharm;MATLAB;RStudio;Wolfram Mathematica;GeoGebra;AutoCAD;SolidWorks;Microsoft Word;Microsoft Excel;Microsoft PowerPoint;Microsoft OneNote;Adobe Acrobat Reader;Microsoft Teams;Zoom","140","4","3","5","4.5","130","3","Autodesk (Fusion 360, AutoCAD, Revit)","3","11","3","1","Cierre intempestivo de programas"
"2026/09/10 8:43:05 p.m. GMT-5","Grupo 6","Ingeniería Electrónica","5","6","16.34","4 (Satisfecho)","Acer Nitro V 15 ANV15-51","Acer","Laptop convencional","3","16"" o mayor","Sí","Intel","Gama Media (Intel Core i5, Core Ultra 5, AMD Ryzen 5, Apple M1/M2/M3 base)","16","Dedicada (NVIDIA GeForce RTX 4050 Laptop GPU)","Unidad de Estado Sólido (SSD)","8.1","Google Chrome;Microsoft Edge;Mozilla Firefox;Spotify;WhatsApp;Discord;Steam;Minecraft;Valorant;Counter-Strike 2","Visual Studio Code;Visual Studio;IntelliJ IDEA;PyCharm;Android Studio;MATLAB;RStudio;GeoGebra;SolidWorks;Autodesk Inventor;Microsoft Word;Microsoft Excel;Microsoft PowerPoint;Microsoft OneNote;Adobe Acrobat Reader;Microsoft Teams;Zoom","230","5","4","5","5.5","180","2","Simuladores de electrónica (Proteus, Multisim, LTspice)","3","8","4","2","Saturación de RAM / Ralentización"
"2026/09/10 8:47:58 p.m. GMT-5","Grupo 6","Ingeniería Civil","8","5","16.7","3 (Neutral)","LG Gram 16 16Z90R","Otra","Laptop convencional","3","15.6""","Sí","Intel","Gama Alta (Intel Core i7/i9, Core Ultra 7/9, AMD Ryzen 7/9, Apple Pro/Max)","16","(Integrada Intel Iris Xe)","Unidad de Estado Sólido (SSD)","9.1","Google Chrome;Microsoft Edge;Mozilla Firefox;Spotify;WhatsApp;Discord;Steam;Epic Games Launcher;Minecraft;Roblox","Visual Studio Code;PyCharm;MATLAB;RStudio;Wolfram Mathematica;GeoGebra;AutoCAD;SolidWorks;Autodesk Inventor;Microsoft Word;Microsoft Excel;Microsoft PowerPoint;Adobe Acrobat Reader;Microsoft Teams;Zoom","175","6","4","5","5","180","3","Autodesk (Fusion 360, AutoCAD, Revit)","1","9","4","3","Sobrecalentamiento térmico del equipo"
"2026/09/10 8:50:02 p.m. GMT-5","Grupo 5 ⭐","Ingeniería Mecatrónica","3 ","6","13","4 (Satisfecho)","Lenovo IdeaPad 502S","Lenovo","Laptop convencional","4 ","14.0""","No","i5-8250U CPU @ 1.60GHz","Gama Media (Intel Core i5, Core Ultra 5, AMD Ryzen 5, Apple M1/M2/M3 base)","8","Intel(R) UHD Graphics 620","Unidad de Estado Sólido (SSD)","1.9","Google Chrome;Discord;Minecraft","MATLAB;RStudio;Microsoft Word;Microsoft Excel;Microsoft PowerPoint;Adobe Acrobat Reader;Zoom","240","1 dia ","2","4","6","30","Más de 3","Ninguno","2","2","4","0","Sobrecalentamiento térmico del equipo"
"2026/09/10 8:51:17 p.m. GMT-5","Grupo 7","Ingeniería de la Energía","4","4","17.94","3 (Neutral)","MacBook Pro 14’’","Apple (MacBook)","Laptop convencional","2","14.0""","Sí",".","Gama Media (Intel Core i5, Core Ultra 5, AMD Ryzen 5, Apple M1/M2/M3 base)","256",".","Unidad de Estado Sólido (SSD)","2","Google Chrome;WhatsApp;Discord;Minecraft","GeoGebra;Microsoft Word;Microsoft Excel;Microsoft PowerPoint;Zoom","120","5","4","5","6.5","300","1","MATLAB, Python / Entornos IDE (VS Code, PyCharm)","1","4","4","1","Cierre intempestivo de programas"
"2026/09/10 8:52:48 p.m. GMT-5","Grupo 6","Ingeniería Química","4","6","16.23","4 (Satisfecho)","HP Pavilion Plus 14-ew1013dx","HP","Laptop convencional","2","15.6""","No","Intel","Gama Media (Intel Core i5, Core Ultra 5, AMD Ryzen 5, Apple M1/M2/M3 base)","16"," Integrada Intel  Iris Xe","Unidad de Estado Sólido (SSD)","7.4","Google Chrome;Microsoft Edge;Mozilla Firefox;Spotify;WhatsApp;Discord;Minecraft","Visual Studio Code;PyCharm;MATLAB;RStudio;Wolfram Mathematica;GeoGebra;Microsoft Word;Microsoft Excel;Microsoft PowerPoint;Microsoft OneNote;Adobe Acrobat Reader;Microsoft Teams;Zoom","210","4","2","4","5.2","190","3","Software de Análisis de Datos (RStudio, PowerBI)","2","8","4","1","Cierre intempestivo de programas"
"2026/09/10 8:56:36 p.m. GMT-5","Grupo 5 ⭐","Ingeniería Industrial","3","8","17.8","2 (Insatisfecho)","Loq 15 ","Lenovo","Laptop convencional","1","15.6""","Sí","AMD Ryzen 7 7435HS","Gama Alta (Intel Core i7/i9, Core Ultra 7/9, AMD Ryzen 7/9, Apple Pro/Max)","24","NVIDIA GeForce RTX 4050 ","Unidad de Estado Sólido (SSD)","20","Google Chrome;Spotify;Minecraft;Roblox","RStudio;SolidWorks;Autodesk Inventor","180","2","4","5","3","120","La mantengo conectada","Ninguno","6","5","5","0","No experimento interrupciones con mi laptop"
"2026/09/10 9:03:12 p.m. GMT-5","Grupo 5 ⭐","Ingeniería Mecatrónica","2","6","14.85","3 (Neutral)","Asus Laptop Tuf gaming A16 AMD Ryzen 7 170 8G RAM ","ASUS","Laptop convencional","0","16"" o mayor","Sí",".","Gama Alta (Intel Core i7/i9, Core Ultra 7/9, AMD Ryzen 7/9, Apple Pro/Max)","8","4050","Unidad de Estado Sólido (SSD)","312","Google Chrome;Microsoft Edge;Spotify;WhatsApp;Discord;Steam;Minecraft;Roblox","Visual Studio Code;Visual Studio;PyCharm;MATLAB;AutoCAD;Autodesk Inventor;Microsoft Word;Microsoft Excel;Microsoft PowerPoint;Microsoft OneNote;Microsoft Teams;Zoom","40","4","3","5","3","7","La mantengo conectada","Autodesk (Fusion 360, AutoCAD, Revit)","4","5","5","0","No experimento interrupciones con mi laptop"
"2026/09/10 9:03:39 p.m. GMT-5","Grupo 7","Ingeniería Mecatrónica","4","5","14.32","3 (Neutral)","Windows","Lenovo","Laptop convencional","0","16"" o mayor","Sí","Intel","Gama Alta (Intel Core i7/i9, Core Ultra 7/9, AMD Ryzen 7/9, Apple Pro/Max)","16","4060 gtx","Unidad de Estado Sólido (SSD)","8","Google Chrome;Microsoft Edge;Discord;Steam;Epic Games Launcher;Minecraft;League of Legends;Counter-Strike 2;Fortnite","PyCharm;GeoGebra;Microsoft Word;Microsoft Excel;Microsoft PowerPoint;Microsoft OneNote;Zoom","200","5","3","5","2","100","Más de 3","Ninguno","2","4","4","0","No experimento interrupciones con mi laptop"
"2026/09/10 9:03:50 p.m. GMT-5","Grupo 5 ⭐","Ingeniería Mecatrónica","2","6","14.05","4 (Satisfecho)","Asus Vivobook","ASUS","Laptop convencional","4","15.6""","No","Intel","Gama Media (Intel Core i5, Core Ultra 5, AMD Ryzen 5, Apple M1/M2/M3 base)","8","Intel(R)","Unidad de Estado Sólido (SSD)","2","Google Chrome;Microsoft Edge;Mozilla Firefox;Spotify;WhatsApp;Discord;Roblox;EA Sports FC","PyCharm;MATLAB;GeoGebra;SolidWorks;Autodesk Inventor;Microsoft Word;Microsoft Excel;Microsoft PowerPoint;Adobe Acrobat Reader;Microsoft Teams;Zoom","2","Todos los días ","3","4","3","350","1","Autodesk (Fusion 360, AutoCAD, Revit)","2","3","4","0","No experimento interrupciones con mi laptop"
"2026/09/10 9:03:50 p.m. GMT-5","Grupo 6","Ciberseguridad","2","6","16.8","4 (Satisfecho)","Razer Blade 15 Advanced Model (2025)","Otra","Laptop convencional","1","15.6""","Sí","Intel","Gama Alta (Intel Core i7/i9, Core Ultra 7/9, AMD Ryzen 7/9, Apple Pro/Max)","16","Dedicada NVIDIA GeForce RTX 3070 Ti Laptop GPU","Unidad de Estado Sólido (SSD)","5.2","Google Chrome;Microsoft Edge;Mozilla Firefox;Spotify;WhatsApp;Discord;Steam;Minecraft;Valorant;League of Legends;Roblox","Visual Studio Code;Visual Studio;PyCharm;Android Studio;MATLAB;Microsoft Word;Microsoft Excel;Microsoft PowerPoint;Microsoft OneNote;Adobe Acrobat Reader;Microsoft Teams;Zoom","145","5","4","4","4","180","2","Ninguno","4","7","4","0","No experimento interrupciones con mi laptop"
"2026/09/10 9:10:23 p.m. GMT-5","Grupo 5 ⭐","Ingeniería Electrónica","3","6","16","5 (Muy satisfecho)","HP PAVILION GAMING","HP","Laptop convencional","6","15.6""","Sí","AMD Ryzen 5 ","Gama Media (Intel Core i5, Core Ultra 5, AMD Ryzen 5, Apple M1/M2/M3 base)","24","NVIDIA RTX 3060 GPU","Unidad de Estado Sólido (SSD)","8","Google Chrome","Visual Studio Code;Microsoft Teams","30","5","5","5","4","50","3","MATLAB, Python / Entornos IDE (VS Code, PyCharm)","5","4","5","3","Saturación de RAM / Ralentización"
"2026/09/10 9:11:09 p.m. GMT-5","Grupo 7","Ingeniería Civil","4","5","13.3","3 (Neutral)","HP","HP","Laptop convencional","4","14.0""","Sí","Intel","Gama Media (Intel Core i5, Core Ultra 5, AMD Ryzen 5, Apple M1/M2/M3 base)","8","Integrada","Unidad de Estado Sólido (SSD)","7","Google Chrome;Spotify;WhatsApp;Discord;Steam;Epic Games Launcher;League of Legends;Counter-Strike 2;Fortnite","GeoGebra;AutoCAD;Microsoft Word;Microsoft Excel;Zoom","40","5","3","5","5","150","3","MATLAB, Python / Entornos IDE (VS Code, PyCharm)","3","4","4","2","Saturación de RAM / Ralentización"
"2026/09/10 9:11:24 p.m. GMT-5","Grupo 5 ⭐","Ingeniería Química","4","5","14.7","3 (Neutral)","Lenovo G460","Lenovo","Laptop convencional","9","14.0""","No","Intel Core i5-460M","Gama Media (Intel Core i5, Core Ultra 5, AMD Ryzen 5, Apple M1/M2/M3 base)","8 ","Intel HD Graphics","Unidad de Estado Sólido (SSD)","4.2","Google Chrome;WhatsApp;Discord;Steam;Minecraft;Valorant;League of Legends;Roblox","PyCharm;MATLAB;RStudio;Wolfram Mathematica;GeoGebra;AutoCAD;Microsoft Word;Microsoft Excel;Microsoft PowerPoint;Adobe Acrobat Reader;Zoom","180","0","5","2","6.7","45","La mantengo conectada","MATLAB, Python / Entornos IDE (VS Code, PyCharm)","2","3","3","4","Saturación de RAM / Ralentización"
"2026/09/10 9:11:31 p.m. GMT-5","Grupo 5 ⭐","Ingeniería Electrónica","3","6","16.00","2 (Insatisfecho)","HP Victus  15-fb3093dx","HP","Laptop convencional","1","15.6""","Sí","AMD Ryzen 7 7445HS w/ Radeon 740M Graphics","Gama Alta (Intel Core i7/i9, Core Ultra 7/9, AMD Ryzen 7/9, Apple Pro/Max)","24","NVIDIA GeForce RTX 4050 Laptop GPU","Unidad de Estado Sólido (SSD)","12.0","Google Chrome;Spotify;Steam;Roblox","Visual Studio Code;Autodesk Inventor;Microsoft Word;Microsoft Excel;Microsoft PowerPoint;Adobe Acrobat Reader;Microsoft Teams;Zoom","180","2","3","5","1","150","1","MATLAB, Python / Entornos IDE (VS Code, PyCharm)","3","4","4","0","Sobrecalentamiento térmico del equipo"
"2026/09/10 9:13:25 p.m. GMT-5","Grupo 7","Ciencias de la Computación","4","5","15.7","3 (Neutral)","Asus TUF Gaming F15","ASUS","Laptop convencional","2","14.0""","Sí","AMD","Gama Media (Intel Core i5, Core Ultra 5, AMD Ryzen 5, Apple M1/M2/M3 base)","16","NVIDIA GeForce RTX 3050","Unidad de Estado Sólido (SSD)","10","Google Chrome;Mozilla Firefox;Spotify;Discord;Steam","Visual Studio Code;IntelliJ IDEA;PyCharm;Zoom","60","3","3","3","3.5","150","La mantengo conectada","Otro","3","4","4","1","Sobrecalentamiento térmico del equipo"
"2026/09/10 9:17:22 p.m. GMT-5","Grupo 5 ⭐","Ingeniería Mecatrónica","3","6","15.5","3 (Neutral)","Acer Nitro NL16-71G","Acer","Laptop convencional","1","14.0""","Sí","13th Gen Intel Core i7 - 13620H","Gama Alta (Intel Core i7/i9, Core Ultra 7/9, AMD Ryzen 7/9, Apple Pro/Max)","16","Nvidia GeForce RTX 4050","Unidad de Estado Sólido (SSD)","7.5","Google Chrome;Microsoft Edge;Spotify;WhatsApp;Discord;Steam;Epic Games Launcher;GTA V","PyCharm;MATLAB;RStudio;GeoGebra;AutoCAD;Microsoft Word;Microsoft Excel;Microsoft PowerPoint;Microsoft OneNote;Adobe Acrobat Reader;Microsoft Teams;Zoom","60","4","3","5","5","90","La mantengo conectada","Otro","3","4","4","0","Agotamiento acelerado de batería"
"2026/09/10 9:21:08 p.m. GMT-5","Grupo 6","Bioingeniería","8","4","17.9","5 (Muy satisfecho)","NITRO 5","Acer","Laptop convencional","8","13.3"" o menor","Sí","INTEL","Gama Alta (Intel Core i7/i9, Core Ultra 7/9, AMD Ryzen 7/9, Apple Pro/Max)","8","NVIDIA GeForce 1550 Ti","Unidad de Estado Sólido (SSD)","7.2","Google Chrome;Microsoft Edge;Spotify;WhatsApp;Discord;Steam;Epic Games Launcher;Minecraft;Valorant;League of Legends;Roblox","PyCharm;Jupyter Notebook;MATLAB;RStudio;AutoCAD;Microsoft Word;Microsoft Excel;Microsoft PowerPoint;Microsoft OneNote;Adobe Acrobat Reader;Microsoft Teams","120","5","1","4","5","0","La mantengo conectada","Autodesk (Fusion 360, AutoCAD, Revit)","3","3","4","0","Saturación de RAM / Ralentización"
"2026/09/10 9:22:29 p.m. GMT-5","Grupo 5 ⭐","Ingeniería Mecatrónica","3","7","17.8","3 (Neutral)","Lenovo loq","Lenovo","Laptop convencional","1","15.6""","Sí","Intel i5 - AMD","Gama Media (Intel Core i5, Core Ultra 5, AMD Ryzen 5, Apple M1/M2/M3 base)","64","NVIDIA GeForce RTX","Unidad de Estado Sólido (SSD)","5600","Google Chrome;Microsoft Edge;WhatsApp;Steam;Minecraft;Valorant;Dota 2;Fortnite;GTA V","Visual Studio Code;Visual Studio;PyCharm;MATLAB;RStudio;GeoGebra;AutoCAD;ArcGIS;Microsoft Word;Microsoft Excel;Microsoft PowerPoint;Microsoft OneNote;Adobe Acrobat Reader;Microsoft Teams;Zoom","360","4","2","2","4","150","La mantengo conectada","Navegador web (Múltiples pestañas de estudio abiertas)","4","12","3","3","Saturación de RAM / Ralentización"
"2026/09/10 9:23:00 p.m. GMT-5","Grupo 5 ⭐","Ingeniería Mecatrónica","2","6","13.8","2 (Insatisfecho)","Victus 15-fa1093dx","HP","Laptop convencional","0","15.6""","Sí","Ryzen","Gama Alta (Intel Core i7/i9, Core Ultra 7/9, AMD Ryzen 7/9, Apple Pro/Max)","8","Rtx 3050","Unidad de Estado Sólido (SSD)","2","Google Chrome;Spotify;WhatsApp;Discord;Valorant;Roblox","Visual Studio Code;MATLAB;Zoom","1 ","4","5","5","3","120","2","Ninguno","4","4","4","0","No experimento interrupciones con mi laptop"
"2026/09/10 9:24:20 p.m. GMT-5","Grupo 3","Ingeniería Industrial","3","6","15","1 (Muy insatisfecho)","Lenovo Loq","Lenovo","Laptop convencional","1","14.0""","Sí","intel core i9 13 gen","Gama Alta (Intel Core i7/i9, Core Ultra 7/9, AMD Ryzen 7/9, Apple Pro/Max)","16","nvidia rtx 5060","Unidad de Estado Sólido (SSD)","10","Google Chrome;Epic Games Launcher;Fortnite","PyCharm;Zoom","60","5","5","5","6","200","3","MATLAB, Python / Entornos IDE (VS Code, PyCharm)","4","2","5","0","No experimento interrupciones con mi laptop"
"2026/09/10 9:25:22 p.m. GMT-5","Grupo 7","Ingeniería Civil","10","1","16.75","2 (Insatisfecho)"," HP Victus 15-fa1093dx","HP","Laptop convencional","3","15.6""","Sí","13th gen intel core","Gama Media (Intel Core i5, Core Ultra 5, AMD Ryzen 5, Apple M1/M2/M3 base)","16","NVIDIA","Unidad de Estado Sólido (SSD)","10","Google Chrome;Microsoft Edge;WhatsApp","PyCharm;MATLAB;Microsoft Word;Microsoft Excel;Microsoft PowerPoint;Microsoft OneNote","40","3","2","3","1","150","1","Autodesk (Fusion 360, AutoCAD, Revit)","1","3","3","0","Sobrecalentamiento térmico del equipo"
"2026/09/10 9:26:14 p.m. GMT-5","Grupo 5 ⭐","Ingeniería Mecánica","4","6","14","3 (Neutral)"," Asus tuf gaming F15","ASUS","Laptop convencional","2","15.6""","Sí","12 thCore i5","Gama Media (Intel Core i5, Core Ultra 5, AMD Ryzen 5, Apple M1/M2/M3 base)","16","RTX 3050","Disco Duro Mecánico (HDD)","8","Google Chrome;Microsoft Edge;Spotify;WhatsApp;Discord;Steam;Epic Games Launcher;League of Legends;Fortnite","MATLAB;RStudio;GeoGebra;AutoCAD;Microsoft Word;Zoom","40 ","3","4","4","3","60","3","Ninguno","1","3","4","0","Agotamiento acelerado de batería"
"2026/09/10 9:26:29 p.m. GMT-5","Grupo 5 ⭐","Ingeniería Mecatrónica","3","7","17","4 (Satisfecho)","ASUS TUF Gaming A15 FA507RF_FA507RF","ASUS","Laptop convencional","4","13.3"" o menor","Sí","AMD","Gama Alta (Intel Core i7/i9, Core Ultra 7/9, AMD Ryzen 7/9, Apple Pro/Max)","16","NVIDIA GeForce RTX 2050","Unidad de Estado Sólido (SSD)","4.5","Google Chrome;Microsoft Edge;Mozilla Firefox;Spotify;WhatsApp;Discord;Steam;Epic Games Launcher;Counter-Strike 2;Fortnite;GTA V","Visual Studio Code;Visual Studio;IntelliJ IDEA;PyCharm;MATLAB;RStudio;GeoGebra;AutoCAD;Autodesk Inventor;Microsoft Word;Microsoft Excel;Adobe Acrobat Reader;Zoom","120","3","3","4","6","90","Más de 3","Ninguno","1","4","4","0","Agotamiento acelerado de batería"
"2026/09/10 9:28:21 p.m. GMT-5","Grupo 5 ⭐","Ingeniería Electrónica","3","5","16","4 (Satisfecho)","Lenovo LOQ","Lenovo","Laptop convencional","2","15.6""","Sí","Intel","Gama Media (Intel Core i5, Core Ultra 5, AMD Ryzen 5, Apple M1/M2/M3 base)","8","3050","Unidad de Estado Sólido (SSD)","4.1","Google Chrome;Spotify;WhatsApp;Discord;Steam;Epic Games Launcher;Minecraft;Valorant;League of Legends;Counter-Strike 2;Dota 2;Fortnite;Roblox;GTA V;EA Sports FC","Visual Studio Code;PyCharm;MATLAB;GeoGebra;AutoCAD;Microsoft Word;Microsoft Excel;Microsoft PowerPoint;Microsoft OneNote;Zoom","2","4","5","5","5","120","2","Ninguno","3","3","4","1","Cierre intempestivo de programas"
"2026/09/10 9:28:36 p.m. GMT-5","Grupo 5 ⭐","Administración y Negocios Digitales","5","5","14.4","2 (Insatisfecho)","Lenovo intelcorr i5","Lenovo","Laptop convencional","4","14.0""","No","Inter","Gama Baja (Intel Core i3, AMD Ryzen 3, Celeron, Pentium)","18","Gru","Disco Duro Mecánico (HDD)","6","Google Chrome;Microsoft Edge;WhatsApp;Discord;Steam;Epic Games Launcher","Visual Studio Code;Visual Studio;PyCharm;RStudio;Microsoft Word;Microsoft Excel;Microsoft PowerPoint;Microsoft OneNote;Microsoft Teams;Zoom","5","5","3","3","5","140","2","MATLAB, Python / Entornos IDE (VS Code, PyCharm)","1","3","4","2","Agotamiento acelerado de batería"
"2026/09/10 9:30:10 p.m. GMT-5","Grupo 3","Ingeniería Mecatrónica","5","4","14.8","3 (Neutral)","Windows (esto ya me dio flojera xd)","HP","Laptop convencional","2","14.0""","No","AMD Ryzen 5 4500U white Radeon Graphics ","Gama Media (Intel Core i5, Core Ultra 5, AMD Ryzen 5, Apple M1/M2/M3 base)","8","GPU 0","Unidad de Estado Sólido (SSD)","1.1","Google Chrome;Microsoft Edge;Mozilla Firefox;Spotify;WhatsApp;Discord;Steam;Epic Games Launcher;Minecraft;Valorant;League of Legends;Roblox","MATLAB;Zoom","35 ","0","3","3","5","2","3","MATLAB, Python / Entornos IDE (VS Code, PyCharm)","1","6","3","0","Saturación de RAM / Ralentización"
"2026/09/10 9:31:22 p.m. GMT-5","Grupo 5 ⭐","Ciberseguridad","2","6","14.6","3 (Neutral)","Asus ROG Zephyrus G14 2025","ASUS","Laptop convencional","-1","14.0""","Sí","AMD Ryzen 9","Gama Alta (Intel Core i7/i9, Core Ultra 7/9, AMD Ryzen 7/9, Apple Pro/Max)","16","NVIDIA GeForce RTX 5060","Unidad de Estado Sólido (SSD)","8.3","Google Chrome;Spotify;WhatsApp;Discord;Steam;Epic Games Launcher;Minecraft;Roblox","Visual Studio Code;PyCharm;Microsoft Word;Microsoft Excel;Microsoft PowerPoint;Zoom","120","5 días","4","5","6.5","200","2","Ninguno","6","3","5","1","Cierre intempestivo de programas"
"2026/09/10 9:34:23 p.m. GMT-5","Grupo 5 ⭐","Ingeniería Civil","10","4","15.49","5 (Muy satisfecho)","MacBook Pro M1 2021","Apple (MacBook)","Laptop convencional","5","16"" o mayor","Sí","Apple","Gama Media (Intel Core i5, Core Ultra 5, AMD Ryzen 5, Apple M1/M2/M3 base)","16","Tarjeta integrada en el chip M1","Unidad de Estado Sólido (SSD)","8","Google Chrome;WhatsApp;Minecraft","AutoCAD;Microsoft Excel;Zoom","8","5","5","5","5","5","1","Autodesk (Fusion 360, AutoCAD, Revit)","1","5","5","0","No experimento interrupciones con mi laptop"
"2026/09/10 9:39:03 p.m. GMT-5","Grupo 3","Ingeniería Mecánica","3","7","13.05","3 (Neutral)","Asus TUF GAMING F15 FX507ZC4","ASUS","Laptop convencional","1","15.6""","Sí","Intel","Gama Media (Intel Core i5, Core Ultra 5, AMD Ryzen 5, Apple M1/M2/M3 base)","24","RTX 3050","Unidad de Estado Sólido (SSD)","7.8","Google Chrome;Microsoft Edge;Spotify;WhatsApp;Discord;Steam;Minecraft;Counter-Strike 2;Roblox","Visual Studio Code;PyCharm;MATLAB;RStudio;AutoCAD;SolidWorks;Autodesk Inventor;Microsoft Teams;Zoom","180","5","2","4","8","90","Más de 3","Ninguno","3","3","4","0","No experimento interrupciones con mi laptop"
"2026/09/10 9:39:54 p.m. GMT-5","Grupo 5 ⭐","Ingeniería Mecatrónica","3","6","14","1 (Muy insatisfecho)","Asus tuf gaming f15","ASUS","Laptop convencional","2","15.6""","Sí","Intel core i5 12500H","Gama Media (Intel Core i5, Core Ultra 5, AMD Ryzen 5, Apple M1/M2/M3 base)","8","Nvidia rtx 3050","Unidad de Estado Sólido (SSD)","3.2","Google Chrome;Spotify;WhatsApp;Discord","Visual Studio Code;PyCharm;MATLAB;RStudio;GeoGebra;AutoCAD;Autodesk Inventor;Microsoft Word;Microsoft Excel;Microsoft PowerPoint;Zoom","120","4","1","5","5","12067","La mantengo conectada","Otro","4","67","2","-1","Saturación de RAM / Ralentización"
"2026/09/10 9:44:52 p.m. GMT-5","Grupo 5 ⭐","Ingeniería Mecatrónica","2","6","15.7","2 (Insatisfecho)","Lenovo Idepad slim 3 Gen 10","Lenovo","Laptop convencional","0","14.0""","No","AMD Ryzen 7 7735HS","Gama Alta (Intel Core i7/i9, Core Ultra 7/9, AMD Ryzen 7/9, Apple Pro/Max)","16 ","AMD Radeon(TM) Graphics","Unidad de Estado Sólido (SSD)","3.7","Google Chrome;Spotify;WhatsApp;Steam;Epic Games Launcher;Roblox","Visual Studio Code;MATLAB;Autodesk Inventor;Adobe Acrobat Reader;Zoom","3","Todos los dias","4","4","2","240","2","Autodesk (Fusion 360, AutoCAD, Revit)","2","3","4","0","No experimento interrupciones con mi laptop"
"2026/09/10 9:47:10 p.m. GMT-5","Grupo 5 ⭐","Ingeniería Mecatrónica","2","6","8","3 (Neutral)","Alienware 16 Aurora AC16250","Dell","Laptop convencional","1","16"" o mayor","Sí","intel core 7 240H","Gama Alta (Intel Core i7/i9, Core Ultra 7/9, AMD Ryzen 7/9, Apple Pro/Max)","16","RTX 5060 ","Unidad de Estado Sólido (SSD)","2.2","Google Chrome;Microsoft Edge;Spotify;WhatsApp;Discord;Steam;Epic Games Launcher;Minecraft;Valorant;Dota 2;EA Sports FC","MATLAB","30","3","2","5","2","150","La mantengo conectada","Ninguno","0","6","4","0","No experimento interrupciones con mi laptop"
"2026/09/10 9:50:43 p.m. GMT-5","Grupo 3","Ingeniería Civil","1","6","15","4 (Satisfecho)","Lenovo LOQ ","Lenovo","Laptop convencional","1","15.6""","Sí","Ryzen","Gama Alta (Intel Core i7/i9, Core Ultra 7/9, AMD Ryzen 7/9, Apple Pro/Max)","16","RTX 5050","Unidad de Estado Sólido (SSD)","6.2","Google Chrome;Microsoft Edge;Spotify;WhatsApp;Discord;Steam;Epic Games Launcher;Minecraft;Fortnite;Roblox","PyCharm;Zoom","2 ","3","5","5","3","150","La mantengo conectada","Ninguno","2","7","5","0","No experimento interrupciones con mi laptop"
"2026/09/10 9:51:31 p.m. GMT-5","Grupo 5 ⭐","Ingeniería Electrónica","7","5","12.1","3 (Neutral)","ASUS TUF Gaming F15 FX507ZC4","ASUS","Laptop convencional","1","15.6""","Sí","12th Gen Intel[R] Core[TM] i5-12450H","Gama Media (Intel Core i5, Core Ultra 5, AMD Ryzen 5, Apple M1/M2/M3 base)","16","NVIDIA GeForce RTX 3060 Laptop GPU","Unidad de Estado Sólido (SSD)","5.6","Google Chrome;Microsoft Edge;Spotify;WhatsApp;Discord;Steam;Epic Games Launcher","PyCharm;MATLAB;AutoCAD;Microsoft Excel;Microsoft PowerPoint;Zoom","10000000","4","4","4","5","180","3","Ninguno","4","3","5","0","No experimento interrupciones con mi laptop"
"2026/09/10 9:53:09 p.m. GMT-5","Grupo 5 ⭐","Ingeniería Mecánica","3","7","16.42","3 (Neutral)"," ASUS TUF Gaming F15 FX507ZC4","ASUS","Laptop convencional","2","15.6""","Sí","12th Gen Intel(R) Core(TM) i7-12700H","Gama Alta (Intel Core i7/i9, Core Ultra 7/9, AMD Ryzen 7/9, Apple Pro/Max)","16","NVIDIA GeForce RTX 3050 Laptop GPU","Unidad de Estado Sólido (SSD)","1.6","Google Chrome;Microsoft Edge;Spotify;WhatsApp;Discord;Steam;Epic Games Launcher;Minecraft;Valorant;League of Legends;Fortnite;Roblox","Visual Studio Code;GeoGebra;AutoCAD;Autodesk Inventor;Microsoft Word;Microsoft PowerPoint;Zoom","120","3","3","5","3","60","La mantengo conectada","Ninguno","1","3","4","0","No experimento interrupciones con mi laptop"
"2026/09/10 9:55:28 p.m. GMT-5","Grupo 5 ⭐","Ingeniería Mecatrónica","3","6","17.79","4 (Satisfecho)","ASUS TUF Gaming F15","ASUS","Laptop convencional","3","14.0""","Sí","12th Gen Intel(R) Core(TM) i7-12700H","Gama Alta (Intel Core i7/i9, Core Ultra 7/9, AMD Ryzen 7/9, Apple Pro/Max)","16","RTX 3050","Unidad de Estado Sólido (SSD)","3.8","Google Chrome;Microsoft Edge;Discord;Steam;Minecraft","Visual Studio Code;Visual Studio;PyCharm;MATLAB;RStudio;GeoGebra;AutoCAD;SolidWorks;Microsoft Word;Microsoft OneNote;Zoom","60","4","3","3","6","200","La mantengo conectada","Ninguno","3","5","5","0","No experimento interrupciones con mi laptop"
"2026/09/10 9:58:21 p.m. GMT-5","Grupo 5 ⭐","Bioingeniería","4","5","16.14","2 (Insatisfecho)","HP 15GW0012","HP","Laptop convencional","5","15.6""","No","Intel","Gama Media (Intel Core i5, Core Ultra 5, AMD Ryzen 5, Apple M1/M2/M3 base)","12","AMD Radeon(TM) Vega 8 Graphics","Unidad de Estado Sólido (SSD)","2.7","Google Chrome;Microsoft Edge;Spotify","MATLAB;Microsoft Word;Microsoft Excel;Microsoft PowerPoint;Zoom","60","5","3","2","1","120","1","MATLAB, Python / Entornos IDE (VS Code, PyCharm)","3","3","1","4","Cierre intempestivo de programas"
"2026/09/10 10:01:43 p.m. GMT-5","Grupo 7","Ingeniería Mecánica","3","6","17.6","4 (Satisfecho)","ASUS TUF Gaming","ASUS","Laptop convencional","1","14.0""","Sí","12th Gen Intel(R) core(TM) i5-12500H","Gama Media (Intel Core i5, Core Ultra 5, AMD Ryzen 5, Apple M1/M2/M3 base)","8","NVIDIA GetForce RTX 3050 Laptop GPU","Unidad de Estado Sólido (SSD)","0.9","Google Chrome;Microsoft Edge;WhatsApp;Discord;Steam;Epic Games Launcher;Roblox","Visual Studio Code;PyCharm;MATLAB;RStudio;GeoGebra;AutoCAD;SolidWorks;Autodesk Inventor;Microsoft Word;Microsoft Excel;Microsoft PowerPoint;Microsoft OneNote;Zoom","180","6","2","4","3.5","100","Más de 3","MATLAB, Python / Entornos IDE (VS Code, PyCharm)","3","4","3","1","Agotamiento acelerado de batería"
"2026/09/10 10:02:50 p.m. GMT-5","Grupo 6","Ciencias de la Computación","4","5","14.73","4 (Satisfecho)","Victus by HP Gaming Laptop 15-fb3xxx","ASUS","Otro","10","15.6""","Sí","AMD","No lo sé","512 ","Dedi ca da","Unidad de Estado Sólido (SSD)","3.8","Google Chrome;Microsoft Edge;Discord;Steam","Visual Studio Code;IntelliJ IDEA;MATLAB;Zoom","67","2","5","5","5","240","1","Otro","4","5","5","0","Saturación de RAM / Ralentización"
"2026/09/10 10:04:41 p.m. GMT-5","Grupo 5 ⭐","Administración y Negocios Digitales","8","7","15.4","3 (Neutral)","mackbook pro 13-inch, M1, 2020","Apple (MacBook)","Laptop convencional","6","13.3"" o menor","Sí","?? apple?","Gama Media (Intel Core i5, Core Ultra 5, AMD Ryzen 5, Apple M1/M2/M3 base)","8","no se","Unidad de Estado Sólido (SSD)","8","Google Chrome;WhatsApp;Discord;Steam;Epic Games Launcher;Minecraft;Roblox","Visual Studio Code;IntelliJ IDEA;Microsoft Word;Microsoft Excel;Zoom","1000","5","3","3","2.5","200000","1","Ninguno","0","10","4","0","Sobrecalentamiento térmico del equipo"
"2026/09/10 10:06:26 p.m. GMT-5","Grupo 3","Ingeniería Mecánica","3","5","15.78","1 (Muy insatisfecho)","Lenovo Legion i5","Lenovo","Laptop convencional","1","16"" o mayor","Sí","AMD ","Gama Alta (Intel Core i7/i9, Core Ultra 7/9, AMD Ryzen 7/9, Apple Pro/Max)","32 ","Rtx 5070 ","Unidad de Estado Sólido (SSD)","12","Google Chrome;Spotify;WhatsApp;Discord;Steam;Epic Games Launcher;Minecraft;Fortnite;Roblox","PyCharm;MATLAB;RStudio;GeoGebra;AutoCAD;Autodesk Inventor;Microsoft Word;Microsoft Excel;Microsoft PowerPoint;Microsoft OneNote;Zoom","50","5","3","5","5","150","La mantengo conectada","Ninguno","1","6","5","1","Sobrecalentamiento térmico del equipo"
"2026/09/10 10:07:39 p.m. GMT-5","Grupo 5 ⭐","Ingeniería Mecatrónica","11","1","14.9","4 (Satisfecho)","Lenovo ideapad flex 5","Lenovo","Convertible 2 en 1 (Pantalla táctil/giratoria 360°)","5","14.0""","No","AMD ryzen 7 5700U","Gama Alta (Intel Core i7/i9, Core Ultra 7/9, AMD Ryzen 7/9, Apple Pro/Max)","16","AMD RADEON GRAPHICS","Unidad de Estado Sólido (SSD)","10","Google Chrome;Microsoft Edge;Spotify;WhatsApp;Discord;Steam;Epic Games Launcher","Visual Studio Code;Visual Studio;PyCharm;MATLAB;RStudio;AutoCAD;Autodesk Inventor;Microsoft Word;Microsoft Excel;Microsoft PowerPoint;Adobe Acrobat Reader;Microsoft Teams;Zoom","120","5","4","4","2","300","2","MATLAB, Python / Entornos IDE (VS Code, PyCharm)","5","3","4","0","No experimento interrupciones con mi laptop"
"2026/09/10 10:07:57 p.m. GMT-5","Grupo 5 ⭐","Ingeniería Civil","6","5","12","3 (Neutral)","Hp","HP","Laptop convencional","5","15.6""","No","13 int Gen Intel core i5 ","Gama Media (Intel Core i5, Core Ultra 5, AMD Ryzen 5, Apple M1/M2/M3 base)","18","NVIDIA","Unidad de Estado Sólido (SSD)","4.5","Google Chrome;Microsoft Edge;Mozilla Firefox;Spotify;WhatsApp;Discord;Steam;Epic Games Launcher;Minecraft;Valorant;League of Legends;Counter-Strike 2;Dota 2;Fortnite;Roblox;GTA V;EA Sports FC","Visual Studio Code;Visual Studio;IntelliJ IDEA;PyCharm;Android Studio;Eclipse;Jupyter Notebook;MATLAB;RStudio;Wolfram Mathematica;GeoGebra;SPSS;AutoCAD;Autodesk Inventor;ArcGIS;Microsoft Word;Microsoft Excel;Microsoft PowerPoint;Microsoft OneNote;Adobe Acrobat Reader;Microsoft Teams;Zoom","60 ","6","3","3","3","60","La mantengo conectada","Autodesk (Fusion 360, AutoCAD, Revit)","0","1","5","0","Agotamiento acelerado de batería"
"2026/09/10 10:11:07 p.m. GMT-5","Grupo 3","Administración y Negocios Digitales","4","7","14.35","3 (Neutral)","Latitude 3520","Dell","Laptop convencional","5","14.0""","No","11th Gen intel(R) Core(TM) ¡5 - 1135G7 @ 2,400GHz","Gama Media (Intel Core i5, Core Ultra 5, AMD Ryzen 5, Apple M1/M2/M3 base)","16","Intel(R) Iris(R) Xe Graphics ","Unidad de Estado Sólido (SSD)","3.0","Google Chrome;Spotify;WhatsApp;Epic Games Launcher;Minecraft;Fortnite","Microsoft Word;Zoom","4","4 días a la semana ","3","3","2 ","30","Más de 3","Ninguno","3","4","4","2","Agotamiento acelerado de batería"
"2026/09/10 10:14:51 p.m. GMT-5","Grupo 3","Ingeniería Civil","3","6","13.1","1 (Muy insatisfecho)","ASUS TUF Gaming F16 FX607VU","ASUS","Laptop convencional","1","16"" o mayor","Sí","Intel","Gama Media (Intel Core i5, Core Ultra 5, AMD Ryzen 5, Apple M1/M2/M3 base)","8","Dedicada","Unidad de Estado Sólido (SSD)","2","Google Chrome;Microsoft Edge;Steam;Epic Games Launcher;Dota 2","MATLAB;RStudio;Microsoft Word;Microsoft Excel;Zoom","25","3","3","3","4","120","2","Autodesk (Fusion 360, AutoCAD, Revit)","2","3","4","0","No experimento interrupciones con mi laptop"
"2026/09/10 10:23:52 p.m. GMT-5","Grupo 3","Ingeniería Mecánica","3","6","0","4 (Satisfecho)","Window","Lenovo","Laptop convencional","3","14.0""","Sí","Intel","Gama Baja (Intel Core i3, AMD Ryzen 3, Celeron, Pentium)","16","Nvidia","Disco Duro Mecánico (HDD)","5.6","WhatsApp","Wolfram Mathematica","60","7","3","2","5","60","1","MATLAB, Python / Entornos IDE (VS Code, PyCharm)","2","2","3","4","Saturación de RAM / Ralentización"
"2026/09/10 10:27:31 p.m. GMT-5","Grupo 3","Ingeniería Mecánica","3","7","15","1 (Muy insatisfecho)","Lenovo","Lenovo","Laptop convencional","1","14.0""","No","Intel ","Gama Media (Intel Core i5, Core Ultra 5, AMD Ryzen 5, Apple M1/M2/M3 base)","8","Icore","Unidad de Estado Sólido (SSD)","240","Google Chrome;Spotify;WhatsApp;Discord;Steam;Dota 2","PyCharm;AutoCAD;SolidWorks;Microsoft OneNote;Zoom","120","7","2","3","3","160","2","Autodesk (Fusion 360, AutoCAD, Revit)","3","3","3","2","Saturación de RAM / Ralentización"
"2026/09/10 10:29:37 p.m. GMT-5","Grupo 3","Ingeniería Mecatrónica","3","6","12.4","2 (Insatisfecho)","LOQ 15ARP9 - Type 83JC","Lenovo","Laptop convencional","1","15.6""","Sí","AMD Ryzen ","Gama Alta (Intel Core i7/i9, Core Ultra 7/9, AMD Ryzen 7/9, Apple Pro/Max)","24","NVIDIA GeForce RTX 4050","Unidad de Estado Sólido (SSD)","10","Google Chrome;Microsoft Edge;Spotify;WhatsApp;Discord;Steam;Minecraft;Roblox","PyCharm;MATLAB;Microsoft Word;Microsoft Excel;Microsoft PowerPoint;Adobe Acrobat Reader;Microsoft Teams;Zoom","40","4","5","4","2","120","2","Ninguno","1","6","5","0","No experimento interrupciones con mi laptop"
"2026/09/10 10:29:43 p.m. GMT-5","Grupo 7","Bioingeniería","4","6","13","3 (Neutral)","Lenovo Legion Pro 5 16IRX10","Lenovo","Laptop convencional","1","16"" o mayor","Sí","Intel(R) Core(TM) i9-14900HX","Gama Alta (Intel Core i7/i9, Core Ultra 7/9, AMD Ryzen 7/9, Apple Pro/Max)","32","NVIDIA GeForce RTX 5060 Laptop GPU","Unidad de Estado Sólido (SSD)","15.2","Google Chrome;Microsoft Edge;WhatsApp;Discord;Steam;Valorant;Roblox","Visual Studio Code;Visual Studio;IntelliJ IDEA;PyCharm;MATLAB;RStudio;Microsoft Word;Microsoft Excel;Microsoft PowerPoint;Zoom","180","6","5","5","10","3","La mantengo conectada","Ninguno","6","10","5","0","No experimento interrupciones con mi laptop"
"2026/09/10 10:36:10 p.m. GMT-5","Grupo 7","Ingeniería Civil","4","5","14.1","4 (Satisfecho)","Nitro ANV15-51","Otra","Laptop convencional","3","14.0""","Sí","13th Gen Intel(R) Core(TM) i5-13420H","Gama Media (Intel Core i5, Core Ultra 5, AMD Ryzen 5, Apple M1/M2/M3 base)","16.0","Intel(R) UHD Graphics   Y NVIDIA GeForce RTX 3050 6GB Laptop GPU  ","Unidad de Estado Sólido (SSD)","2.6 ","Google Chrome;Spotify;Discord;Steam;Epic Games Launcher;League of Legends;Counter-Strike 2;Roblox","Zoom","70","1","1","3","3","40","Más de 3","Ninguno","1","3","4","1","Saturación de RAM / Ralentización"
"2026/09/10 10:39:42 p.m. GMT-5","Grupo 3","Sistemas de Información","4","5","14","3 (Neutral)","Lenovo Thinkpad T460","Lenovo","Laptop convencional","10","14.0""","Sí","Intel ","Gama Baja (Intel Core i3, AMD Ryzen 3, Celeron, Pentium)","16","GPU 0 integrada ","Unidad de Estado Sólido (SSD)","8","Google Chrome;Microsoft Edge;Mozilla Firefox;Spotify;Discord;League of Legends","Visual Studio Code;Visual Studio;IntelliJ IDEA;PyCharm;MATLAB;RStudio;Microsoft Word;Microsoft Excel;Microsoft PowerPoint;Microsoft OneNote;Microsoft Teams;Zoom","180","5","3","3","8","60","La mantengo conectada","Navegador web (Múltiples pestañas de estudio abiertas)","5","5","3","1","Cierre intempestivo de programas"
"2026/09/10 10:46:05 p.m. GMT-5","Grupo 3","Bioingeniería","6","6","13","2 (Insatisfecho)","ASUS TUF Gaming FX416PC","ASUS","Laptop convencional","5","15.6""","Sí","Intel","Gama Media (Intel Core i5, Core Ultra 5, AMD Ryzen 5, Apple M1/M2/M3 base)","16.0"," NVIDIA GeForce RTX 3050 Laptop GPU","Unidad de Estado Sólido (SSD)","3.2","Google Chrome;Microsoft Edge;Spotify;WhatsApp;Discord;Steam;Minecraft","Visual Studio Code;Visual Studio;GeoGebra;AutoCAD;Microsoft Word;Microsoft Excel;Adobe Acrobat Reader;Zoom","2","5","3","4","6","160","3","Navegador web (Múltiples pestañas de estudio abiertas)","3","4","3","1","Agotamiento acelerado de batería"
"2026/09/10 10:47:15 p.m. GMT-5","Grupo 7","Ingeniería Civil","4","6","15.9","5 (Muy satisfecho)","HP Victus 15-fa1093dx","HP","Laptop convencional","1","15.6""","Sí","Intel","Gama Media (Intel Core i5, Core Ultra 5, AMD Ryzen 5, Apple M1/M2/M3 base)","16","Dedicada","Unidad de Estado Sólido (SSD)","5","Google Chrome;WhatsApp;Discord;Steam;Counter-Strike 2;Roblox","PyCharm;MATLAB;RStudio;AutoCAD;Microsoft Word;Microsoft Excel;Microsoft PowerPoint;Zoom","130","5","3","4","3","180","1","Autodesk (Fusion 360, AutoCAD, Revit)","4","3","4","2","Saturación de RAM / Ralentización"
"2026/09/10 10:50:32 p.m. GMT-5","Grupo 3","Ingeniería de la Energía","6","5","15.2","3 (Neutral)","Asus TUF gaming A16 ","ASUS","Laptop convencional","0","16"" o mayor","Sí","Ryzen 9","Gama Alta (Intel Core i7/i9, Core Ultra 7/9, AMD Ryzen 7/9, Apple Pro/Max)","16","Amd ryzen 98940hx with radeon graphics ","Unidad de Estado Sólido (SSD)","3.8","Google Chrome;Microsoft Edge;Mozilla Firefox;Spotify;WhatsApp;Discord;Steam","PyCharm;MATLAB;RStudio;GeoGebra;AutoCAD;Autodesk Inventor;Microsoft Word;Microsoft Excel;Microsoft PowerPoint;Microsoft OneNote;Adobe Acrobat Reader;Microsoft Teams;Zoom","6","6","1","5","6","120","3","Ninguno","4","5","5","0","No experimento interrupciones con mi laptop"
"2026/09/10 10:50:41 p.m. GMT-5","Grupo 7","Ingeniería Civil","4","6","17.5","4 (Satisfecho)","ROG Strix G513IC_G513IC","Otra","Laptop convencional","3","14.0""","Sí","AMD Rysen 7 4800H with Radeon Graphics","No lo sé","16.0","NVIDIA GeForce RTX 3050 Laptop GPU","Unidad de Estado Sólido (SSD)","2.6 ","Google Chrome;Microsoft Edge;WhatsApp;Discord;Steam;Epic Games Launcher;Minecraft;Counter-Strike 2;Roblox","RStudio;AutoCAD;Microsoft Word;Microsoft Excel;Microsoft PowerPoint;Adobe Acrobat Reader;Zoom","240","2","3","4","4.5","50","3","Autodesk (Fusion 360, AutoCAD, Revit)","2","2","4","0","No experimento interrupciones con mi laptop"
"2026/09/10 10:59:26 p.m. GMT-5","Grupo 3","Ingeniería de la Energía","8","6","16.9","3 (Neutral)","Lenovo  Legion","Lenovo","Laptop convencional","1","15.6""","Sí","Intel(R) Core(TM) i9-14900 HX","Gama Alta (Intel Core i7/i9, Core Ultra 7/9, AMD Ryzen 7/9, Apple Pro/Max)","32","NVIDIA GeForce RTX 5070","Unidad de Estado Sólido (SSD)","17","Microsoft Edge;WhatsApp","MATLAB;AutoCAD;Autodesk Inventor;Microsoft Excel;Zoom","480","0","3","4","5","150","3","Autodesk (Fusion 360, AutoCAD, Revit)","3","4","4","0","No experimento interrupciones con mi laptop"
"2026/09/10 11:00:34 p.m. GMT-5","Grupo 3","Ingeniería Mecánica","3","4","13","2 (Insatisfecho)","Lenovo loq","Lenovo","Laptop convencional","1","15.6""","Sí","Core i7","Gama Alta (Intel Core i7/i9, Core Ultra 7/9, AMD Ryzen 7/9, Apple Pro/Max)","12","No se","Disco Duro Mecánico (HDD)","120 ","Google Chrome;Microsoft Edge;Discord;Steam;Epic Games Launcher;League of Legends;Roblox;EA Sports FC","PyCharm;MATLAB;RStudio;Microsoft Word;Microsoft Excel;Microsoft PowerPoint;Microsoft OneNote;Microsoft Teams;Zoom","120","Todos los dias","5","5","2","150","La mantengo conectada","Ninguno","2","3","5","0","Saturación de RAM / Ralentización"
"2026/09/10 11:03:02 p.m. GMT-5","Grupo 3","Ingeniería Mecatrónica","4","7","16.5","4 (Satisfecho)","Laptop-PIOBGGA5 - LOQ 15ARP9","Lenovo","Laptop convencional","1","13.3"" o menor","Sí","AMD Ryzen 7 7435HS","Gama Alta (Intel Core i7/i9, Core Ultra 7/9, AMD Ryzen 7/9, Apple Pro/Max)","28.0","NVIDIA GeForce RTX 4060","Unidad de Estado Sólido (SSD)","9.7","Google Chrome;Microsoft Edge;WhatsApp;Discord","Visual Studio Code;MATLAB;Autodesk Inventor;Microsoft Word;Microsoft Excel","90","5","4","4","3.5","150","2","Ninguno","5","4","4","0","No experimento interrupciones con mi laptop"
"2026/09/10 11:03:11 p.m. GMT-5","Grupo 7","Ingeniería Civil","10","2","14","3 (Neutral)","Msi Katana gf-66","MSI","Laptop convencional","5","14.0""","Sí","Intel","Gama Media (Intel Core i5, Core Ultra 5, AMD Ryzen 5, Apple M1/M2/M3 base)","16","Gtx 1650","Unidad de Estado Sólido (SSD)","9.2","Google Chrome;Microsoft Edge;Spotify;Steam;Epic Games Launcher;Dota 2;Fortnite","Visual Studio Code;IntelliJ IDEA;PyCharm;MATLAB;RStudio;AutoCAD;Microsoft Word;Microsoft Excel;Microsoft PowerPoint;Microsoft OneNote;Microsoft Teams;Zoom","240","0","2","3","3","120","La mantengo conectada","Otro","5","7","3","1","No experimento interrupciones con mi laptop"
"2026/09/10 11:03:24 p.m. GMT-5","Grupo 7","Ingeniería Civil","7","5","14.7","3 (Neutral)","Lenovo IdeaPad 3 15IHU6","Lenovo","Laptop convencional","2","15.6""","Sí","11th Gen Intel(R) Core(TM) i5-11320H @ 3.20GHz","Gama Media (Intel Core i5, Core Ultra 5, AMD Ryzen 5, Apple M1/M2/M3 base)","16","NVIDIA GeForce GTX 1650","Unidad de Estado Sólido (SSD)","3.8","Google Chrome;Microsoft Edge;WhatsApp;Discord","Visual Studio Code;AutoCAD;Microsoft Excel;Adobe Acrobat Reader;Zoom","120","3","2","3","5","1","Más de 3","Autodesk (Fusion 360, AutoCAD, Revit)","4","4","4","1","Saturación de RAM / Ralentización"
"2026/09/10 11:14:41 p.m. GMT-5","Grupo 5","Ingeniería Química","6","3","17","4 (Satisfecho)"," Lenovo Legion","Lenovo","Otro","1","16"" o mayor","Sí","i7-14700HX","Gama Alta (Intel Core i7/i9, Core Ultra 7/9, AMD Ryzen 7/9, Apple Pro/Max)","32.0 "," Intel UHD Graphics","Unidad de Estado Sólido (SSD)","4.5","Google Chrome;Microsoft Edge;Spotify;WhatsApp","PyCharm;MATLAB;RStudio;GeoGebra;AutoCAD;SolidWorks;Autodesk Inventor;Microsoft Word;Microsoft Excel;Microsoft PowerPoint;Microsoft OneNote;Adobe Acrobat Reader;Microsoft Teams;Zoom","4","todas las veces ","4","4","4","3","Más de 3","Navegador web (Múltiples pestañas de estudio abiertas)","5","8","4","0","No experimento interrupciones con mi laptop"
"2026/09/10 11:16:46 p.m. GMT-5","Grupo 4","Ingeniería de la Energía","8","6","15","3 (Neutral)","MSI Sword 15 A11UD","MSI","Laptop convencional","4","15.6""","Sí","Intel","Gama Alta (Intel Core i7/i9, Core Ultra 7/9, AMD Ryzen 7/9, Apple Pro/Max)","8","NVIDIA GeForce RTX 3050 Ti","Unidad de Estado Sólido (SSD)","7.2","Google Chrome;Microsoft Edge;Spotify;WhatsApp;Discord;Steam;Epic Games Launcher;Minecraft;League of Legends;Counter-Strike 2;Fortnite;Roblox;GTA V;EA Sports FC","PyCharm;MATLAB;GeoGebra;AutoCAD;Microsoft Word;Microsoft Excel;Microsoft PowerPoint;Zoom","60","6","4","5","8","120","La mantengo conectada","Ninguno","6","5","5","0","No experimento interrupciones con mi laptop"
"2026/09/10 11:22:08 p.m. GMT-5","Grupo 3","Ingeniería Mecatrónica","4","5","16.2","3 (Neutral)","Lenovo LOQ 9","Lenovo","Laptop convencional","2","14.0""","Sí","Intel corei","Gama Media (Intel Core i5, Core Ultra 5, AMD Ryzen 5, Apple M1/M2/M3 base)","8","GeForce RTX 460","Unidad de Estado Sólido (SSD)","16","Google Chrome;Spotify;WhatsApp;Discord;Steam;Valorant;Roblox","PyCharm;MATLAB;RStudio;GeoGebra;Microsoft Word;Microsoft Excel;Microsoft PowerPoint;Adobe Acrobat Reader;Zoom","3","2","4","4","5","1","La mantengo conectada","Simuladores de electrónica (Proteus, Multisim, LTspice)","2","3","4","1","Saturación de RAM / Ralentización"
"2026/09/10 11:23:01 p.m. GMT-5","Grupo 3","Ingeniería Industrial","3","7","14.3","3 (Neutral)","Lenovo Legion Y540","Lenovo","Laptop convencional","6","15.6""","Sí","9th Gen Intel(R) Core(TM) i5-9300H","Gama Media (Intel Core i5, Core Ultra 5, AMD Ryzen 5, Apple M1/M2/M3 base)","8.00","NVIDIA Geforce GTX 1650 Laptop GPU","Unidad de Estado Sólido (SSD)","4.3","Google Chrome;Microsoft Edge;Spotify;Discord;Steam;Epic Games Launcher;Minecraft;Valorant;Fortnite;Roblox","PyCharm;MATLAB;RStudio;Autodesk Inventor;Microsoft Excel;Microsoft OneNote;Adobe Acrobat Reader;Zoom","16","5","1","1","5","20","La mantengo conectada","MATLAB, Python / Entornos IDE (VS Code, PyCharm)","5","3","1","20","Sobrecalentamiento térmico del equipo"
"2026/09/10 11:25:33 p.m. GMT-5","Grupo 3","Ingeniería Mecatrónica","8","5","14.8","3 (Neutral)","ROG Strix G531GT_G531GT","ASUS","Laptop convencional","6","14.0""","Sí","Intel(R) Core(TM) i5-9300H CPU @ 2.40GHz","Gama Media (Intel Core i5, Core Ultra 5, AMD Ryzen 5, Apple M1/M2/M3 base)","16","GPU 1  	NVIDIA GeForce GTX 1650","Unidad de Estado Sólido (SSD)","4.5","Google Chrome;Microsoft Edge;WhatsApp;Epic Games Launcher;Minecraft","Visual Studio Code;MATLAB;Autodesk Inventor;Microsoft Word;Microsoft Excel;Microsoft Teams;Zoom","120","5","1","2","7","30","La mantengo conectada","MATLAB, Python / Entornos IDE (VS Code, PyCharm)","6","3","2","2","Saturación de RAM / Ralentización"
"2026/09/10 11:28:36 p.m. GMT-5","Grupo 3","Ciencias de la Computación","4","3","14","3 (Neutral)","Victus by HP Gaming Laptop 15-fb3xxx","HP","Laptop convencional","0","15.6""","Sí","Procesador	AMD Ryzen 7 7445HS w/ Radeon 740M Graphics","Gama Alta (Intel Core i7/i9, Core Ultra 7/9, AMD Ryzen 7/9, Apple Pro/Max)","32","NVIDIA GeForce RTX 3050 6GB Laptop GPU","Unidad de Estado Sólido (SSD)","6","Google Chrome;Microsoft Edge;Spotify;WhatsApp;Discord;Steam;Epic Games Launcher;Minecraft;League of Legends;Counter-Strike 2","Visual Studio Code;Visual Studio;IntelliJ IDEA;MATLAB;RStudio;Microsoft Word;Microsoft Excel;Microsoft PowerPoint;Zoom","30 ","4","3","5","8","150","3","Ninguno","7","12","5","0","No experimento interrupciones con mi laptop"
"2026/09/10 11:30:39 p.m. GMT-5","Grupo 3","Ciencias de la Computación","4","4","13.87","3 (Neutral)","Toshiba Satellite S50t","Otra","Laptop convencional","10","13.3"" o menor","No","Intel(R) Core(TM) i5-5200U CPU @ 2.20GHz","Gama Media (Intel Core i5, Core Ultra 5, AMD Ryzen 5, Apple M1/M2/M3 base)","8","Intel(R) HD Graphics 5500","Unidad de Estado Sólido (SSD)","5.0","Google Chrome","Visual Studio;PyCharm;MATLAB;RStudio;Zoom","10","4","5","3","5","150","2","Otro","3","4","4","0","No experimento interrupciones con mi laptop"
"2026/09/10 11:31:19 p.m. GMT-5","Grupo 3","Ingeniería Mecatrónica","4","5","17.2","4 (Satisfecho)","Legion 5 Pro 16ITH6H","Lenovo","Laptop convencional","3","16"" o mayor","Sí","11th Gen Intel(R) Core(TM) i7 - 11800H @ 2.30 GHz","Gama Alta (Intel Core i7/i9, Core Ultra 7/9, AMD Ryzen 7/9, Apple Pro/Max)","16","NVIDIA GeForce RTX 3060 Laptop GPU","Unidad de Estado Sólido (SSD)","5.4","Google Chrome;Microsoft Edge;Spotify;WhatsApp;Discord;Steam;Epic Games Launcher;Valorant;Fortnite;Roblox;EA Sports FC","Visual Studio Code;Visual Studio;PyCharm;RStudio;AutoCAD;Autodesk Inventor;Microsoft Word;Microsoft Excel;Microsoft PowerPoint;Microsoft OneNote;Adobe Acrobat Reader;Microsoft Teams;Zoom","150","2","3","4","2","90","La mantengo conectada","Ninguno","2","3","5","0","No experimento interrupciones con mi laptop"
"2026/09/10 11:34:42 p.m. GMT-5","Grupo 7","Ingeniería Civil","9","7","15","3 (Neutral)","Asus tuf gaming F15","ASUS","Laptop convencional","4","14.0""","Sí","11 generación ","Gama Media (Intel Core i5, Core Ultra 5, AMD Ryzen 5, Apple M1/M2/M3 base)","8","GPU","Unidad de Estado Sólido (SSD)","24","Google Chrome;Microsoft Edge;Mozilla Firefox;WhatsApp;Steam;Dota 2","Visual Studio Code;Visual Studio;PyCharm;MATLAB;RStudio;GeoGebra;AutoCAD;ArcGIS;Microsoft Word;Microsoft Excel;Microsoft PowerPoint;Microsoft OneNote;Adobe Acrobat Reader;Microsoft Teams;Zoom","15","Siempre","4","4","4","40","La mantengo conectada","Ninguno","7","10","4","0","No experimento interrupciones con mi laptop"
"2026/09/10 11:35:54 p.m. GMT-5","Grupo 3","Ingeniería Mecatrónica","4","6","16.54","4 (Satisfecho)","MSI Vector 16 AI A2XWIG","MSI","Laptop convencional","1","16"" o mayor","Sí","Intel","Gama Alta (Intel Core i7/i9, Core Ultra 7/9, AMD Ryzen 7/9, Apple Pro/Max)","16","NVIDIA GeForce RTX 5080 Laptop GPU","Unidad de Estado Sólido (SSD)","6.4","Microsoft Edge;Discord;Steam;Epic Games Launcher;Minecraft;Roblox","PyCharm;MATLAB;RStudio;Microsoft Word;Zoom","60","5","4","5","4.5","150","2","Ninguno","2","4","5","0","No experimento interrupciones con mi laptop"
"2026/09/10 11:38:57 p.m. GMT-5","Grupo 7","Ingeniería Civil","9","7","14.53","3 (Neutral)","LAPTOP-DIUS3API","Acer","Laptop convencional","4","16"" o mayor","No","Intel(R) Core(TM) i5-1035G1 CPU @ 1.00GHz","Gama Media (Intel Core i5, Core Ultra 5, AMD Ryzen 5, Apple M1/M2/M3 base)","8.0","Intel(R) UHD Graphics","Unidad de Estado Sólido (SSD)","0.8","Google Chrome;Microsoft Edge;Mozilla Firefox;WhatsApp","AutoCAD;Autodesk Inventor;ArcGIS;Microsoft Word;Microsoft Excel;Microsoft PowerPoint;Microsoft OneNote;Adobe Acrobat Reader;Microsoft Teams;Zoom","542","5","1","3","9","45","La mantengo conectada","Autodesk (Fusion 360, AutoCAD, Revit)","7","8","2","0","Agotamiento acelerado de batería"
"2026/09/11 12:01:04 a.m. GMT-5","Grupo 4","Ciencias de la Computación","3","6","17.5","4 (Satisfecho)","ASUS TUF Gaming F16 FX607VJ","ASUS","Laptop convencional","1","16"" o mayor","Sí","Intel","Gama Media (Intel Core i5, Core Ultra 5, AMD Ryzen 5, Apple M1/M2/M3 base)","16","NVIDIA GeForce RTX 3050 6GB","Unidad de Estado Sólido (SSD)","8.2","Microsoft Edge;Discord;Steam;Epic Games Launcher;Minecraft;Roblox;EA Sports FC","IntelliJ IDEA;PyCharm;RStudio;AutoCAD;SolidWorks;Autodesk Inventor;Zoom","45","5","1","5","1.5","90","La mantengo conectada","Ninguno","5","2","5","0","No experimento interrupciones con mi laptop"
"2026/09/11 12:08:08 a.m. GMT-5","Grupo 3","Ingeniería de la Energía","8","6","13.14","4 (Satisfecho)","MacBook Air M1 2020","Apple (MacBook)","Laptop convencional","3","13.3"" o menor","No","Chip Apple M1","Gama Media (Intel Core i5, Core Ultra 5, AMD Ryzen 5, Apple M1/M2/M3 base)","8","M1","Unidad de Estado Sólido (SSD)","5.7","Google Chrome;Spotify;WhatsApp","Microsoft Word;Microsoft Excel;Microsoft PowerPoint;Microsoft OneNote;Microsoft Teams;Zoom","60","4","5","5","4","420","1","Otro","1","4","4","0","Saturación de RAM / Ralentización"
"2026/09/11 12:21:40 a.m. GMT-5","Grupo 3","Ciencias de la Computación","8","4","15.55","4 (Satisfecho)","Lenovo ThinkPad T14 Gen3 AMD","Lenovo","Convertible 2 en 1 (Pantalla táctil/giratoria 360°)","1","14.0""","No","AMD Ryzen 7 PRO 6850U","Gama Alta (Intel Core i7/i9, Core Ultra 7/9, AMD Ryzen 7/9, Apple Pro/Max)","16","AMD Radeon 680M (Integrada)","Unidad de Estado Sólido (SSD)","10.06","Google Chrome;Mozilla Firefox;Spotify;WhatsApp;Discord","Visual Studio Code;Jupyter Notebook;Zoom","75","4","4","4","4","150","3","Ninguno","4","4","5","0","No experimento interrupciones con mi laptop"
"2026/09/11 12:33:22 a.m. GMT-5","Grupo 3","Ingeniería Electrónica","10","5","15.3","3 (Neutral)","Victus by HP 15-fa0xxx","HP","Laptop convencional","2","15.6""","Sí","12th Gen Intel(R) Core(TM) i7 ","Gama Alta (Intel Core i7/i9, Core Ultra 7/9, AMD Ryzen 7/9, Apple Pro/Max)","16","NVIDIA GeForce RTX 3050","Unidad de Estado Sólido (SSD)","5.8","Google Chrome;WhatsApp;Discord;Epic Games Launcher;Roblox","Visual Studio Code;MATLAB;AutoCAD;Autodesk Inventor;Zoom","240","6","5","5","8","120","Más de 3","Autodesk (Fusion 360, AutoCAD, Revit)","6","3","4","3","Sobrecalentamiento térmico del equipo"
"2026/09/11 12:47:23 a.m. GMT-5","Grupo 3","Ingeniería Mecatrónica","4","5","14.6","2 (Insatisfecho)","Victus 15-fb3xxx","HP","Laptop convencional","1","15.6""","Sí","AMD Ryzen 77445HS","Gama Alta (Intel Core i7/i9, Core Ultra 7/9, AMD Ryzen 7/9, Apple Pro/Max)","16","Nvidia GeForce RTX 3050","Unidad de Estado Sólido (SSD)","915","Google Chrome;Spotify;WhatsApp;Steam;Epic Games Launcher;Minecraft;Fortnite;Roblox","Visual Studio Code;PyCharm;MATLAB;AutoCAD;SolidWorks;Autodesk Inventor;Microsoft Word;Microsoft Excel;Microsoft PowerPoint;Microsoft OneNote;Zoom","90","7","4","4","5","350","2","Ninguno","3","4","4","1","Saturación de RAM / Ralentización"
"2026/09/11 4:11:36 a.m. GMT-5","Grupo 7","Ingeniería Industrial","4","5","13","3 (Neutral)","ASUS TUF Gaming F15 FX507ZC4","ASUS","Laptop convencional","5","14.0""","Sí","icore7 ","Gama Alta (Intel Core i7/i9, Core Ultra 7/9, AMD Ryzen 7/9, Apple Pro/Max)","380","NVIDIA","Unidad de Estado Sólido (SSD)","6.2","Google Chrome;WhatsApp;Discord;Steam;Epic Games Launcher;Minecraft;Fortnite;GTA V;EA Sports FC","Visual Studio Code;RStudio;Zoom","30","5","3","3","2","80","La mantengo conectada","Ninguno","3","4","3","0","Sobrecalentamiento térmico del equipo"
"2026/09/11 7:03:31 a.m. GMT-5","Grupo 7","Ingeniería Civil","1","6","15.2","2 (Insatisfecho)","Lenovo Legion 5 15IRX10","Lenovo","Laptop convencional","0","15.6""","Sí","Intel core i7","Gama Alta (Intel Core i7/i9, Core Ultra 7/9, AMD Ryzen 7/9, Apple Pro/Max)","16 ","NVIDIA rtx 5060","Unidad de Estado Sólido (SSD)","14","Google Chrome;Microsoft Edge;Spotify;WhatsApp;Discord;Steam","PyCharm;Microsoft Word;Microsoft Excel;Microsoft PowerPoint;Microsoft OneNote;Microsoft Teams;Zoom","2","5","5","5","3","240","2","Ninguno","3","4","4","0","No experimento interrupciones con mi laptop"
"2026/09/11 8:09:06 a.m. GMT-5","Grupo 7","Ingeniería Mecatrónica","4","6","14.6","3 (Neutral)","Lenovo 82XV","Lenovo","Laptop convencional","4","14.0""","Sí","12 Gen Intel(R) Core(TM) i5-12450H","Gama Media (Intel Core i5, Core Ultra 5, AMD Ryzen 5, Apple M1/M2/M3 base)","8","NVIDIA GeForce RTX 3060 Laptop GPU 0","Disco Duro Mecánico (HDD)","3","Google Chrome;Microsoft Edge;Spotify;WhatsApp;Discord;Steam;Epic Games Launcher;Valorant;League of Legends;Fortnite;Roblox;GTA V","Visual Studio Code;PyCharm;MATLAB;RStudio;GeoGebra;AutoCAD;Microsoft Word;Zoom","45","4","4","5","3.5","120","2","Ninguno","3","2","4","0","No experimento interrupciones con mi laptop"
"2026/09/11 8:33:55 a.m. GMT-5","Grupo 4","Ciencias de la Computación","3","6","17","4 (Satisfecho)","ASUS Vivobook M1502YA","ASUS","Laptop convencional","2","15.6""","No","AMD","Gama Alta (Intel Core i7/i9, Core Ultra 7/9, AMD Ryzen 7/9, Apple Pro/Max)","16","Integrada","Unidad de Estado Sólido (SSD)","9.7","Google Chrome;Spotify;WhatsApp;Discord;Steam;Epic Games Launcher","IntelliJ IDEA;PyCharm;MATLAB;RStudio;Microsoft Word;Microsoft Excel;Microsoft PowerPoint;Zoom","30","5","2","4","3","150","La mantengo conectada","Autodesk (Fusion 360, AutoCAD, Revit)","5","3","4","0","Saturación de RAM / Ralentización"
"2026/09/11 8:34:51 a.m. GMT-5","Grupo 7","Ingeniería Civil","10","2","15.56","4 (Satisfecho)","ASUS TUF Gaming F15 FX507ZC4","ASUS","Laptop convencional","5","16"" o mayor","Sí","12th Gen Intel(R) Core (TM) i5-1240H","Gama Media (Intel Core i5, Core Ultra 5, AMD Ryzen 5, Apple M1/M2/M3 base)","16","NVIDIA Geforce RTX 3050 Laptop GPU","Unidad de Estado Sólido (SSD)","3.4","Google Chrome;Microsoft Edge;Mozilla Firefox;Spotify;WhatsApp;Discord;Steam;Epic Games Launcher;Minecraft;Fortnite","Visual Studio Code;Visual Studio;PyCharm;MATLAB;RStudio;Wolfram Mathematica;GeoGebra;SPSS;AutoCAD;ArcGIS;Microsoft Word;Microsoft Excel;Microsoft PowerPoint;Microsoft OneNote;Adobe Acrobat Reader;Microsoft Teams;Zoom","350","6","3","3","8","90","La mantengo conectada","Navegador web (Múltiples pestañas de estudio abiertas)","4","6","3","2","Sobrecalentamiento térmico del equipo"
"2026/09/11 8:44:02 a.m. GMT-5","Grupo 7","Ingeniería Civil","4","4","13.2","4 (Satisfecho)","Asus tuf gaming a15","ASUS","Laptop convencional","5","16"" o mayor","Sí","Intel core i5","Gama Media (Intel Core i5, Core Ultra 5, AMD Ryzen 5, Apple M1/M2/M3 base)","24","RTX 3050","Unidad de Estado Sólido (SSD)","20","Google Chrome;Spotify;WhatsApp;Roblox;EA Sports FC","PyCharm;MATLAB;RStudio;GeoGebra;AutoCAD;Zoom","2","4","3","4","3","120","La mantengo conectada","Otro","1","3","4","0","No experimento interrupciones con mi laptop"
"2026/09/11 9:07:33 a.m. GMT-5","Grupo 3","Ingeniería Mecatrónica","4","6","16.1","3 (Neutral)","Acer Predator Neo 16","Acer","Laptop convencional","1","15.6""","Sí","Intel","Gama Alta (Intel Core i7/i9, Core Ultra 7/9, AMD Ryzen 7/9, Apple Pro/Max)","16","Nvidia GeForce RTX 4060","Unidad de Estado Sólido (SSD)","5.3","Spotify;WhatsApp;Discord;Steam;Epic Games Launcher;Minecraft;Fortnite;Roblox","MATLAB;Microsoft Word;Microsoft Excel;Microsoft PowerPoint;Zoom","140","3","3","5","1.5","160","2","Navegador web (Múltiples pestañas de estudio abiertas)","2","4","5","0","Saturación de RAM / Ralentización"
"2026/09/11 9:12:15 a.m. GMT-5","Grupo 7","Ingeniería Civil","10","1","14.82","2 (Insatisfecho)","Matebook d15","Otra","Laptop convencional","5","15.6""","No","Intel","Gama Media (Intel Core i5, Core Ultra 5, AMD Ryzen 5, Apple M1/M2/M3 base)","16","GPU0","Unidad de Estado Sólido (SSD)","5","Google Chrome;Microsoft Edge;Spotify;WhatsApp","Visual Studio Code;MATLAB;RStudio;GeoGebra;Microsoft Word;Microsoft Excel;Microsoft PowerPoint","60","5","4","4","8","150","La mantengo conectada","MATLAB, Python / Entornos IDE (VS Code, PyCharm)","5","3","4","1","Saturación de RAM / Ralentización"
"2026/09/11 9:21:41 a.m. GMT-5","Grupo 5","Ingeniería Ambiental","3","6","12.3","2 (Insatisfecho)","Dell inspirion 15 3520","Dell","Laptop convencional","1","15.6""","No","12th Gen Intel(R) Core(TM) i5-1235U ","Gama Media (Intel Core i5, Core Ultra 5, AMD Ryzen 5, Apple M1/M2/M3 base)","32.0","GPU 0  	Intel(R) Iris(R) Xe Graphics","Unidad de Estado Sólido (SSD)","17.9","Google Chrome","MATLAB;RStudio;AutoCAD;Zoom","1","3 ","3","4","4","240","2","Otro","4","2","4","0","Cierre intempestivo de programas"
"2026/09/11 9:47:43 a.m. GMT-5","Grupo 7","Ingeniería Civil","2","6","15.5","3 (Neutral)","HP Laptop 15-dw2xxx","HP","Laptop convencional","6","13.3"" o menor","No","Intel Core i7 de 10th","Gama Alta (Intel Core i7/i9, Core Ultra 7/9, AMD Ryzen 7/9, Apple Pro/Max)","12 ","NVIDIA GeForce MX330 y la integrada de la i7","Unidad de Estado Sólido (SSD)","4.4","Google Chrome;Microsoft Edge;Spotify;WhatsApp;Steam;Minecraft;Roblox","PyCharm;MATLAB;AutoCAD;Microsoft Word;Microsoft Teams;Zoom","2 ","4","3","4","2 ","1","La mantengo conectada","MATLAB, Python / Entornos IDE (VS Code, PyCharm)","2 ","2","3","3","Agotamiento acelerado de batería"
"2026/09/11 10:10:44 a.m. GMT-5","Grupo 3","Ingeniería Mecatrónica","4","4","15.4","4 (Satisfecho)","Acer Predator PHN16S-71","Acer","Laptop convencional","1","16"" o mayor","Sí","Intel(R) Core(TM) Ultra 9 27 5 HX","Gama Alta (Intel Core i7/i9, Core Ultra 7/9, AMD Ryzen 7/9, Apple Pro/Max)","32","NVIDIA GeForce RTX 5060 Laptop GPU","Unidad de Estado Sólido (SSD)","17.3","Google Chrome;Microsoft Edge;Spotify;WhatsApp;Steam;Minecraft;Roblox","Visual Studio Code;MATLAB;RStudio;AutoCAD;SolidWorks;Microsoft Word;Microsoft Excel;Microsoft PowerPoint;Zoom","180","5","5","5","4","180","2","Ninguno","2","3","5","0","No experimento interrupciones con mi laptop"
"2026/09/11 10:36:49 a.m. GMT-5","Grupo 3","Bioingeniería","8","6","16.91","4 (Satisfecho)","HP laptop 15-dy5xxx","HP","Laptop convencional","4","15.6""","No","12th Gen Intel(R) Core(TM) i5-1235U (1.30 GHz)","Gama Media (Intel Core i5, Core Ultra 5, AMD Ryzen 5, Apple M1/M2/M3 base)","8","Intel(R) Iris(R) Xe Graphics (128 MB)","Unidad de Estado Sólido (SSD)","280","Google Chrome;Microsoft Edge;Spotify;WhatsApp;Discord;Steam;Epic Games Launcher;Minecraft;Valorant;League of Legends;Roblox","PyCharm;MATLAB;RStudio;Microsoft Word;Microsoft Excel;Microsoft PowerPoint;Microsoft OneNote;Zoom","180","5","2","3","5.5","120","3","Simuladores de electrónica (Proteus, Multisim, LTspice)","2","2","2","4","Saturación de RAM / Ralentización"
"2026/09/11 11:06:18 a.m. GMT-5","Grupo 3","Ingeniería Industrial","4","7","13","3 (Neutral)","Gigabyte Gaming A16","Otra","Laptop convencional","1","16"" o mayor","Sí","13th Gen Intel(R) Core(TM)i7 - 13620H","Gama Alta (Intel Core i7/i9, Core Ultra 7/9, AMD Ryzen 7/9, Apple Pro/Max)","16","NVIDIA GeForce RTX 5050 Laptop GPU","Unidad de Estado Sólido (SSD)","8","Google Chrome;Spotify;WhatsApp;Minecraft;Roblox","MATLAB;RStudio;Microsoft Word;Microsoft PowerPoint;Zoom","15","2","3","5","3","240","1","Ninguno","1","3","5","0","No experimento interrupciones con mi laptop"
"2026/09/11 11:37:13 a.m. GMT-5","Grupo 3","Ingeniería de la Energía","8","6","16.33","3 (Neutral)","ASUS TUF Gaming F16 FX607VUR_FX607VU","ASUS","Laptop convencional","1","16"" o mayor","Sí","Intel","Gama Media (Intel Core i5, Core Ultra 5, AMD Ryzen 5, Apple M1/M2/M3 base)","32","NVIDIA GeForce RTX 4050 Laptop GPU","Unidad de Estado Sólido (SSD)","19.2","Google Chrome;Microsoft Edge;Spotify;WhatsApp;Steam;Minecraft;Roblox","MATLAB;Microsoft Word;Microsoft Excel;Microsoft PowerPoint;Microsoft OneNote;Microsoft Teams;Zoom","3","5","2","5","3","60","2","MATLAB, Python / Entornos IDE (VS Code, PyCharm)","5","3","4","0","No experimento interrupciones con mi laptop"
"2026/09/11 12:00:03 p.m. GMT-5","Grupo 3","Ingeniería Mecatrónica","9","5","14.8","3 (Neutral)","Lenovo IdeaPad 3 15ACH6","Lenovo","Laptop convencional","4","15.6""","Sí","AMD Ryzen 7 5800H","Gama Alta (Intel Core i7/i9, Core Ultra 7/9, AMD Ryzen 7/9, Apple Pro/Max)","16","NVIDIA GeForce  RTX 3060 ","Unidad de Estado Sólido (SSD)","2.4","Google Chrome;Microsoft Edge;Spotify","Visual Studio Code;Jupyter Notebook;MATLAB;AutoCAD;Autodesk Inventor;Microsoft Word;Microsoft Excel;Microsoft PowerPoint;Microsoft OneNote;Adobe Acrobat Reader;Microsoft Teams;Zoom","6","4","3","4","6","110","3","MATLAB, Python / Entornos IDE (VS Code, PyCharm)","4","3","3","1","Saturación de RAM / Ralentización"
"2026/09/11 12:28:28 p.m. GMT-5","Grupo 7","Ingeniería Civil","9","4","13.1","4 (Satisfecho)","LAPTOP-R1H6FAEG","HP","Laptop convencional","1","14.0""","No","intel(r) core(tm) 5 120 U","Gama Media (Intel Core i5, Core Ultra 5, AMD Ryzen 5, Apple M1/M2/M3 base)","8","intel(r) graphics","Unidad de Estado Sólido (SSD)","500","Google Chrome;Microsoft Edge;Discord;Steam;Epic Games Launcher;League of Legends","AutoCAD;Microsoft Word;Microsoft Excel;Zoom","120","4","5","4","2","120","La mantengo conectada","Autodesk (Fusion 360, AutoCAD, Revit)","3","2","3","1","Saturación de RAM / Ralentización"
"2026/09/11 12:48:16 p.m. GMT-5","Grupo 3","Ingeniería de la Energía","9","3","16.4","3 (Neutral)","ASUS TUF Gaming F15 FX507ZC4","ASUS","Laptop convencional","4","15.6""","Sí","Intel(R) Core(TM) i5-10300H","Gama Media (Intel Core i5, Core Ultra 5, AMD Ryzen 5, Apple M1/M2/M3 base)","8","NVIDIA GeForce RTX 1650","Unidad de Estado Sólido (SSD)","1.2","Google Chrome;Microsoft Edge;WhatsApp;Steam","Microsoft Word;Microsoft Excel;Microsoft PowerPoint;Zoom","250","1","1","4","3","90","La mantengo conectada","Otro","7","6","4","0","Saturación de RAM / Ralentización"
"2026/09/11 1:09:41 p.m. GMT-5","Grupo 7","Ingeniería Civil","4","6","18.13","2 (Insatisfecho)","83DV","Lenovo","Laptop convencional","2","15.6""","Sí","Intel","Gama Alta (Intel Core i7/i9, Core Ultra 7/9, AMD Ryzen 7/9, Apple Pro/Max)","16","NVIDIA GeForce RTX 4060 Laptop GPU","Unidad de Estado Sólido (SSD)","2.3","Google Chrome;Microsoft Edge;Spotify;WhatsApp;Discord;Steam;Minecraft;Counter-Strike 2;Roblox;EA Sports FC","PyCharm;MATLAB;RStudio;GeoGebra;AutoCAD;Microsoft Word;Microsoft Excel;Microsoft PowerPoint;Adobe Acrobat Reader;Zoom","120","5","1","5","5","100","La mantengo conectada","Navegador web (Múltiples pestañas de estudio abiertas)","5","6","4","0","Saturación de RAM / Ralentización"
"2026/09/11 1:12:42 p.m. GMT-5","Grupo 5","Ciencias de la Computación","2","6","16","4 (Satisfecho)","Dell insoiron 3501 ","Dell","Laptop convencional","4","15.6""","No","Intel 11 Gen","Gama Baja (Intel Core i3, AMD Ryzen 3, Celeron, Pentium)","8","Gráfica integrada GPU0","Unidad de Estado Sólido (SSD)","0.754","Google Chrome;Microsoft Edge;Steam","PyCharm;MATLAB;GeoGebra;Microsoft Word;Microsoft Excel;Microsoft PowerPoint;Zoom","80","5","5","3","2.5","150","La mantengo conectada","MATLAB, Python / Entornos IDE (VS Code, PyCharm)","3","6","2","3","Saturación de RAM / Ralentización"
"2026/09/11 1:13:01 p.m. GMT-5","Grupo 7","Ingeniería Civil","3","5","10.4","4 (Satisfecho)","Asus tuf gaming F16","ASUS","Laptop convencional","1 ","14.0""","Sí","12","Gama Media (Intel Core i5, Core Ultra 5, AMD Ryzen 5, Apple M1/M2/M3 base)","32 ","Nvidia 3050","Unidad de Estado Sólido (SSD)","32","Google Chrome;Microsoft Edge;Spotify;Discord;Steam;Epic Games Launcher;Minecraft;Roblox;GTA V","PyCharm;AutoCAD;Microsoft Word;Microsoft Excel;Adobe Acrobat Reader;Zoom","20","5","5","5","1","60","La mantengo conectada","Ninguno","1","3","5","0","No experimento interrupciones con mi laptop"
"2026/09/11 1:18:09 p.m. GMT-5","Grupo 2","Ciencias de la Computación","4","5","14.34","3 (Neutral)","HP ProBook 445 14 inch G10 Notebook PC","HP","Laptop convencional","2","14.0""","No","AMD Ryzen 7 7730U","Gama Alta (Intel Core i7/i9, Core Ultra 7/9, AMD Ryzen 7/9, Apple Pro/Max)","16","AMD Radeon (TM) Graphics","Unidad de Estado Sólido (SSD)","6.2","Google Chrome;Microsoft Edge;Spotify;WhatsApp;Discord;Steam;Minecraft;League of Legends","PyCharm;MATLAB;RStudio;Zoom","50","5","3","4","1.5","180","1","Navegador web (Múltiples pestañas de estudio abiertas)","3","3","4","0","Agotamiento acelerado de batería"
"2026/09/11 1:22:43 p.m. GMT-5","Grupo 7","Ingeniería Química","4","0","14","2 (Insatisfecho)","HP omen 15 ","HP","Laptop convencional","5","15.6""","Sí","AMD Ryzen 7 ","Gama Alta (Intel Core i7/i9, Core Ultra 7/9, AMD Ryzen 7/9, Apple Pro/Max)","16 ","GPU 0","Disco Duro Mecánico (HDD)","10.2","Google Chrome;Microsoft Edge;Spotify;WhatsApp;Discord;Steam;Epic Games Launcher;Valorant;League of Legends;Counter-Strike 2;Fortnite","PyCharm;MATLAB;AutoCAD;Microsoft Word;Microsoft Excel;Microsoft PowerPoint;Adobe Acrobat Reader;Microsoft Teams;Zoom","60","Todos los días que voy a la universidad ","3","5","3","2","2","Autodesk (Fusion 360, AutoCAD, Revit)","2 ","5","3","3","Sobrecalentamiento térmico del equipo"
"2026/09/11 1:31:28 p.m. GMT-5","Grupo 7","Ingeniería Civil","2","7","17.2","4 (Satisfecho)","Es una dell del 2015, ns la vrd, tiene windows 10","Dell","Laptop convencional","10","14.0""","No","Intel","Gama Alta (Intel Core i7/i9, Core Ultra 7/9, AMD Ryzen 7/9, Apple Pro/Max)","22 ","Nvidia RTX 2600 Laptop gpu","Unidad de Estado Sólido (SSD)","3.4","Google Chrome;Mozilla Firefox;WhatsApp;Discord;Steam;Minecraft","Visual Studio Code;PyCharm;MATLAB;GeoGebra;AutoCAD;SolidWorks;Microsoft Word;Microsoft Excel;Microsoft PowerPoint;Adobe Acrobat Reader;Zoom","95","6","5","4","4","280","1","Autodesk (Fusion 360, AutoCAD, Revit)","2","4","4","1","Cierre intempestivo de programas"
"2026/09/11 1:46:00 p.m. GMT-5","Grupo 6","Ciencia de Datos e Inteligencia Artificial","6","5","15.5","3 (Neutral)","Asus","ASUS","Laptop convencional","3","15.6""","Sí","Amd","Gama Media (Intel Core i5, Core Ultra 5, AMD Ryzen 5, Apple M1/M2/M3 base)","16","Nvidia","Unidad de Estado Sólido (SSD)","200","Google Chrome;Spotify;WhatsApp;Discord;Steam;Minecraft;Valorant","Visual Studio Code;Jupyter Notebook;MATLAB;RStudio;Microsoft Word;Microsoft Excel;Microsoft PowerPoint;Microsoft OneNote;Adobe Acrobat Reader;Microsoft Teams;Zoom","30","5","2","3","2.5","90","Más de 3","Navegador web (Múltiples pestañas de estudio abiertas)","3","3","4","0","Saturación de RAM / Ralentización"
"2026/09/11 1:47:28 p.m. GMT-5","Grupo 5","Ingeniería Mecánica","3","6","16.9","3 (Neutral)","HP Pavilion Laptop 15-eg0xxx","HP","Laptop convencional","4","15.6""","No","Intel","Gama Media (Intel Core i5, Core Ultra 5, AMD Ryzen 5, Apple M1/M2/M3 base)","8","Integrada","Unidad de Estado Sólido (SSD)","1.1","Google Chrome;Microsoft Edge;WhatsApp;Steam","Zoom","150","1","3","3","2.5","150","3","Navegador web (Múltiples pestañas de estudio abiertas)","1","2","3","0","Sobrecalentamiento térmico del equipo"
"2026/09/11 2:12:05 p.m. GMT-5","Grupo 7","Ingeniería Civil","4","5","14.3","2 (Insatisfecho)","MacBook air m2 2022","Apple (MacBook)","Laptop convencional","3","15.6""","Sí","Intel(R) Core(TM) i5-6500T CPU @ 2.50GHz (2.50 GHz)","No lo sé","16","Intel(R) HD Graphics 530","Disco Duro Mecánico (HDD)","7.8","Google Chrome;Microsoft Edge;Mozilla Firefox;Spotify;WhatsApp;Discord;Steam;Epic Games Launcher;Minecraft;Valorant;League of Legends;Counter-Strike 2;Dota 2;Fortnite;Roblox;GTA V;EA Sports FC","MATLAB;RStudio;GeoGebra;AutoCAD;Microsoft Word;Microsoft Excel;Microsoft PowerPoint;Zoom","2","1","5","4","3","300","La mantengo conectada","Ninguno","2","4","4","0","No experimento interrupciones con mi laptop"
"2026/09/11 2:12:58 p.m. GMT-5","Grupo 7","Ingeniería Civil","9","6","14","3 (Neutral)","nitro AN515-55","Acer","Laptop convencional","4","16"" o mayor","Sí","intel","Gama Media (Intel Core i5, Core Ultra 5, AMD Ryzen 5, Apple M1/M2/M3 base)","24","NVIDIA GeForce RTX 1650","Unidad de Estado Sólido (SSD)","6.6","Google Chrome;Microsoft Edge;Mozilla Firefox;Spotify;WhatsApp;Discord;Steam;Epic Games Launcher;Counter-Strike 2","Visual Studio Code;Visual Studio;AutoCAD;Microsoft Word;Microsoft Excel;Adobe Acrobat Reader;Microsoft Teams;Zoom","180 ","2","3","3","5","40","Más de 3","Navegador web (Múltiples pestañas de estudio abiertas)","5","4","3","4","Agotamiento acelerado de batería"
"2026/09/11 2:20:51 p.m. GMT-5","Grupo 7","Ingeniería Civil","4","6","17.45","3 (Neutral)","Notebook L16 CORE_ULT5_125U_1.3G_12C_14T  16 GB / 512GB SSD","Lenovo","Laptop convencional","2","16"" o mayor","No","Intel(R) Core(TM) Ultra 5 125U  ","Gama Media (Intel Core i5, Core Ultra 5, AMD Ryzen 5, Apple M1/M2/M3 base)","16","Intel(R) Graphics  ","Unidad de Estado Sólido (SSD)","1.6","Google Chrome;Microsoft Edge","MATLAB;GeoGebra;AutoCAD;Microsoft Word;Microsoft Excel;Microsoft PowerPoint;Adobe Acrobat Reader;Zoom","60","6","3","4","16","150","3","Navegador web (Múltiples pestañas de estudio abiertas)","3","10","3","3","Saturación de RAM / Ralentización"
"2026/09/11 3:04:38 p.m. GMT-5","Grupo 7","Ingeniería Civil","4","6","15.52","3 (Neutral)","HP Pavilion Gaming Laptop 15-dk1xxx","HP","Laptop convencional","6","14.0""","Sí","Intel(R) Core(TM) i5-10300H CPU @ 2.5GHz","Gama Media (Intel Core i5, Core Ultra 5, AMD Ryzen 5, Apple M1/M2/M3 base)","8","NVIDIA GeForce GTX 1650 Ti","Unidad de Estado Sólido (SSD)","0.84","Google Chrome;Steam;Epic Games Launcher;Valorant","GeoGebra;Zoom","80","0","2","4","0.7","70","La mantengo conectada","Ninguno","0","1","4","0","Saturación de RAM / Ralentización"
"2026/09/11 3:45:53 p.m. GMT-5","Grupo 7","Ingeniería Civil","4","6","13","5 (Muy satisfecho)","Asus","ASUS","Laptop convencional","1","16"" o mayor","Sí","12 th","Gama Media (Intel Core i5, Core Ultra 5, AMD Ryzen 5, Apple M1/M2/M3 base)","16","nvidia","Disco Duro Mecánico (HDD)","5","Google Chrome","Eclipse","12","7","4","3","5","70","La mantengo conectada","Software de Análisis de Datos (RStudio, PowerBI)","6","6","2","2","No experimento interrupciones con mi laptop"
"2026/09/11 3:52:49 p.m. GMT-5","Grupo 5","Ingeniería Industrial","4","5","16.1","3 (Neutral)","Lenovo V15 G3 IAP","Lenovo","Laptop convencional","2","16"" o mayor","No","12th Gen Intel(R) Core(TM) i3-1215U","Gama Baja (Intel Core i3, AMD Ryzen 3, Celeron, Pentium)","8","Gráficos integrados","Unidad de Estado Sólido (SSD)","900","Google Chrome;Microsoft Edge;Spotify;WhatsApp","Visual Studio Code;Visual Studio;PyCharm;MATLAB;RStudio;GeoGebra;Microsoft Word;Microsoft Excel;Microsoft PowerPoint;Microsoft OneNote;Adobe Acrobat Reader;Microsoft Teams","60","6","5","4","2 ","150","2","Autodesk (Fusion 360, AutoCAD, Revit)","2","4","4","1","Saturación de RAM / Ralentización"
"2026/09/11 3:52:57 p.m. GMT-5","Grupo 5","Bioingeniería","6","4","9.75","2 (Insatisfecho)","ASUS TUF Gaming F16 FX608LM_FX608LM","ASUS","Laptop convencional","1","16"" o mayor","Sí","Intel","Gama Alta (Intel Core i7/i9, Core Ultra 7/9, AMD Ryzen 7/9, Apple Pro/Max)","32","NVIDIA GeForce RTX 5060 Laptop GPU","Unidad de Estado Sólido (SSD)","17.5","Google Chrome;Microsoft Edge;WhatsApp;Discord;Steam;Epic Games Launcher;Minecraft","Visual Studio Code;Visual Studio;MATLAB;RStudio;Wolfram Mathematica;GeoGebra;AutoCAD;SolidWorks;Autodesk Inventor;Microsoft Word;Microsoft Excel;Microsoft PowerPoint;Microsoft OneNote;Adobe Acrobat Reader;Zoom","45 ","6","2","4","2","5","La mantengo conectada","Autodesk (Fusion 360, AutoCAD, Revit)","2","7","4","5","Agotamiento acelerado de batería"
"2026/09/11 3:56:52 p.m. GMT-5","Grupo 5","Ciberseguridad","2","6","16.2","3 (Neutral)","mackbook Air m2 2022","Apple (MacBook)","Laptop convencional","4","15.6""","Sí","Apple ","Gama Media (Intel Core i5, Core Ultra 5, AMD Ryzen 5, Apple M1/M2/M3 base)","8","Apple Intel grapfics ","Unidad de Estado Sólido (SSD)","3","Google Chrome;Spotify;WhatsApp;Discord;Steam;Epic Games Launcher;Counter-Strike 2","Visual Studio Code;Visual Studio;PyCharm;Android Studio;MATLAB;GeoGebra;Microsoft Word;Microsoft Excel;Zoom","360","5","3","3","6","160","1","MATLAB, Python / Entornos IDE (VS Code, PyCharm)","3","5","3","1","Sobrecalentamiento térmico del equipo"
"2026/09/11 4:01:57 p.m. GMT-5","Grupo 5","Ciencias de la Computación","9","4","13.4","3 (Neutral)","Lenovo","Lenovo","Laptop convencional","2","14.0""","No","12th Gen Intel","Gama Media (Intel Core i5, Core Ultra 5, AMD Ryzen 5, Apple M1/M2/M3 base)","6","NVIDIA GeForce RTX 3050","Unidad de Estado Sólido (SSD)","12.5","Google Chrome;Microsoft Edge;Mozilla Firefox;Spotify;WhatsApp;Discord;Steam","Visual Studio Code;Visual Studio;PyCharm;Android Studio;Jupyter Notebook;MATLAB;RStudio;AutoCAD;Autodesk Inventor;Microsoft Word;Microsoft Excel;Microsoft PowerPoint;Microsoft OneNote;Adobe Acrobat Reader;Zoom","20 ","3","3","4","2","180","1","Ninguno","7","3","3","0","No experimento interrupciones con mi laptop"
"2026/09/11 4:14:57 p.m. GMT-5","Grupo 6","Ciencias de la Computación","3","6","17.6","4 (Satisfecho)","MSI sword 15 A12UGS","MSI","Laptop convencional","4","15.6""","Sí","Intel ","Gama Alta (Intel Core i7/i9, Core Ultra 7/9, AMD Ryzen 7/9, Apple Pro/Max)","16","Rtx 3070ti","Unidad de Estado Sólido (SSD)","6.8","Google Chrome;Microsoft Edge;Mozilla Firefox;Spotify;WhatsApp;Discord;Steam;Epic Games Launcher;Minecraft;Valorant;League of Legends;Counter-Strike 2;Dota 2;Fortnite;Roblox;GTA V","Visual Studio Code;Visual Studio;IntelliJ IDEA;PyCharm;Android Studio;Eclipse;Jupyter Notebook;MATLAB;RStudio;GeoGebra;Microsoft Word;Microsoft Excel;Microsoft PowerPoint;Microsoft OneNote;Adobe Acrobat Reader;Microsoft Teams;Zoom","60","6 ","5","5","2","180","Más de 3","Ninguno","6","15","4","0","No experimento interrupciones con mi laptop"
"2026/09/11 4:15:11 p.m. GMT-5","Grupo 3","Ingeniería Mecánica","4","4","16","4 (Satisfecho)","Lenovo think pad","Lenovo","Laptop convencional","5","14.0""","Sí","Intel","Gama Alta (Intel Core i7/i9, Core Ultra 7/9, AMD Ryzen 7/9, Apple Pro/Max)","200","NVIDIA GeForce","Disco Duro Mecánico (HDD)","5.6","Google Chrome;Microsoft Edge;Spotify;WhatsApp;Discord;Minecraft;Roblox","Zoom","5","4","5","4","5","200","2","Navegador web (Múltiples pestañas de estudio abiertas)","2","3","3","2","Agotamiento acelerado de batería"
"2026/09/11 4:23:32 p.m. GMT-5","Grupo 5","Ingeniería Mecatrónica","2","5","14.2","3 (Neutral)","LAPTOP-3A4U9SUE","ASUS","Laptop convencional","3","15.6""","Sí","Intel","Gama Media (Intel Core i5, Core Ultra 5, AMD Ryzen 5, Apple M1/M2/M3 base)","8","Nvidia GeForce RTX 3050 Laptop GPU","Unidad de Estado Sólido (SSD)","1","Google Chrome;Microsoft Edge;Spotify;Steam;Epic Games Launcher;Minecraft;Roblox","Visual Studio Code;PyCharm;Autodesk Inventor;Zoom","25","5","4","5","4.5","150","La mantengo conectada","Ninguno","3","9","4","0","No experimento interrupciones con mi laptop"
"2026/09/11 4:26:43 p.m. GMT-5","Grupo 5","Ingeniería Mecánica","6","5","13.89","3 (Neutral)","HP Victus","HP","Laptop convencional","1","15.6""","Sí","Amd","Gama Alta (Intel Core i7/i9, Core Ultra 7/9, AMD Ryzen 7/9, Apple Pro/Max)","16","Nvidia GeForce RTX 4060 Laptop Gpu","Unidad de Estado Sólido (SSD)","8.7","Google Chrome;Spotify;WhatsApp;Steam","MATLAB;RStudio;SolidWorks","70","5","4","3","4","120","La mantengo conectada","Autodesk (Fusion 360, AutoCAD, Revit)","4","3","4","3","Saturación de RAM / Ralentización"
"2026/09/11 4:27:28 p.m. GMT-5","Grupo 5","Ingeniería Electrónica","4","5","13.2","1 (Muy insatisfecho)","Asus Ux8406ca","ASUS","Laptop convencional","2","14.0""","Sí","Intel core ultra 9 285h","Gama Alta (Intel Core i7/i9, Core Ultra 7/9, AMD Ryzen 7/9, Apple Pro/Max)","32","Intel arc 140t","Unidad de Estado Sólido (SSD)","19.6","Google Chrome;Microsoft Edge;WhatsApp;Steam","Visual Studio Code;PyCharm;AutoCAD;Microsoft Word;Microsoft Excel;Microsoft PowerPoint;Zoom","121","Todos los dias ","5","4","4","2","1","Navegador web (Múltiples pestañas de estudio abiertas)","3","3","4","0","No experimento interrupciones con mi laptop"
"2026/09/11 4:34:39 p.m. GMT-5","Grupo 5","Ciencias de la Computación","7","5","13.6","3 (Neutral)","Lenovo IdeaPad Gaming 3 6ta gen","Lenovo","Laptop convencional","2","15.6""","Sí","Intel Core i7-12650H","Gama Alta (Intel Core i7/i9, Core Ultra 7/9, AMD Ryzen 7/9, Apple Pro/Max)","32","Nvidia GeForce RTX 3060","Unidad de Estado Sólido (SSD)","23","Mozilla Firefox;Discord;Steam;Minecraft","Visual Studio Code;IntelliJ IDEA;Zoom","180","5","2","5","5","90","La mantengo conectada","Ninguno","4","3","5","0","No experimento interrupciones con mi laptop"
"2026/09/11 4:35:25 p.m. GMT-5","Grupo 5","Ingeniería Civil","7","7","14.41","4 (Satisfecho)","Lenovo IdeaPad 3 15ACH6","Lenovo","Laptop convencional","4","14.0""","Sí","Rizen","Gama Alta (Intel Core i7/i9, Core Ultra 7/9, AMD Ryzen 7/9, Apple Pro/Max)","16","RTX 3050 Ti Laptop GPU","Unidad de Estado Sólido (SSD)","2.9","Google Chrome;Microsoft Edge;Spotify;WhatsApp;Discord;Steam","MATLAB;AutoCAD;ArcGIS;Microsoft Word;Microsoft Excel","140","1","2","4","0.1","30","La mantengo conectada","Otro","2","4","3","0","Saturación de RAM / Ralentización"
"2026/09/11 4:44:10 p.m. GMT-5","Grupo 5","Bioingeniería","8","6","16.58","2 (Insatisfecho)","Acer Nitro 5 AN515-52 (V1.28)","Acer","Laptop convencional","6","16"" o mayor","Sí","Intel","Gama Media (Intel Core i5, Core Ultra 5, AMD Ryzen 5, Apple M1/M2/M3 base)","12","NVIDIA GeForce GTX 105 Mobile (dedicada)","Unidad de Estado Sólido (SSD)","8.03","Mozilla Firefox;Discord;Steam","Visual Studio Code;Zoom","40","6","4","4","5.5","130","La mantengo conectada","Ninguno","4","6","5","0","No experimento interrupciones con mi laptop"
"2026/09/11 4:45:12 p.m. GMT-5","Grupo 5","Bioingeniería","2","6","17","2 (Insatisfecho)","HP Laptop 14","HP","Laptop convencional","2","14.0""","No","Intel(R) Come(TM) Ultra 5 125H","No lo sé","16 ","0","Disco Duro Mecánico (HDD)","5.6","Google Chrome;WhatsApp;Minecraft;Roblox","Zoom","20","ninguno","3","3","2.5","150","1","MATLAB, Python / Entornos IDE (VS Code, PyCharm)","0","4","2","0","Agotamiento acelerado de batería"
"2026/09/11 4:46:05 p.m. GMT-5","Grupo 2","Ingeniería Industrial","2","7","12.5","4 (Satisfecho)","Acer Nitro V 15 AI","Acer","Laptop convencional","0","15.6""","Sí","AMD Ryzen 7","Gama Alta (Intel Core i7/i9, Core Ultra 7/9, AMD Ryzen 7/9, Apple Pro/Max)","16","NVIDIA GeForce RTX 4050 Laptop GPU","Unidad de Estado Sólido (SSD)","5","Google Chrome;Steam","PyCharm;Microsoft Word;Microsoft Excel;Microsoft PowerPoint;Zoom","90","6","4","4","5","120","1","MATLAB, Python / Entornos IDE (VS Code, PyCharm)","2","3","4","0","No experimento interrupciones con mi laptop"
"2026/09/11 4:47:49 p.m. GMT-5","Grupo 5","Bioingeniería","10","3","17","3 (Neutral)","ACER Nitro AN515-55","Acer","Laptop convencional","6","15.6""","Sí","Intel core i7-10750H CPU @ 2.60GHz","Gama Media (Intel Core i5, Core Ultra 5, AMD Ryzen 5, Apple M1/M2/M3 base)","16","Tarjeta gráfica dedicada: NVIDIA GeForce GTX 1650","Unidad de Estado Sólido (SSD)","10 ","Google Chrome;Microsoft Edge;Spotify;WhatsApp;Discord;Steam;Minecraft;Roblox","Visual Studio Code;MATLAB;RStudio;Autodesk Inventor;Microsoft Word;Microsoft Excel;Microsoft PowerPoint;Microsoft OneNote;Adobe Acrobat Reader;Microsoft Teams;Zoom","6","5","3","3","7","120","2","Navegador web (Múltiples pestañas de estudio abiertas)","5","3","3","2","Saturación de RAM / Ralentización"
"2026/09/11 4:48:13 p.m. GMT-5","Grupo 5","Ingeniería Industrial","10","1","16.37","3 (Neutral)","VivoBook ASUSLaptop X515UA M515UA","ASUS","Laptop convencional","5","15.6""","No","AMD Ryzen 7 5700U","Gama Alta (Intel Core i7/i9, Core Ultra 7/9, AMD Ryzen 7/9, Apple Pro/Max)","16","GPU 0","Unidad de Estado Sólido (SSD)","5.7","Google Chrome;Microsoft Edge;Spotify;WhatsApp;Discord","Visual Studio Code;Visual Studio;PyCharm;Jupyter Notebook;MATLAB;RStudio;GeoGebra;Autodesk Inventor;Microsoft Word;Microsoft Excel;Microsoft PowerPoint;Microsoft OneNote;Adobe Acrobat Reader;Microsoft Teams;Zoom","120","6","1","1","6","150","La mantengo conectada","Ninguno","7","3","5","0","No experimento interrupciones con mi laptop"
"2026/09/11 4:52:07 p.m. GMT-5","Grupo 5","Ciencias de la Computación","6","5","18.2","5 (Muy satisfecho)","Lenovo Ideapad 1 15ALC7","Lenovo","Laptop convencional","3","15.6""","No","AMD","Gama Alta (Intel Core i7/i9, Core Ultra 7/9, AMD Ryzen 7/9, Apple Pro/Max)","16","Integrada","Unidad de Estado Sólido (SSD)","2.6","Google Chrome;Microsoft Edge;Spotify;WhatsApp;Discord;Steam;Epic Games Launcher;Minecraft;Roblox;GTA V","Visual Studio Code;Microsoft Word;Microsoft Excel;Microsoft PowerPoint;Zoom","240","4","1","3","4","120","3","MATLAB, Python / Entornos IDE (VS Code, PyCharm)","6","5","2","5","Sobrecalentamiento térmico del equipo"
"2026/09/11 4:56:31 p.m. GMT-5","Grupo 5","Ciencia de Datos e Inteligencia Artificial","4","8","18","1 (Muy insatisfecho)","ACER | LAPTOP ACER PREDATOR HELIOS NEO 16S ULTRA 9 275HX 16GB 1TB SSD 8GB RTX5060 16"" OLED WIN 11 AMERICANA.","Acer","Laptop convencional","2","16"" o mayor","Sí","13th Gen intel(R) Core(TM) i9-13900HX","Gama Alta (Intel Core i7/i9, Core Ultra 7/9, AMD Ryzen 7/9, Apple Pro/Max)","32","13th Gen intel (R) Core(TM) i9-13900hx","Unidad de Estado Sólido (SSD)","21.1","Microsoft Edge;WhatsApp;Discord;Steam;Minecraft;Roblox","Visual Studio Code;Visual Studio;IntelliJ IDEA;PyCharm;Jupyter Notebook;RStudio;GeoGebra;Microsoft Word;Microsoft Excel;Zoom","120","6","1","5","8","90","La mantengo conectada","Software de Análisis de Datos (RStudio, PowerBI)","6","8","5","2","Saturación de RAM / Ralentización"
"2026/09/11 4:58:30 p.m. GMT-5","Grupo 5","Ciencia de Datos e Inteligencia Artificial","6","4","12.5","3 (Neutral)","ASUS Zenbook DUO UX8406","ASUS","Otro","0","14.0""","No","Intel(R) Core(TM) Ultra 9 285H","Gama Alta (Intel Core i7/i9, Core Ultra 7/9, AMD Ryzen 7/9, Apple Pro/Max)","32","Intel(R) ARC(TM) 140TM GPU(16GP)","Unidad de Estado Sólido (SSD)","18","Google Chrome;Microsoft Edge;Mozilla Firefox;Minecraft;Roblox","Visual Studio Code;MATLAB;Microsoft Word;Zoom","120","4","5","5","2","10","1","Ninguno","4","3","5","0","No experimento interrupciones con mi laptop"
"2026/09/11 5:09:17 p.m. GMT-5","Grupo 2","Ciencia de Datos e Inteligencia Artificial","4","6","14.24","3 (Neutral)","ROG Zephyrus G14 GA403UM_GA403UM","ASUS","Laptop convencional","1","14.0""","Sí","AMD","Gama Alta (Intel Core i7/i9, Core Ultra 7/9, AMD Ryzen 7/9, Apple Pro/Max)","16","GeForce RTX 5090 Laptop GPU","Unidad de Estado Sólido (SSD)","5.1","Google Chrome;Microsoft Edge;Spotify;WhatsApp;Discord;Steam;Epic Games Launcher;Valorant;GTA V","Visual Studio Code;Visual Studio;IntelliJ IDEA;MATLAB;RStudio;Zoom","130","5","4","5","2.5","200","1","Ninguno","5","3","5","1","Saturación de RAM / Ralentización"
"2026/09/11 5:18:05 p.m. GMT-5","Grupo 7","Ingeniería Civil","2","6","14.25","2 (Insatisfecho)","HP 250 15.6 inch G9 Notebook PC","HP","Laptop convencional","2","15.6""","No","12th Gen Intel(R) Core(TM)i5-1235U","Gama Media (Intel Core i5, Core Ultra 5, AMD Ryzen 5, Apple M1/M2/M3 base)","24","Intel(R) Iría(R) Xe Graphics","Unidad de Estado Sólido (SSD)","11.5","Google Chrome;Microsoft Edge;Discord;Roblox","PyCharm;AutoCAD;Zoom","180","6","4","3","3","150","3","Autodesk (Fusion 360, AutoCAD, Revit)","5","2","3","2","Sobrecalentamiento térmico del equipo"
"2026/09/11 5:22:38 p.m. GMT-5","Grupo 7","Ingeniería Ambiental","4","5","17.65","3 (Neutral)","HP Laptop 14-ep1001la","HP","Laptop convencional","2","14.0""","No","Intel(R) Core(TM) Ultra 5 125H","Gama Media (Intel Core i5, Core Ultra 5, AMD Ryzen 5, Apple M1/M2/M3 base)","16","(tarjeta gráfica integrada): Gráficos Intel (Intel Arc Graphics)","Unidad de Estado Sólido (SSD)","1.9","Google Chrome;Microsoft Edge;Mozilla Firefox;Spotify;WhatsApp;Minecraft;Roblox","MATLAB;ArcGIS;Zoom","300","4","3","4","7","180","3","MATLAB, Python / Entornos IDE (VS Code, PyCharm)","1","4","4","0","No experimento interrupciones con mi laptop"
"2026/09/11 5:25:31 p.m. GMT-5","Grupo 5","Ingeniería Mecatrónica","2","6","18.2","4 (Satisfecho)","82KT","Lenovo","Laptop convencional","4","14.0""","No","AMD RYZEN 3 3500U","Gama Baja (Intel Core i3, AMD Ryzen 3, Celeron, Pentium)","8","GPU 0","Unidad de Estado Sólido (SSD)","1.7","Google Chrome;Microsoft Edge;Minecraft;Roblox","Visual Studio Code;Visual Studio;PyCharm;Zoom","30","6","5","5","5","2","2","Autodesk (Fusion 360, AutoCAD, Revit)","1","0","4","0","No experimento interrupciones con mi laptop"
"2026/09/11 5:36:37 p.m. GMT-5","Grupo 7","Ciencias de la Computación","4","5","16.72","4 (Satisfecho)","Thinkpad","Otra","Laptop convencional","2","15.6""","Sí","Intel core","Gama Media (Intel Core i5, Core Ultra 5, AMD Ryzen 5, Apple M1/M2/M3 base)","16","intel core 7","Unidad de Estado Sólido (SSD)","32","Google Chrome;Microsoft Edge;Spotify;WhatsApp;Discord;Roblox","Visual Studio Code;IntelliJ IDEA;MATLAB;Zoom","90","Todos","3","4","7","200","2","Software de Análisis de Datos (RStudio, PowerBI)","7","5","3","1","Cierre intempestivo de programas"
"2026/09/11 6:28:44 p.m. GMT-5","Grupo 3","Ingeniería Mecánica","3","6","14.99","2 (Insatisfecho)","lenovo legion 5i gen 10 ","Lenovo","Laptop convencional","1","15.6""","Sí","13th Gen Intel(R) Core(TM) i7-13650HX","Gama Alta (Intel Core i7/i9, Core Ultra 7/9, AMD Ryzen 7/9, Apple Pro/Max)","24","NVIDIA GeForce RTX 5060 Laptop GPU","Unidad de Estado Sólido (SSD)","8.1","Google Chrome;Microsoft Edge;WhatsApp","MATLAB;AutoCAD;SolidWorks;Autodesk Inventor;Microsoft Word;Microsoft Excel;Microsoft PowerPoint;Adobe Acrobat Reader;Microsoft Teams;Zoom","1","1","1","5","5","150","La mantengo conectada","Ninguno","2","6","5","0","No experimento interrupciones con mi laptop"
"2026/09/11 7:18:41 p.m. GMT-5","Grupo 7","Ciencias de la Computación","4","5","17.25","3 (Neutral)","-1","HP","Laptop convencional","4","16"" o mayor","No","ryzen 7","Gama Alta (Intel Core i7/i9, Core Ultra 7/9, AMD Ryzen 7/9, Apple Pro/Max)","16","AMD","Unidad de Estado Sólido (SSD)","5","Mozilla Firefox;Spotify;WhatsApp;Discord;Minecraft","Visual Studio Code;Visual Studio;Zoom","4","6","4","4","8","1","2","MATLAB, Python / Entornos IDE (VS Code, PyCharm)","150","4","4","0","No experimento interrupciones con mi laptop"
"2026/09/11 7:50:01 p.m. GMT-5","Grupo 5","Ingeniería Mecánica","3","6","17","4 (Satisfecho)","Macbook Neo 2026","Apple (MacBook)","Laptop convencional","0","13.3"" o menor","No","Apple","Gama Media (Intel Core i5, Core Ultra 5, AMD Ryzen 5, Apple M1/M2/M3 base)","8","Apple A18","Unidad de Estado Sólido (SSD)","4.7","Mozilla Firefox;Spotify","MATLAB;Zoom","80","4","5","5","4","6","1","Ninguno","3","4","5","0","Saturación de RAM / Ralentización"
"2026/09/11 8:26:28 p.m. GMT-5","Grupo 3","Ingeniería Mecatrónica","3","3","10.9","2 (Insatisfecho)","LOQ 15AHP9","Lenovo","Laptop convencional","0","15.6""","Sí","AMD Ryzen 7 8845HS w/ Radeon 780M Graphics","Gama Alta (Intel Core i7/i9, Core Ultra 7/9, AMD Ryzen 7/9, Apple Pro/Max)","16.0","NVIDIA GeForce RTX 4050 Laptop GPU","Unidad de Estado Sólido (SSD)","4.4","Google Chrome;Discord;Steam;Minecraft","RStudio;Zoom","40","1","5","5","1.25","90","Más de 3","Ninguno","3","3","5","0","Agotamiento acelerado de batería"
"2026/09/11 8:38:41 p.m. GMT-5","Grupo 7","Ingeniería Industrial","4","5","13.79","3 (Neutral)","MacBook Air M2 2022.","Apple (MacBook)","Laptop convencional","4","14.0""","No","Apple","Gama Media (Intel Core i5, Core Ultra 5, AMD Ryzen 5, Apple M1/M2/M3 base)","8","GPU Integrada","Unidad de Estado Sólido (SSD)","4","WhatsApp;Discord;Steam;Epic Games Launcher;Minecraft;Valorant;League of Legends;Counter-Strike 2","PyCharm;MATLAB;RStudio;Zoom","180","5","4","4","4 ","160","2","MATLAB, Python / Entornos IDE (VS Code, PyCharm)","3","4","3","1","Saturación de RAM / Ralentización"
"2026/09/11 9:37:09 p.m. GMT-5","Grupo 2","Ingeniería Electrónica","4","5","15.3","3 (Neutral)","Dell Inspiron 15 3520","Dell","Laptop convencional","2","15.6""","No","Intel","Gama Media (Intel Core i5, Core Ultra 5, AMD Ryzen 5, Apple M1/M2/M3 base)","16","Intel Iris Xe Graphics integrada","Unidad de Estado Sólido (SSD)","6.3","Google Chrome;Spotify;WhatsApp;Discord;League of Legends","Visual Studio Code;MATLAB;GeoGebra;Microsoft Excel;Microsoft PowerPoint;Adobe Acrobat Reader","63","4","5","4","5.1","268","1","MATLAB, Python / Entornos IDE (VS Code, PyCharm)","4","7","4","1","Saturación de RAM / Ralentización"
"2026/09/11 10:12:48 p.m. GMT-5","Grupo 7","Ingeniería Civil","1","8","15.4","4 (Satisfecho)","HP Victus 15-fa1093dx","HP","Laptop convencional","0","14.0""","No","rayzen 7","Gama Alta (Intel Core i7/i9, Core Ultra 7/9, AMD Ryzen 7/9, Apple Pro/Max)","16","4050 ","Unidad de Estado Sólido (SSD)","16","Google Chrome;Microsoft Edge;Spotify;WhatsApp","PyCharm;AutoCAD;Microsoft Word;Microsoft Excel;Microsoft PowerPoint;Microsoft OneNote;Microsoft Teams;Zoom","5","6","3","5","1","3","2","Otro","5","4","4","1","Saturación de RAM / Ralentización"
"2026/09/11 10:59:31 p.m. GMT-5","Grupo 3","Bioingeniería","8","4","15.97","4 (Satisfecho)","HP Victus","HP","Laptop convencional","1","15.6""","No","Intel Core","Gama Media (Intel Core i5, Core Ultra 5, AMD Ryzen 5, Apple M1/M2/M3 base)","16","RTX 4050","Unidad de Estado Sólido (SSD)","4.8","Google Chrome;Microsoft Edge;Discord;Steam;Minecraft","MATLAB;RStudio;AutoCAD;Autodesk Inventor;Microsoft Word;Microsoft Excel;Microsoft PowerPoint;Adobe Acrobat Reader;Zoom","80","5","5","5","2","85","2","Navegador web (Múltiples pestañas de estudio abiertas)","2","3","4","0","Saturación de RAM / Ralentización"
"2026/09/11 11:28:40 p.m. GMT-5","Grupo 7","Ingeniería Mecánica","3","4","12.4","3 (Neutral)","Lenovo legion 5","Lenovo","Laptop convencional","1","15.6""","Sí","Intel","Gama Media (Intel Core i5, Core Ultra 5, AMD Ryzen 5, Apple M1/M2/M3 base)","8","Rtx 3050 6gb","Unidad de Estado Sólido (SSD)","3","Google Chrome;Microsoft Edge;Spotify;Valorant","MATLAB;GeoGebra;Zoom","1","2","3","3","2","120","La mantengo conectada","Ninguno","2","2","3","4","Agotamiento acelerado de batería"
"2026/09/11 11:36:51 p.m. GMT-5","Grupo 7","Ciencias de la Computación","6","3","14","3 (Neutral)","Lenovo Ideapad 3 15ALC6","Lenovo","Laptop convencional","3","15.6""","No","AMD Ryzen 7 5700U","Gama Alta (Intel Core i7/i9, Core Ultra 7/9, AMD Ryzen 7/9, Apple Pro/Max)","16","SAMSUNG MZAL4512HBLU-00BL2","Unidad de Estado Sólido (SSD)","6.8","Google Chrome;Microsoft Edge;Mozilla Firefox;Spotify;WhatsApp;Discord;Steam;Epic Games Launcher;Minecraft;Counter-Strike 2;Fortnite;Roblox","PyCharm;MATLAB;Wolfram Mathematica","120","5","2","3","2.3","120","La mantengo conectada","MATLAB, Python / Entornos IDE (VS Code, PyCharm)","3","3","3","1","Saturación de RAM / Ralentización"
"2026/09/11 11:44:39 p.m. GMT-5","Grupo 5","Bioingeniería","3","6","17.5","3 (Neutral)","Victus by HP Gaming Laptop 15-fb3xxx","HP","Laptop convencional","1","15.6""","Sí","AMD Ryzen 7 7445HS w/Radeon 740M Graphics","Gama Alta (Intel Core i7/i9, Core Ultra 7/9, AMD Ryzen 7/9, Apple Pro/Max)","16","NVIDIA GEFORCE RTX","Unidad de Estado Sólido (SSD)","3.1","Google Chrome;Microsoft Edge;Spotify;WhatsApp;Discord;Roblox","PyCharm;MATLAB;GeoGebra;Microsoft Word;Zoom","120","4","4","4","5","160","2","MATLAB, Python / Entornos IDE (VS Code, PyCharm)","1","4","4","0","Cierre intempestivo de programas"
"2026/09/11 11:45:26 p.m. GMT-5","Grupo 7","Bioingeniería","4","6","14","3 (Neutral)","Hp Omen 16-AM0000CA","HP","Laptop convencional","1","16"" o mayor","Sí","Intel","Gama Alta (Intel Core i7/i9, Core Ultra 7/9, AMD Ryzen 7/9, Apple Pro/Max)","16","RTX 5060","Unidad de Estado Sólido (SSD)","9","Google Chrome;Microsoft Edge;Spotify;Discord;Steam;Epic Games Launcher;Valorant;League of Legends;Counter-Strike 2;Fortnite","Visual Studio Code;MATLAB;RStudio;Microsoft Excel;Microsoft OneNote;Zoom","60 ","3","2","5","4","150","La mantengo conectada","Ninguno","3","3","5","0","No experimento interrupciones con mi laptop"
"2026/09/12 12:03:04 a.m. GMT-5","Grupo 5","Ciencias de la Computación","3","5","14","3 (Neutral)","HP Laptop 14-dq2xxx","HP","Laptop convencional","4","14.0""","No","11th Gen Intel(R) Core(TM) i5-1135G7 @","Gama Media (Intel Core i5, Core Ultra 5, AMD Ryzen 5, Apple M1/M2/M3 base)","8","128 ","Unidad de Estado Sólido (SSD)","0.35","Google Chrome;Microsoft Edge;Spotify;WhatsApp;Steam;Epic Games Launcher;Fortnite;Roblox","PyCharm;MATLAB;Microsoft Word;Microsoft Excel;Microsoft PowerPoint;Zoom","60","3","2","3","1","120","Más de 3","MATLAB, Python / Entornos IDE (VS Code, PyCharm)","2","3","2","2","Sobrecalentamiento térmico del equipo"
"2026/09/12 12:05:52 a.m. GMT-5","Grupo 3","Ingeniería Mecatrónica","4","5","13.7","2 (Insatisfecho)","Thin 15 B13VE","MSI","Laptop convencional","2","14.0""","Sí","13th Gen Intel(R) Core(TM) i5-13420H","No lo sé","16","NVIDIA GeForce RTX 4050 Laptop GPU","Unidad de Estado Sólido (SSD)","1.8 ","Google Chrome;Microsoft Edge;WhatsApp;Discord;Steam;Minecraft;Roblox","Visual Studio Code;Visual Studio;PyCharm;MATLAB;RStudio;AutoCAD;Autodesk Inventor;Microsoft Word;Microsoft Excel;Microsoft PowerPoint;Zoom","120","4","1","5","4","120","2","Ninguno","2","5","5","2","No experimento interrupciones con mi laptop"
"2026/09/12 9:10:19 a.m. GMT-5","Grupo 2","Ciencias de la Computación","3","6","17.5","5 (Muy satisfecho)","ASUS TUF Gaming F16","ASUS","Otro","0","16"" o mayor","Sí","AMD Ryzen","Gama Alta (Intel Core i7/i9, Core Ultra 7/9, AMD Ryzen 7/9, Apple Pro/Max)","32","Nivia 5070","Unidad de Estado Sólido (SSD)","20","Google Chrome;Spotify;WhatsApp;Discord;Steam;Epic Games Launcher","Visual Studio Code;Visual Studio;IntelliJ IDEA;RStudio;GeoGebra;AutoCAD","60","todos","5","5","12","4","3","Ninguno","7","5","5","0","No experimento interrupciones con mi laptop"
"2026/09/12 11:31:40 a.m. GMT-5","Grupo 3","Ingeniería Industrial","5","7","12","3 (Neutral)","Asus rog strix g16","ASUS","Laptop convencional","2 ","16"" o mayor","Sí","Intel","Gama Alta (Intel Core i7/i9, Core Ultra 7/9, AMD Ryzen 7/9, Apple Pro/Max)","32","4060","Unidad de Estado Sólido (SSD)","300","Google Chrome;Microsoft Edge;Spotify;WhatsApp;Discord;Steam;Epic Games Launcher;Roblox","Visual Studio Code;PyCharm;MATLAB;RStudio;GeoGebra;AutoCAD;SolidWorks;Autodesk Inventor;Microsoft Word;Microsoft Excel;Microsoft PowerPoint;Microsoft OneNote;Adobe Acrobat Reader;Microsoft Teams;Zoom","50","5","5","4","3","3","3","Ninguno","3","4","4","0","Agotamiento acelerado de batería"
"2026/09/12 11:40:00 a.m. GMT-5","Grupo 3","Ciencias de la Computación","4","6","12.3","3 (Neutral)","viactus by HP gaming laptop 15-fb3xxx","HP","Laptop convencional","1","15.6""","Sí","AMD Ryzen 77445HS w/Radeo 740M graphics","Gama Media (Intel Core i5, Core Ultra 5, AMD Ryzen 5, Apple M1/M2/M3 base)","16.0","NVIDIA Geforce RTX 3050 6gb laptop gpu","Unidad de Estado Sólido (SSD)","2.4","Google Chrome;Discord;Steam","Visual Studio Code;Visual Studio;RStudio","2","6","3","5","6.3","150","La mantengo conectada","Otro","1","5","4","1","No experimento interrupciones con mi laptop"
"2026/09/12 1:36:31 p.m. GMT-5","Grupo 3","Bioingeniería","4","6","13","2 (Insatisfecho)","Lenovo ","Lenovo","Laptop convencional","6","15.6""","No","No se","Gama Alta (Intel Core i7/i9, Core Ultra 7/9, AMD Ryzen 7/9, Apple Pro/Max)","16","GPU 0","Disco Duro Mecánico (HDD)","6","Google Chrome;Microsoft Edge;Spotify;WhatsApp;Discord;Steam;League of Legends","PyCharm;MATLAB;Zoom","3","3 dias","1","3","1","90","2","Navegador web (Múltiples pestañas de estudio abiertas)","1","3","2","4","Sobrecalentamiento térmico del equipo"
"2026/09/12 1:37:53 p.m. GMT-5","Grupo 3","Ingeniería Mecatrónica","3","6","16.5","3 (Neutral)","asus rog strix g17","ASUS","Laptop convencional","3","16"" o mayor","Sí","ryzen","Gama Alta (Intel Core i7/i9, Core Ultra 7/9, AMD Ryzen 7/9, Apple Pro/Max)","32","4050","Unidad de Estado Sólido (SSD)","28","Google Chrome;Microsoft Edge;Spotify;WhatsApp;Discord;Steam;Minecraft;Valorant;League of Legends;Counter-Strike 2;Roblox;GTA V","Visual Studio Code;PyCharm;Android Studio;Jupyter Notebook;MATLAB;RStudio;Wolfram Mathematica;AutoCAD;SolidWorks;Autodesk Inventor;Microsoft Word;Microsoft Excel;Microsoft PowerPoint;Microsoft OneNote;Adobe Acrobat Reader;Zoom","2","6","5","3","10","120","La mantengo conectada","Navegador web (Múltiples pestañas de estudio abiertas)","6","4","4","0","No experimento interrupciones con mi laptop"
"2026/09/12 1:53:47 p.m. GMT-5","Grupo 2","Ciencia de Datos e Inteligencia Artificial","2","6","14","3 (Neutral)","ASUS ROG Strix (Republic of Gamers) octava generación ","ASUS","Laptop convencional","1","16"" o mayor","Sí","i7-8750H CPU @ 2.20GHz","Gama Alta (Intel Core i7/i9, Core Ultra 7/9, AMD Ryzen 7/9, Apple Pro/Max)","40","GPU 0","Unidad de Estado Sólido (SSD)","28.5 ","Google Chrome;Microsoft Edge;Spotify;Discord;Steam;Epic Games Launcher;Minecraft;Roblox","Visual Studio Code;Visual Studio;PyCharm;GeoGebra;Microsoft Word;Microsoft Excel;Microsoft PowerPoint;Zoom","150 ","2","4","5","2.5","150","La mantengo conectada","Autodesk (Fusion 360, AutoCAD, Revit)","1","5","4","0","Saturación de RAM / Ralentización"
"2026/09/12 2:01:03 p.m. GMT-5","Grupo 3","Sistemas de Información","4","5","12.9","4 (Satisfecho)","LENOVO_MT83DV_BU_idea_FM_LOQ 15IRX9","Lenovo","Laptop convencional","2","13.3"" o menor","Sí","13th Gen Intel(R) Core(TM) i7 - 13650HX, 2600 Mhz, 14 Core(s), 20 Logical Processor(s)","Gama Alta (Intel Core i7/i9, Core Ultra 7/9, AMD Ryzen 7/9, Apple Pro/Max)","12","NVIDIA GeForce RTX 3050 6GB Laptop GPU","Unidad de Estado Sólido (SSD)","2.3","Google Chrome;Microsoft Edge;Spotify;WhatsApp;Discord;Steam;Epic Games Launcher;Minecraft;Valorant;League of Legends;Fortnite","PyCharm;MATLAB;Microsoft Word;Microsoft Excel;Microsoft PowerPoint;Microsoft OneNote;Microsoft Teams;Zoom","45","6 ","5","5","3.5","139","3","Software de Análisis de Datos (RStudio, PowerBI)","2","570","4","0","No experimento interrupciones con mi laptop"
"2026/09/12 2:10:07 p.m. GMT-5","Grupo 3","Ingeniería Industrial","3","5","18","3 (Neutral)","MacBook Air 13” M4 2025","Apple (MacBook)","Laptop convencional","1","13.3"" o menor","Sí","apple m4","Gama Media (Intel Core i5, Core Ultra 5, AMD Ryzen 5, Apple M1/M2/M3 base)","16","apple m4 gpu ","Unidad de Estado Sólido (SSD)","2.71","Google Chrome;Spotify;WhatsApp;Discord","PyCharm;MATLAB;RStudio;Microsoft Word;Microsoft Excel;Microsoft PowerPoint;Zoom","60","5","5","5","4","480","1","Ninguno","1","5","5","0","No experimento interrupciones con mi laptop"
"2026/09/12 3:42:30 p.m. GMT-5","Grupo 4","Ciencias de la Computación","3","5","15.25","3 (Neutral)","Lenovo LOQ 15ARP9","Lenovo","Laptop convencional","1","15.6""","Sí","AMD Ryzen 7 7435HS","Gama Alta (Intel Core i7/i9, Core Ultra 7/9, AMD Ryzen 7/9, Apple Pro/Max)","12","NVIDIA GeForce RTX 4060 Laptop GPU","Unidad de Estado Sólido (SSD)","2.9","Google Chrome;Spotify;Discord;Steam;Minecraft;Valorant;Roblox","Visual Studio Code;IntelliJ IDEA;PyCharm;MATLAB;RStudio;GeoGebra;Microsoft Word;Microsoft Excel;Microsoft PowerPoint;Microsoft OneNote;Adobe Acrobat Reader;Zoom","30","5","4","5","2.5","150","1","Ninguno","6","4","4","0","Saturación de RAM / Ralentización"
"2026/09/12 4:16:22 p.m. GMT-5","Grupo 3","Administración y Negocios Digitales","4","6","18.5","3 (Neutral)","MacBook Pro M4","Apple (MacBook)","Laptop convencional","2","14.0""","Sí","TSMC","Gama Alta (Intel Core i7/i9, Core Ultra 7/9, AMD Ryzen 7/9, Apple Pro/Max)","32","Integrada","Unidad de Estado Sólido (SSD)","20.1","Google Chrome;Spotify;WhatsApp;Discord;League of Legends;Roblox","Visual Studio Code;IntelliJ IDEA;PyCharm;RStudio;Microsoft Word;Microsoft Excel;Microsoft PowerPoint;Microsoft Teams;Zoom","186","5","5","5","12.3","820","1","Ninguno","5","5","5","0","No experimento interrupciones con mi laptop"
"2026/09/12 4:20:14 p.m. GMT-5","Grupo 5","Ingeniería Química","8","7","17.8","4 (Satisfecho)","Macbook air m4 2025","Apple (MacBook)","Laptop convencional","1","13.3"" o menor","Sí","12","Gama Baja (Intel Core i3, AMD Ryzen 3, Celeron, Pentium)","16","Laptop gpu","Unidad de Estado Sólido (SSD)","3.5","Google Chrome;Discord;Steam","Jupyter Notebook;MATLAB;Microsoft Teams;Zoom","200","4","4","5","7","600","1","Autodesk (Fusion 360, AutoCAD, Revit)","5","4","5","0","No experimento interrupciones con mi laptop"
"2026/09/12 4:35:51 p.m. GMT-5","Grupo 3","Ingeniería de la Energía","4","6","17.44","2 (Insatisfecho)","VivaBook ASUSLaptop M1603QA","Lenovo","Laptop convencional","2","16"" o mayor","No","AMD","Gama Alta (Intel Core i7/i9, Core Ultra 7/9, AMD Ryzen 7/9, Apple Pro/Max)","12","Integrada ","Unidad de Estado Sólido (SSD)","4.3","Google Chrome;Microsoft Edge;Spotify;WhatsApp","Adobe Acrobat Reader;Zoom","45 ","4 en semanas impares, 5 en semanas pares","5","3","1","100","2","MATLAB, Python / Entornos IDE (VS Code, PyCharm)","0","2","4","0","Saturación de RAM / Ralentización"
"2026/09/12 4:43:58 p.m. GMT-5","Grupo 5","Ingeniería Química","4","6","14.8","4 (Satisfecho)","Lenovo Legion 7 16IRX9","Lenovo","Laptop convencional","1","16"" o mayor","Sí","14th Gereration Intel(R) Core(TM) i7-14700HX","Gama Alta (Intel Core i7/i9, Core Ultra 7/9, AMD Ryzen 7/9, Apple Pro/Max)","32","NVIDIA GeForce RTX 4070 Laptop GPU","Unidad de Estado Sólido (SSD)","25","Google Chrome;Microsoft Edge;Spotify;Discord;Steam;Minecraft;Counter-Strike 2;Roblox","PyCharm;MATLAB;Microsoft Word;Microsoft Excel;Zoom","100 ","1","5","5","5","315","1","Ninguno","2","3","5","0","No experimento interrupciones con mi laptop"
"2026/09/12 4:44:15 p.m. GMT-5","Grupo 5","Ingeniería Química","3","6","16.88","4 (Satisfecho)","ASUS TUF Gaming Q15","ASUS","Laptop convencional","1","14.0""","Sí","AMD Ryzen 7 7435HS","Gama Alta (Intel Core i7/i9, Core Ultra 7/9, AMD Ryzen 7/9, Apple Pro/Max)","16 ","NVIDIA GeForce RTX 2050","Unidad de Estado Sólido (SSD)","5.9","Google Chrome;Microsoft Edge;WhatsApp;Discord","PyCharm;MATLAB;RStudio;GeoGebra;Autodesk Inventor;Microsoft Word;Microsoft Excel;Microsoft PowerPoint;Microsoft Teams;Zoom","180","2","4","4","4.5","150","3","MATLAB, Python / Entornos IDE (VS Code, PyCharm)","3","5","4","5","Cierre intempestivo de programas"
"2026/09/12 5:12:33 p.m. GMT-5","Grupo 5","Bioingeniería","3","6","15.1","2 (Insatisfecho)","Victus by HP Gaming Laptop 15-fa0xxx","HP","Laptop convencional","1","15.6""","Sí","NVIDIA GeForce RTX3050 LAPTOP GPU","Gama Alta (Intel Core i7/i9, Core Ultra 7/9, AMD Ryzen 7/9, Apple Pro/Max)","16","tarjeta gráfica dedicada: NVIDIA GeForce RTX 3050 Laptop GPU) ","Unidad de Estado Sólido (SSD)","3.5","Google Chrome;WhatsApp;Discord;Steam;Dota 2","GeoGebra;Microsoft Word;Microsoft Excel;Microsoft PowerPoint;Zoom","90","5","2","5","6","3","3","Ninguno","3","6","5","0","No experimento interrupciones con mi laptop"
"2026/09/12 5:40:41 p.m. GMT-5","Grupo 3","Ingeniería Mecánica","4","6","13.5","2 (Insatisfecho)","Mac M2","Apple (MacBook)","Laptop convencional","3","14.0""","Sí","Apple","Gama Media (Intel Core i5, Core Ultra 5, AMD Ryzen 5, Apple M1/M2/M3 base)","8","GPU 0","Disco Duro Mecánico (HDD)","4","Google Chrome;Spotify;WhatsApp","Visual Studio Code;PyCharm;MATLAB;Microsoft Word;Microsoft Excel;Zoom","1 ","4","5","5","4","1440","1","Autodesk (Fusion 360, AutoCAD, Revit)","3","3","4","0","No experimento interrupciones con mi laptop"
"2026/09/12 6:30:54 p.m. GMT-5","Grupo 3","Ingeniería Mecánica","4","6","12","3 (Neutral)","Lenovo","Lenovo","Laptop convencional","5","14.0""","No","I5","Gama Media (Intel Core i5, Core Ultra 5, AMD Ryzen 5, Apple M1/M2/M3 base)","8","Amd ryzen","Unidad de Estado Sólido (SSD)","8","Google Chrome;Spotify","Zoom","100","5","1","3","6","150","La mantengo conectada","MATLAB, Python / Entornos IDE (VS Code, PyCharm)","4","3","4","4","Saturación de RAM / Ralentización"
"2026/09/12 8:23:43 p.m. GMT-5","Grupo 5","Ingeniería Mecatrónica","3","6","18.15","5 (Muy satisfecho)","ASUS Vivobook 16 V3607VU_V3607VU","ASUS","Laptop convencional","1","16"" o mayor","Sí","Intel(R) Core(TM) 7 240H","Gama Alta (Intel Core i7/i9, Core Ultra 7/9, AMD Ryzen 7/9, Apple Pro/Max)","16","NVIDIA GeForce RTX 3060 Laptop GPU","Unidad de Estado Sólido (SSD)","2.5","Google Chrome;Microsoft Edge;Steam","Visual Studio Code;MATLAB;RStudio;GeoGebra;SolidWorks;Microsoft Word;Zoom","15","4","3","5","9","110","3","Autodesk (Fusion 360, AutoCAD, Revit)","3","4","5","0","No experimento interrupciones con mi laptop"
"2026/09/12 8:44:32 p.m. GMT-5","Grupo 7","Ciencias de la Computación","4","6","16.56","2 (Insatisfecho)","lenovo ICORE7 16GB","Lenovo","Laptop convencional","1","13.3"" o menor","No","Intel(R)","Gama Alta (Intel Core i7/i9, Core Ultra 7/9, AMD Ryzen 7/9, Apple Pro/Max)","16","NVIDIA GeForce RTX 3060 Laptop GPU","Unidad de Estado Sólido (SSD)","2.1","Google Chrome;Microsoft Edge;WhatsApp;Discord","Visual Studio Code;IntelliJ IDEA;PyCharm;Android Studio;MATLAB;RStudio;GeoGebra;Microsoft Word;Microsoft Excel;Zoom","80","6","3","5","10","150","3","Navegador web (Múltiples pestañas de estudio abiertas)","6","8","5","1","Saturación de RAM / Ralentización"
"2026/09/12 9:53:17 p.m. GMT-5","Grupo 7","Ciencia de Datos e Inteligencia Artificial","4","6","15.5","3 (Neutral)","Legion 5 16RX9","Lenovo","Laptop convencional","2","16"" o mayor","Sí","Intel","Gama Alta (Intel Core i7/i9, Core Ultra 7/9, AMD Ryzen 7/9, Apple Pro/Max)","32","NVIDIA GeForce RTX 4060 Laptop GPU","Unidad de Estado Sólido (SSD)","17.0","Microsoft Edge;Spotify;WhatsApp;Steam;Dota 2","Visual Studio Code;IntelliJ IDEA;RStudio;Zoom","60","5","3","5","4","60","1","MATLAB, Python / Entornos IDE (VS Code, PyCharm)","5","5","4","0","Agotamiento acelerado de batería"
"2026/09/12 10:28:41 p.m. GMT-5","Grupo 7","Ingeniería Mecánica","4","5","15.91","2 (Insatisfecho)","Lenovo IdeaPad Slim 5 16IRL8","Lenovo","Laptop convencional","3","16"" o mayor","Sí","Intel","Gama Alta (Intel Core i7/i9, Core Ultra 7/9, AMD Ryzen 7/9, Apple Pro/Max)","16","Intel(R) UHD Graphics","Unidad de Estado Sólido (SSD)","6","Microsoft Edge;Discord;Steam;Minecraft","Zoom","120","2","4","5","2","180","3","Autodesk (Fusion 360, AutoCAD, Revit)","0","2","4","0","Sobrecalentamiento térmico del equipo"
"2026/09/13 1:08:01 a.m. GMT-5","Grupo 3","Ingeniería Mecánica","3","6","13.645841","2 (Insatisfecho)","Lenovo","Lenovo","Laptop convencional","1","15.6""","No","Intel Core Ultra 7 155H","Gama Alta (Intel Core i7/i9, Core Ultra 7/9, AMD Ryzen 7/9, Apple Pro/Max)","16","Intel Graphics","Unidad de Estado Sólido (SSD)","5.00000000","Google Chrome;Spotify","Autodesk Inventor;Microsoft Word;Microsoft Excel;Microsoft PowerPoint;Zoom","254","4","5","5","0.1","480","1","Ninguno","1","4","5","0","No experimento interrupciones con mi laptop"
"2026/09/13 12:46:29 p.m. GMT-5","Grupo 7","Ingeniería Mecatrónica","4","5","17.4","1 (Muy insatisfecho)","Lenovo IdeaPad 3 15ALC6","Lenovo","Convertible 2 en 1 (Pantalla táctil/giratoria 360°)","2","16"" o mayor","Sí","No c ","Gama Alta (Intel Core i7/i9, Core Ultra 7/9, AMD Ryzen 7/9, Apple Pro/Max)","64","5070","Unidad de Estado Sólido (SSD)","27","Google Chrome;Microsoft Edge;Mozilla Firefox;Spotify;WhatsApp;Discord;Steam;Epic Games Launcher;Minecraft;Valorant;League of Legends;Counter-Strike 2;Dota 2;Fortnite;Roblox;GTA V;EA Sports FC","Visual Studio Code;Visual Studio;IntelliJ IDEA;PyCharm;Eclipse;Jupyter Notebook;MATLAB;Wolfram Mathematica;SPSS;AutoCAD;ArcGIS;Microsoft Word;Microsoft Excel;Microsoft PowerPoint;Microsoft OneNote;Microsoft Teams;Zoom","720","5","4","3","5","340","2","Simuladores de electrónica (Proteus, Multisim, LTspice)","6","9","5","2","Saturación de RAM / Ralentización"
"2026/09/13 1:16:15 p.m. GMT-5","Grupo 7","Ingeniería Mecatrónica","4","5","13.22","3 (Neutral)","83JC","Lenovo","Laptop convencional","2","14.0""","Sí","AMD","Gama Alta (Intel Core i7/i9, Core Ultra 7/9, AMD Ryzen 7/9, Apple Pro/Max)","24","RTX 4060","Unidad de Estado Sólido (SSD)","3.1","Google Chrome;Spotify;Discord;Steam;Epic Games Launcher;Minecraft;Roblox","PyCharm;MATLAB;RStudio;GeoGebra;Microsoft Word;Microsoft Excel;Microsoft PowerPoint;Microsoft OneNote;Zoom","30","4","2","4","2","120","La mantengo conectada","Ninguno","3","3","4","0","Agotamiento acelerado de batería"
"2026/09/13 1:58:46 p.m. GMT-5","Grupo 3","Bioingeniería","2","6","14.95","3 (Neutral)","Aspire A515-55","Acer","Laptop convencional","6","14.0""","No","Intel(R) Core(TM) i5-1035G1 CPU@ 1.00GHz","Gama Media (Intel Core i5, Core Ultra 5, AMD Ryzen 5, Apple M1/M2/M3 base)","8","tarjeta grafica integrada: Intel(R) UHD Graphics","Unidad de Estado Sólido (SSD)","1.2","Google Chrome;Microsoft Edge;Spotify;WhatsApp;Discord;Steam;Minecraft;Roblox","PyCharm;MATLAB;GeoGebra;Microsoft Word;Zoom","120","2","5","4","3","50","Más de 3","Ninguno","2","3","4","0","Agotamiento acelerado de batería"
"2026/09/13 1:59:28 p.m. GMT-5","Grupo 3","Ingeniería Mecatrónica","4","6","16.23","3 (Neutral)","ASUS Vivobook Go 14/15","ASUS","Laptop convencional","2","15.6""","No","AMD","Gama Media (Intel Core i5, Core Ultra 5, AMD Ryzen 5, Apple M1/M2/M3 base)","8","AMD Radeon","Unidad de Estado Sólido (SSD)","0.42","Google Chrome;Microsoft Edge;Discord;Steam;Roblox","MATLAB;Adobe Acrobat Reader","15","5","5","4","3","150","2","Ninguno","0","3","4","0","Saturación de RAM / Ralentización"
"2026/09/13 1:59:47 p.m. GMT-5","Grupo 3","Bioingeniería","2","6","17.2","3 (Neutral)","Lenovo ideapad slim 3 15ABR8","Lenovo","Laptop convencional","0","15.6""","No","AMD","Gama Alta (Intel Core i7/i9, Core Ultra 7/9, AMD Ryzen 7/9, Apple Pro/Max)","16","Integrada (vega 8)","Unidad de Estado Sólido (SSD)","10","Mozilla Firefox;Spotify;Discord;Steam;Minecraft;Counter-Strike 2;Roblox","Visual Studio Code;PyCharm;MATLAB;Microsoft OneNote;Zoom","60","3","4","5","4","180","2","Otro","6","3","5","0","No experimento interrupciones con mi laptop"
"2026/09/13 3:11:27 p.m. GMT-5","Grupo 3","Ingeniería Mecatrónica","10","1","13.75","3 (Neutral)","Lenovo Legion 5 15ARH05","Lenovo","Laptop convencional","5","15.6""","Sí","AMD","Gama Media (Intel Core i5, Core Ultra 5, AMD Ryzen 5, Apple M1/M2/M3 base)","32","Nvidia GeForce GTX 1650 Ti","Unidad de Estado Sólido (SSD)","23.7","Google Chrome;Discord;Steam","MATLAB","5","0","4","4","1","128","La mantengo conectada","Ninguno","0","3","4","0","No experimento interrupciones con mi laptop"
"2026/09/13 3:25:44 p.m. GMT-5","Grupo 7","Ciencias de la Computación","5","5","12.2","3 (Neutral)","DESKTOP-A7VEIFR","HP","Laptop convencional","1","15.6""","No","Intel","Gama Media (Intel Core i5, Core Ultra 5, AMD Ryzen 5, Apple M1/M2/M3 base)","16","NVIDIA GeForce RTX 3060 Laptop GPU","Disco Duro Mecánico (HDD)","4.7","Google Chrome;Microsoft Edge;Spotify;WhatsApp;Discord;Steam;Epic Games Launcher;Minecraft;League of Legends;Roblox;EA Sports FC","Visual Studio Code;IntelliJ IDEA;PyCharm;MATLAB;Microsoft Word;Microsoft PowerPoint;Zoom","45","3","3","4","3","180","3","Ninguno","3","4","4","0","No experimento interrupciones con mi laptop"
"2026/09/13 3:31:38 p.m. GMT-5","Grupo 7","Ingeniería Mecatrónica","6","4","12","4 (Satisfecho)","HP 15-fc0276la Ryzen 7-7730U","HP","Laptop convencional","1 ","15.6""","No","Ryzen ","Gama Alta (Intel Core i7/i9, Core Ultra 7/9, AMD Ryzen 7/9, Apple Pro/Max)","16","Radeon ","Unidad de Estado Sólido (SSD)","6","Google Chrome;Spotify;WhatsApp","PyCharm;MATLAB","3 ","5","4","5","4","180","1","Ninguno","3","3","4","0","No experimento interrupciones con mi laptop"
"2026/09/13 3:55:35 p.m. GMT-5","Grupo 7","Ingeniería de la Energía","4","6","15.52","2 (Insatisfecho)","ASUS TUF Gaming F15 FX507ZC4","ASUS","Otro","1","13.3"" o menor","Sí","Intel","No lo sé","16","Intel(R) Iris(R) Xe Graphics","Unidad de Estado Sólido (SSD)","3.6","Google Chrome;Microsoft Edge;Spotify;WhatsApp;Steam;Epic Games Launcher","Microsoft Word;Microsoft Excel;Microsoft PowerPoint;Zoom","90","4","1","5","2","20","La mantengo conectada","MATLAB, Python / Entornos IDE (VS Code, PyCharm)","1","5","4","0","No experimento interrupciones con mi laptop"
"2026/09/13 3:59:38 p.m. GMT-5","Grupo 7","Ingeniería Industrial","4","6","15.1","3 (Neutral)","Laptop ASUS TUF Gaming F16","ASUS","Laptop convencional","1","16"" o mayor","Sí","Intel","Gama Media (Intel Core i5, Core Ultra 5, AMD Ryzen 5, Apple M1/M2/M3 base)","16","NVIDIA GeForce RTX 3050 Laptop","Unidad de Estado Sólido (SSD)","5.4","Google Chrome;Spotify;Steam;Epic Games Launcher;Minecraft;Fortnite;Roblox","PyCharm;MATLAB;RStudio;GeoGebra;Microsoft Word;Microsoft Excel;Microsoft PowerPoint;Zoom","30","5","4","4","1.5","60","La mantengo conectada","Ninguno","3","5","4","0","No experimento interrupciones con mi laptop"
"2026/09/13 4:02:54 p.m. GMT-5","Grupo 7","Ingeniería Ambiental","6","6","13.4","3 (Neutral)","G5 5590","Dell","Otro","4","15.6""","Sí","Intel (R) Core(TM) i7-9750H CPU@ 2.60GHz","Gama Alta (Intel Core i7/i9, Core Ultra 7/9, AMD Ryzen 7/9, Apple Pro/Max)","16 ","NVIDIA GeForce GTX 1650","Disco Duro Mecánico (HDD)","6.1","Google Chrome;Microsoft Edge;Spotify;WhatsApp;Discord;Steam;Epic Games Launcher;Minecraft;Valorant;League of Legends;Counter-Strike 2;Dota 2;Fortnite;Roblox","PyCharm;MATLAB;RStudio;GeoGebra;Autodesk Inventor;ArcGIS;Microsoft Word;Microsoft Excel;Microsoft Teams;Zoom","100 ","4","2","5","8","80","Más de 3","Autodesk (Fusion 360, AutoCAD, Revit)","2","3","4","1","Agotamiento acelerado de batería"
"2026/09/13 4:04:25 p.m. GMT-5","Grupo 7","Ingeniería Civil","4","6","13","4 (Satisfecho)","Dell inspiron 15 core i7","Dell","Laptop convencional","2","15.6""","No","12th","Gama Alta (Intel Core i7/i9, Core Ultra 7/9, AMD Ryzen 7/9, Apple Pro/Max)","24","..","Unidad de Estado Sólido (SSD)","19","Google Chrome;Microsoft Edge;Spotify;WhatsApp;Discord;Minecraft","Autodesk Inventor;Microsoft Word;Microsoft Excel;Microsoft PowerPoint;Zoom","180","5","5","5","4","180","2","Ninguno","1","5","5","0","No experimento interrupciones con mi laptop"
"2026/09/13 4:11:41 p.m. GMT-5","Grupo 5","Ingeniería Industrial","6","5","14","3 (Neutral)","MacBook Air M5","Apple (MacBook)","Laptop convencional","1","13.3"" o menor","Sí","M5","Gama Media (Intel Core i5, Core Ultra 5, AMD Ryzen 5, Apple M1/M2/M3 base)","16","GPU","Unidad de Estado Sólido (SSD)","10","Google Chrome;Spotify;Steam;Roblox","Visual Studio Code;MATLAB;RStudio;Microsoft Word;Microsoft Excel;Microsoft PowerPoint;Microsoft OneNote;Zoom","30","5","5","5","8","300","1","MATLAB, Python / Entornos IDE (VS Code, PyCharm)","5","4","5","0","No experimento interrupciones con mi laptop"
"2026/09/13 4:30:13 p.m. GMT-5","Grupo 7","Ingeniería Electrónica","4","5","14.4","2 (Insatisfecho)","Dell 14 Plus DB14250 – 16 GB RAM / 512 GB SSD","Dell","Laptop convencional","4","14.0""","Sí","Intel ","Gama Alta (Intel Core i7/i9, Core Ultra 7/9, AMD Ryzen 7/9, Apple Pro/Max)","16","NVIDIA GeForce 3060 ","Unidad de Estado Sólido (SSD)","8.3","Google Chrome;Spotify;WhatsApp;Discord;Steam;Minecraft;Valorant;League of Legends","Visual Studio Code;PyCharm;Jupyter Notebook;MATLAB;RStudio;GeoGebra;AutoCAD;Microsoft Word;Microsoft Excel;Microsoft PowerPoint;Adobe Acrobat Reader;Zoom","70 ","2","3","4","1.5","180","La mantengo conectada","Autodesk (Fusion 360, AutoCAD, Revit)","3","3","4","0","Saturación de RAM / Ralentización"
"2026/09/13 4:30:14 p.m. GMT-5","Grupo 7","Ciencias de la Computación","4","4","12.54","3 (Neutral)","Thinkpad T14 Gen5","Lenovo","Laptop convencional","2","14.0""","No","Intel","Gama Media (Intel Core i5, Core Ultra 5, AMD Ryzen 5, Apple M1/M2/M3 base)","16","Intel(R) Graphics","Unidad de Estado Sólido (SSD)","1.5","Google Chrome;Spotify;WhatsApp;Discord;Steam","Visual Studio Code;Visual Studio;IntelliJ IDEA;PyCharm","90","5","5","3","2","210","2","Navegador web (Múltiples pestañas de estudio abiertas)","3","4","4","0","No experimento interrupciones con mi laptop"
"2026/09/13 4:35:42 p.m. GMT-5","Grupo 3","Administración y Negocios Digitales","6","6","15.60","4 (Satisfecho)","Nitro AN515-55","Acer","Laptop convencional","5","15.6""","Sí","Intel(R) Core(TM) i5-10300H CPU @ 2.50GHz","Gama Media (Intel Core i5, Core Ultra 5, AMD Ryzen 5, Apple M1/M2/M3 base)","8.0 ","NVIDIA GeForce GTX 1650","Unidad de Estado Sólido (SSD)","1.6 ","Google Chrome;Microsoft Edge;Spotify;Discord;Steam","Visual Studio Code;Visual Studio;IntelliJ IDEA;Microsoft Word;Microsoft Excel;Microsoft PowerPoint;Microsoft Teams;Zoom","75","5","3","4","4","180","1","Navegador web (Múltiples pestañas de estudio abiertas)","3","3","4","0","No experimento interrupciones con mi laptop"
"2026/09/13 4:41:01 p.m. GMT-5","Grupo 3","Ingeniería Mecánica","4","6","17.19","3 (Neutral)","Asus TUF","ASUS","Laptop convencional","5","15.6""","Sí","No se ","Gama Alta (Intel Core i7/i9, Core Ultra 7/9, AMD Ryzen 7/9, Apple Pro/Max)","16","3060","Unidad de Estado Sólido (SSD)","14","Google Chrome;WhatsApp;Discord;Steam;League of Legends","Microsoft Word;Microsoft Excel;Microsoft PowerPoint","60","2","5","5","6","100","La mantengo conectada","Navegador web (Múltiples pestañas de estudio abiertas)","4","4","5","1","Saturación de RAM / Ralentización"
"2026/09/13 4:48:08 p.m. GMT-5","Grupo 7","Ingeniería Electrónica","4","5","12.5","3 (Neutral)","OMEN by HP Gaming Laptop 16-wd0xxx","HP","Otro","1","15.6""","Sí","Intel","Gama Alta (Intel Core i7/i9, Core Ultra 7/9, AMD Ryzen 7/9, Apple Pro/Max)","16","NVIDIA GeForce RTX 4060 Laptop GPU","Unidad de Estado Sólido (SSD)","2.9","Google Chrome;Microsoft Edge;Spotify;WhatsApp;Discord;Steam;Epic Games Launcher;Minecraft;Valorant;League of Legends;Counter-Strike 2;Fortnite;Roblox;GTA V;EA Sports FC","Zoom","40","5","3","5","2","180","La mantengo conectada","Ninguno","4","8","5","0","No experimento interrupciones con mi laptop"
"2026/09/13 5:48:35 p.m. GMT-5","Grupo 7","Ingeniería Química","3","5","11.2","2 (Insatisfecho)","LENOVO LOQ 15IAX9 CORE i5-12450HX","Lenovo","Laptop convencional","1","15.6""","Sí","Intel Core i5-12450HX 4,40 GHz","Gama Media (Intel Core i5, Core Ultra 5, AMD Ryzen 5, Apple M1/M2/M3 base)","16.0","	NVIDIA GeForce RTX 3050 Laptop GPU","Unidad de Estado Sólido (SSD)","8.0","Microsoft Edge;Steam;Minecraft;League of Legends;Roblox","PyCharm;MATLAB;Microsoft Word;Microsoft Excel;Microsoft PowerPoint;Microsoft OneNote;Microsoft Teams;Zoom","3","2","3","4","1.5","120","La mantengo conectada","Ninguno","2","3","4","0","No experimento interrupciones con mi laptop"
"2026/09/13 5:52:21 p.m. GMT-5","Grupo 3","Bioingeniería","4","6","14.5","3 (Neutral)","Nitro ANV15-52","Lenovo","Laptop convencional","1","15.6""","Sí","13th Gen Intel Core i9 -13900h","Gama Alta (Intel Core i7/i9, Core Ultra 7/9, AMD Ryzen 7/9, Apple Pro/Max)","32","NVIDIA geFORCE RTX 5060 LAPTOP GPU","Unidad de Estado Sólido (SSD)","17.1","Google Chrome;Microsoft Edge;Spotify;WhatsApp;Steam;Epic Games Launcher;Fortnite","Visual Studio Code;Visual Studio;PyCharm;MATLAB;RStudio;AutoCAD;Microsoft Word;Microsoft Excel;Microsoft PowerPoint;Microsoft OneNote;Adobe Acrobat Reader;Microsoft Teams;Zoom","30","3","1","5","3","150","La mantengo conectada","Autodesk (Fusion 360, AutoCAD, Revit)","4","4","3","0","No experimento interrupciones con mi laptop"
"2026/09/13 6:03:34 p.m. GMT-5","Grupo 5","Ingeniería Química","3","6","14.5","3 (Neutral)","HP Laptop 15-fc0xxx","HP","Laptop convencional","1","15.6""","No","AMD Ryzen 7 7730U with Radeon Graphic","Gama Alta (Intel Core i7/i9, Core Ultra 7/9, AMD Ryzen 7/9, Apple Pro/Max)","16","AMD Radeon (TM) Graphic","Unidad de Estado Sólido (SSD)","6.9","Google Chrome;Microsoft Edge;Spotify","PyCharm;MATLAB;RStudio;GeoGebra;Microsoft Word;Microsoft Excel;Microsoft PowerPoint;Microsoft OneNote;Microsoft Teams;Zoom","120 ","3","5","5","5","150","2","Navegador web (Múltiples pestañas de estudio abiertas)","3","4","4","0","No experimento interrupciones con mi laptop"
"2026/09/13 7:43:44 p.m. GMT-5","Grupo 3","Ciencias de la Computación","4","6","13.8","2 (Insatisfecho)","HP Laptop 15-fd0xxx","HP","Laptop convencional","4","15.6""","No","13th Gen Intel(R)Core(TM) i7-1355U","Gama Alta (Intel Core i7/i9, Core Ultra 7/9, AMD Ryzen 7/9, Apple Pro/Max)","8 ","Integrada","Unidad de Estado Sólido (SSD)","1.1","Google Chrome;WhatsApp;Discord;Steam;Valorant;Roblox","Visual Studio Code;IntelliJ IDEA;PyCharm;MATLAB;Microsoft Word;Microsoft Excel;Zoom","120","5","4","3","3","180","3","Navegador web (Múltiples pestañas de estudio abiertas)","2","4","3","2","Saturación de RAM / Ralentización"
"2026/09/13 8:26:09 p.m. GMT-5","Grupo 3","Bioingeniería","8","4","15.7","3 (Neutral)","ASUS VivoBook X415EA","Lenovo","Laptop convencional","4","14.0""","No","Intel Core i5-1135G7 de 11ª generación.","Gama Media (Intel Core i5, Core Ultra 5, AMD Ryzen 5, Apple M1/M2/M3 base)","7","Intel Iris Xe Graphics","Unidad de Estado Sólido (SSD)","0.6","Google Chrome;Microsoft Edge;Mozilla Firefox;WhatsApp;Minecraft;Roblox","Visual Studio Code;PyCharm;Android Studio;MATLAB;RStudio;Microsoft Word;Microsoft Excel;Microsoft PowerPoint;Microsoft OneNote;Adobe Acrobat Reader;Microsoft Teams;Zoom","75","6","2","3","6","60","La mantengo conectada","Autodesk (Fusion 360, AutoCAD, Revit)","6","3","2","3","Sobrecalentamiento térmico del equipo"
"2026/09/13 8:53:10 p.m. GMT-5","Grupo 7","Ingeniería Ambiental","4","6","18.25","4 (Satisfecho)","Lenovo IdeaPad Slim 5 16IRL8","Lenovo","Laptop convencional","2","16"" o mayor","Sí","13th Gen Intel(R) Core(TM) i7-13620H","Gama Alta (Intel Core i7/i9, Core Ultra 7/9, AMD Ryzen 7/9, Apple Pro/Max)","16.0","Intel(R) UHD Graphics","Unidad de Estado Sólido (SSD)","3.9","Google Chrome;Spotify;WhatsApp;Discord;Steam;Epic Games Launcher;Roblox","MATLAB;AutoCAD;Adobe Acrobat Reader;Zoom","60","2","5","5","4","180","2","Autodesk (Fusion 360, AutoCAD, Revit)","3","5","5","0","No experimento interrupciones con mi laptop"
"2026/09/13 9:49:27 p.m. GMT-5","Grupo 5","Bioingeniería","4","6","14","2 (Insatisfecho)","HP Victus 15-fa2xxx","HP","Laptop convencional","0","15.6""","Sí","Intel Core","Gama Media (Intel Core i5, Core Ultra 5, AMD Ryzen 5, Apple M1/M2/M3 base)","8","NVIDIA GeForfe RTX 4050 Laptop GPU","Unidad de Estado Sólido (SSD)","1.8","Google Chrome;Microsoft Edge;Spotify;WhatsApp;Discord;Steam;Epic Games Launcher;Valorant;Fortnite;Roblox","PyCharm;MATLAB;RStudio;GeoGebra;Microsoft Word;Microsoft Excel;Microsoft PowerPoint;Adobe Acrobat Reader;Zoom","120","6","2","5","4","90","Más de 3","MATLAB, Python / Entornos IDE (VS Code, PyCharm)","2","6","4","0","Saturación de RAM / Ralentización"
"2026/09/13 10:04:43 p.m. GMT-5","Grupo 5","Ingeniería Civil","9","4","14.14","4 (Satisfecho)","82k2","Lenovo","Laptop convencional","4","15.6""","Sí","DDR4","Gama Media (Intel Core i5, Core Ultra 5, AMD Ryzen 5, Apple M1/M2/M3 base)","16","GPU 0","Disco Duro Mecánico (HDD)","1.7","Google Chrome;Microsoft Edge","MATLAB;Wolfram Mathematica;AutoCAD;ArcGIS;Microsoft Word;Microsoft Excel;Microsoft PowerPoint;Microsoft OneNote;Adobe Acrobat Reader;Microsoft Teams;Zoom","420","Ninguna ","3","4","24","2","Más de 3","Autodesk (Fusion 360, AutoCAD, Revit)","7","4","3","0","Saturación de RAM / Ralentización"
"2026/09/13 11:25:48 p.m. GMT-5","Grupo 6","Ciencia de Datos e Inteligencia Artificial","6","6","16.7","4 (Satisfecho)","Latitude 5440","Dell","Laptop convencional","3","14.0""","Sí","Intel","Gama Media (Intel Core i5, Core Ultra 5, AMD Ryzen 5, Apple M1/M2/M3 base)","16","Integrada","Unidad de Estado Sólido (SSD)","1.1","Google Chrome;Microsoft Edge;Discord","Visual Studio Code;Jupyter Notebook;Microsoft Word;Microsoft Excel;Microsoft PowerPoint;Microsoft OneNote;Zoom","120","5","3","4","5","60","Más de 3","Navegador web (Múltiples pestañas de estudio abiertas)","5","6","4","0","No experimento interrupciones con mi laptop"
"2026/09/14 9:22:58 a.m. GMT-5","Grupo 6","Ciencias de la Computación","3","6","18","3 (Neutral)","Lenovo 83K1","Lenovo","Laptop convencional","1","15.6""","No","Intel","Gama Alta (Intel Core i7/i9, Core Ultra 7/9, AMD Ryzen 7/9, Apple Pro/Max)","16","Integrada","Unidad de Estado Sólido (SSD)","1.2","Google Chrome;Microsoft Edge;Spotify;WhatsApp;Discord;Steam;Epic Games Launcher;Minecraft;Counter-Strike 2;Fortnite;Roblox","Visual Studio Code;IntelliJ IDEA;PyCharm;MATLAB;RStudio;AutoCAD;Microsoft Word;Microsoft Excel;Microsoft PowerPoint;Microsoft OneNote;Microsoft Teams;Zoom","100","5","4","5","3","120","La mantengo conectada","Ninguno","7","3","5","1","Agotamiento acelerado de batería"
"2026/09/14 9:48:58 a.m. GMT-5","Grupo 2","Ciencia de Datos e Inteligencia Artificial","6","5","15.35","3 (Neutral)","MacBook Air M1 1T 8RAM","Apple (MacBook)","Laptop convencional","3","13.3"" o menor","Sí","CHIPM1","Gama Media (Intel Core i5, Core Ultra 5, AMD Ryzen 5, Apple M1/M2/M3 base)","8","GPU integrada","Unidad de Estado Sólido (SSD)","4.5","Google Chrome;Spotify;WhatsApp;Discord","Visual Studio;IntelliJ IDEA;PyCharm;Jupyter Notebook;MATLAB;RStudio;Wolfram Mathematica;Microsoft Word;Microsoft Excel;Microsoft PowerPoint;Microsoft OneNote;Microsoft Teams;Zoom","120 ","4","4","4","5","250","2","Ninguno","7","5","4","2","Cierre intempestivo de programas"
"2026/09/14 9:51:54 a.m. GMT-5","Grupo 2","Ciencia de Datos e Inteligencia Artificial","4","6","16.16","3 (Neutral)","Lenovo ThinkPad L16 G1 21L40015LM","Lenovo","Laptop convencional","1","16"" o mayor","No","Intel (R) Core(TM) Ultra 5 125U","Gama Media (Intel Core i5, Core Ultra 5, AMD Ryzen 5, Apple M1/M2/M3 base)","16.0","Integrada","Unidad de Estado Sólido (SSD)","1.5","Google Chrome;Microsoft Edge;Mozilla Firefox;Spotify;WhatsApp;Discord;Steam;Roblox;EA Sports FC","Visual Studio Code;RStudio;Adobe Acrobat Reader;Zoom","60","5","5","4","3.5","240","2","Autodesk (Fusion 360, AutoCAD, Revit)","4","5","4","0","No experimento interrupciones con mi laptop"
"2026/09/14 9:55:21 a.m. GMT-5","Grupo 2","Ciencia de Datos e Inteligencia Artificial","4","6","15.6","3 (Neutral)","MSI Katana 15 B13V","MSI","Laptop convencional","2","14.0""","No","Intel Core i7-13620H o AMD Ryzen 7 7735HS).","Gama Alta (Intel Core i7/i9, Core Ultra 7/9, AMD Ryzen 7/9, Apple Pro/Max)","32","NVIDIA GeForce RTX 4060 Laptop GPU","Disco Duro Mecánico (HDD)","5.6","Google Chrome;Discord;Steam;Minecraft","Visual Studio Code;IntelliJ IDEA;PyCharm;RStudio;Microsoft Word;Microsoft Excel;Zoom","60","5","4","4","10","90","Más de 3","MATLAB, Python / Entornos IDE (VS Code, PyCharm)","5","5","3","1","Saturación de RAM / Ralentización"
"2026/09/14 10:06:02 a.m. GMT-5","Grupo 3","Administración y Negocios Digitales","6","7","14.6","5 (Muy satisfecho)","Acer nitro ","Acer","Laptop convencional","6","15.6""","Sí","Intel","Gama Alta (Intel Core i7/i9, Core Ultra 7/9, AMD Ryzen 7/9, Apple Pro/Max)","16","Nvidia","Unidad de Estado Sólido (SSD)","4","Google Chrome","Visual Studio Code;Visual Studio;IntelliJ IDEA;PyCharm;Microsoft Word;Microsoft Excel;Microsoft PowerPoint;Zoom","2","5","5","5","3","150","2","Software de Análisis de Datos (RStudio, PowerBI)","3","4","5","0","Agotamiento acelerado de batería"
"2026/09/14 10:06:48 a.m. GMT-5","Grupo 7","Ingeniería Mecatrónica","2","6","15.98","2 (Insatisfecho)","Lenovo Ideapad 3 15ITL6","Lenovo","Laptop convencional","5","15.6""","No","Intel","Gama Media (Intel Core i5, Core Ultra 5, AMD Ryzen 5, Apple M1/M2/M3 base)","12","Intel Iris Xe Graphics","Unidad de Estado Sólido (SSD)","2.7","Google Chrome;WhatsApp;Discord;Minecraft;League of Legends;Roblox","PyCharm;MATLAB;RStudio;Microsoft Word;Microsoft Excel;Microsoft PowerPoint;Zoom","30","2","3","3","1","110","La mantengo conectada","Navegador web (Múltiples pestañas de estudio abiertas)","2","4","3","0","Saturación de RAM / Ralentización"
"2026/09/14 10:15:17 a.m. GMT-5","Grupo 2","Ciencia de Datos e Inteligencia Artificial","4","4","17","3 (Neutral)","ASUS TUF Gaming F15","ASUS","Laptop convencional","1","15.6""","Sí","Interl","Gama Media (Intel Core i5, Core Ultra 5, AMD Ryzen 5, Apple M1/M2/M3 base)","8","RTX 3050","Unidad de Estado Sólido (SSD)","4","Mozilla Firefox;Spotify;Discord;Steam;Counter-Strike 2","Visual Studio Code;IntelliJ IDEA;RStudio;Zoom","2","5","3","3","5","150","2","MATLAB, Python / Entornos IDE (VS Code, PyCharm)","5","4","4","1","Saturación de RAM / Ralentización"
"2026/09/14 10:18:23 a.m. GMT-5","Grupo 2","Ciencia de Datos e Inteligencia Artificial","4","6","15.4","3 (Neutral)","ASUS TUF F15","ASUS","Laptop convencional","4","15.6""","Sí","Intel","Gama Media (Intel Core i5, Core Ultra 5, AMD Ryzen 5, Apple M1/M2/M3 base)","24","Nvidia","Unidad de Estado Sólido (SSD)","11.1","Google Chrome;Discord;Steam","IntelliJ IDEA;PyCharm;RStudio;Zoom","60","5","4","5","6","60","La mantengo conectada","Software de Análisis de Datos (RStudio, PowerBI)","3","2","4","1","Saturación de RAM / Ralentización"
"2026/09/14 10:25:40 a.m. GMT-5","Grupo 7","Ingeniería Civil","4","5","15","1 (Muy insatisfecho)","LENOVO LOQ 83JC ","Lenovo","Laptop convencional","1","15.6""","Sí","AMD Ryzen 7  7435HS ","Gama Alta (Intel Core i7/i9, Core Ultra 7/9, AMD Ryzen 7/9, Apple Pro/Max)","24 ","NVIDIA  GeForce RTX 4060 Laptop GPU ","Unidad de Estado Sólido (SSD)","17.2","Google Chrome;WhatsApp;Steam;Counter-Strike 2;Dota 2;Roblox","PyCharm;GeoGebra;AutoCAD;Autodesk Inventor;Microsoft Word;Microsoft Excel;Microsoft PowerPoint;Microsoft OneNote;Zoom","180","5","5","5","2.5","240","1","Ninguno","3","4","5","0","No experimento interrupciones con mi laptop"
"2026/09/14 12:13:42 p.m. GMT-5","Grupo 7","Administración y Negocios Digitales","3","7","15","3 (Neutral)","Lenovo 83JC","Lenovo","Laptop convencional","1","16"" o mayor","No","AMD","Gama Alta (Intel Core i7/i9, Core Ultra 7/9, AMD Ryzen 7/9, Apple Pro/Max)","16","NVIDIA GeForce RTX 3060 Laptop GPU","Unidad de Estado Sólido (SSD)","3.9","Google Chrome;Spotify;WhatsApp;Discord","PyCharm;Microsoft Word;Microsoft Excel;Microsoft PowerPoint;Zoom","60","5","4","5","2","120","1","Ninguno","2","3","5","3","Agotamiento acelerado de batería"
"2026/09/14 12:28:18 p.m. GMT-5","Grupo 2","Ciencia de Datos e Inteligencia Artificial","4","6","15.61","2 (Insatisfecho)","Asus Tuf Gaming tv ","HP","Laptop convencional","3","15.6""","Sí","Intel","Gama Media (Intel Core i5, Core Ultra 5, AMD Ryzen 5, Apple M1/M2/M3 base)","16","Dedicada","Unidad de Estado Sólido (SSD)","4","Google Chrome;WhatsApp","Visual Studio Code;Visual Studio;IntelliJ IDEA;PyCharm;Jupyter Notebook;MATLAB;RStudio;Microsoft Word;Microsoft Excel;Microsoft PowerPoint;Microsoft OneNote;Adobe Acrobat Reader;Microsoft Teams;Zoom","48","5","5","4","3","56","3","Navegador web (Múltiples pestañas de estudio abiertas)","5","2","4","0.","No experimento interrupciones con mi laptop"
"2026/09/14 12:32:36 p.m. GMT-5","Grupo 7","Ingeniería Ambiental","6","6","14.78","2 (Insatisfecho)","Latitude 5500","Dell","Laptop convencional","2","15.6""","Sí","Intel(R) Core(TM) i5-8365U CPU @ 1.60GHz","Gama Media (Intel Core i5, Core Ultra 5, AMD Ryzen 5, Apple M1/M2/M3 base)","16","Intel(R) UHD Graphics 620","Unidad de Estado Sólido (SSD)","4.1","Google Chrome;Microsoft Edge;Spotify;WhatsApp;Discord;Valorant;Roblox","PyCharm;MATLAB;RStudio;GeoGebra;ArcGIS;Microsoft Word;Microsoft Excel;Microsoft PowerPoint;Microsoft Teams;Zoom","180","6","3","5","6","120","La mantengo conectada","Otro","1","5","5","0","No experimento interrupciones con mi laptop"
"2026/09/14 12:36:32 p.m. GMT-5","Grupo 7","Ingeniería Mecatrónica","4","4","13.4","1 (Muy insatisfecho)","Lenovo","Lenovo","Convertible 2 en 1 (Pantalla táctil/giratoria 360°)","6","15.6""","Sí","No estoy con la laptop","Gama Media (Intel Core i5, Core Ultra 5, AMD Ryzen 5, Apple M1/M2/M3 base)","16","No sé aún ","Unidad de Estado Sólido (SSD)","15","Mozilla Firefox;Discord;Epic Games Launcher;Valorant;Counter-Strike 2;Dota 2;Roblox","PyCharm;Android Studio;Jupyter Notebook;Wolfram Mathematica;SPSS;SolidWorks;Microsoft Word;Microsoft PowerPoint;Microsoft Teams","100","Todos ","3","4","8","150","Más de 3","Navegador web (Múltiples pestañas de estudio abiertas)","1","9","3","3","Agotamiento acelerado de batería"
"2026/09/14 1:53:56 p.m. GMT-5","Grupo 2","Ingeniería Electrónica","8","5","14.7","3 (Neutral)","Asus tuf gaming f15","ASUS","Laptop convencional","0","15.6""","Sí","Ryzen 9 9800","Gama Alta (Intel Core i7/i9, Core Ultra 7/9, AMD Ryzen 7/9, Apple Pro/Max)","16","NVIDIA GeForce RTX 5060 ","Unidad de Estado Sólido (SSD)","4.7","Google Chrome;Microsoft Edge;WhatsApp;Discord;Steam;Minecraft;Roblox","Visual Studio Code;PyCharm;MATLAB;AutoCAD;Microsoft Word;Microsoft Excel;Microsoft PowerPoint;Microsoft Teams;Zoom","120","6","4","4","1.5","180","2","Ninguno","2","4","4","0","No experimento interrupciones con mi laptop"
"2026/09/14 2:13:57 p.m. GMT-5","Grupo 3","Ingeniería Mecatrónica","9","6","12.7","3 (Neutral)","HP Laptop 15","HP","Laptop convencional","-1","15.6""","Sí","Core I5 ultra U","Gama Media (Intel Core i5, Core Ultra 5, AMD Ryzen 5, Apple M1/M2/M3 base)","24","GPU 0","Unidad de Estado Sólido (SSD)","12","Google Chrome;Microsoft Edge;Spotify;Discord;Steam;Epic Games Launcher;Fortnite","MATLAB;Microsoft Word;Microsoft Excel;Microsoft PowerPoint;Microsoft OneNote;Zoom","40","6","3","4","3.0","180","3","Autodesk (Fusion 360, AutoCAD, Revit)","5","4","4","0","No experimento interrupciones con mi laptop"
"2026/09/14 2:26:31 p.m. GMT-5","Grupo 2","Ciencias de la Computación","3","6","15.05","3 (Neutral)","Lenovo IdeaPad Slim 3 15IRH10","Lenovo","Laptop convencional","1","15.6""","No","i7 13700H","Gama Alta (Intel Core i7/i9, Core Ultra 7/9, AMD Ryzen 7/9, Apple Pro/Max)","24","No posee","Unidad de Estado Sólido (SSD)","14","Google Chrome;Microsoft Edge;Spotify;Discord;Steam;Dota 2;Roblox","Visual Studio Code;IntelliJ IDEA;PyCharm;MATLAB;AutoCAD;Microsoft Word;Microsoft Excel;Microsoft PowerPoint;Zoom","2","5","4","4","2","4","La mantengo conectada","Ninguno","5","6","5","0","No experimento interrupciones con mi laptop"
"2026/09/14 2:57:45 p.m. GMT-5","Grupo 6","Ciencias de la Computación","7","4","13","4 (Satisfecho)","ASUS TUF Gaming F15","ASUS","Laptop convencional","3","15.6""","Sí","Intel","Gama Media (Intel Core i5, Core Ultra 5, AMD Ryzen 5, Apple M1/M2/M3 base)","16","NVIDIA Geforce RTX 4070","Unidad de Estado Sólido (SSD)","6","Microsoft Edge;WhatsApp;Steam;Epic Games Launcher;Valorant;Dota 2;Fortnite;Roblox","Visual Studio;IntelliJ IDEA;PyCharm;Android Studio;Jupyter Notebook;RStudio;AutoCAD;SolidWorks","1","1","4","4","3.58","150","3","Software de Análisis de Datos (RStudio, PowerBI)","3","2","3","3","Cierre intempestivo de programas"
"2026/09/14 3:17:49 p.m. GMT-5","Grupo 7","Ingeniería Ambiental","6","5","14.3","4 (Satisfecho)","Lenovo IdeaPad Slim 3 14ARP10","Lenovo","Laptop convencional","1","14.0""","No","AMD Ryzen 7  7735HS with Radeon Graphics","Gama Alta (Intel Core i7/i9, Core Ultra 7/9, AMD Ryzen 7/9, Apple Pro/Max)","16.0","AMD Radeon(TM) Graphics","Unidad de Estado Sólido (SSD)","3.3","Google Chrome;Microsoft Edge;Spotify;WhatsApp;Discord;Minecraft","PyCharm;MATLAB;RStudio;Microsoft Word;Microsoft Excel;Microsoft PowerPoint;Zoom","120","5","5","5","3","150","2","Software de Análisis de Datos (RStudio, PowerBI)","2","3","5","0","No experimento interrupciones con mi laptop"
"2026/09/14 3:19:27 p.m. GMT-5","Grupo 2","Bioingeniería","4","6","18.20","4 (Satisfecho)","Acer Nitro AN515-54","Acer","Laptop convencional","5","15.6""","Sí","Intel","Gama Alta (Intel Core i7/i9, Core Ultra 7/9, AMD Ryzen 7/9, Apple Pro/Max)","16","NVIDIA GeForce GTX","Unidad de Estado Sólido (SSD)","7.47","Google Chrome;Microsoft Edge;Spotify;WhatsApp;Discord;Steam;Epic Games Launcher;Minecraft;Fortnite;Roblox","PyCharm;MATLAB;RStudio;GeoGebra;Zoom","60","1","5","4","2.3","45","La mantengo conectada","Software de Análisis de Datos (RStudio, PowerBI)","2","4","3","2","Agotamiento acelerado de batería"
"2026/09/14 3:27:13 p.m. GMT-5","Grupo 3","Ingeniería Mecatrónica","10","3","13","3 (Neutral)","LENOVO ACER","Lenovo","Laptop convencional","5","14.0""","Sí","No se","No lo sé","16","No c","Unidad de Estado Sólido (SSD)","300","Google Chrome;Microsoft Edge;Mozilla Firefox;Spotify;WhatsApp;Discord;Steam;Epic Games Launcher;Minecraft;Valorant;League of Legends;Counter-Strike 2;Dota 2;GTA V","Visual Studio Code;Visual Studio;PyCharm;MATLAB;RStudio;Wolfram Mathematica;AutoCAD;SolidWorks;Autodesk Inventor;Microsoft Word;Microsoft Excel;Microsoft PowerPoint;Microsoft OneNote;Microsoft Teams","10","2","5","4","8","120","La mantengo conectada","MATLAB, Python / Entornos IDE (VS Code, PyCharm)","7","3","4","2","Saturación de RAM / Ralentización"
"2026/09/14 3:28:36 p.m. GMT-5","Grupo 2","Bioingeniería","4","6","18.23","2 (Insatisfecho)","Macbook Air M4, 2025","Apple (MacBook)","Laptop convencional","1","13.3"" o menor","Sí","Apple Silicon","Gama Media (Intel Core i5, Core Ultra 5, AMD Ryzen 5, Apple M1/M2/M3 base)","16","Apple M4","Unidad de Estado Sólido (SSD)","13","Google Chrome;Spotify;WhatsApp","MATLAB;RStudio;Zoom","50","5","5","4","4","960","1","MATLAB, Python / Entornos IDE (VS Code, PyCharm)","2","5","4","0","No experimento interrupciones con mi laptop"
"2026/09/14 3:37:54 p.m. GMT-5","Grupo 7","Bioingeniería","3","5","18","3 (Neutral)","MacBook Air M2 2023 ","Apple (MacBook)","Laptop convencional","3","15.6""","Sí","Apple M2","Gama Media (Intel Core i5, Core Ultra 5, AMD Ryzen 5, Apple M1/M2/M3 base)","8",".","Disco Duro Mecánico (HDD)","2","Google Chrome;Microsoft Edge;Spotify;WhatsApp;Discord;Minecraft;Roblox","PyCharm;MATLAB;GeoGebra;Microsoft Word;Microsoft Excel;Microsoft PowerPoint;Microsoft Teams;Zoom","30","0","5","4","4","480","1","Ninguno","0","6","5","0","No experimento interrupciones con mi laptop"
"2026/09/14 4:01:53 p.m. GMT-5","Grupo 2","Sistemas de Información","5","5","13","3 (Neutral)","MAC","Apple (MacBook)","Laptop convencional","5","14.0""","No","Intel","Gama Alta (Intel Core i7/i9, Core Ultra 7/9, AMD Ryzen 7/9, Apple Pro/Max)","13","13","Unidad de Estado Sólido (SSD)","3","Minecraft","Adobe Acrobat Reader","3","3","3","1","2","2","Más de 3","Navegador web (Múltiples pestañas de estudio abiertas)","1","3","2","2","Agotamiento acelerado de batería"
"2026/09/14 4:55:25 p.m. GMT-5","Grupo 7","Bioingeniería","3","5","16.54","2 (Insatisfecho)","Lenovo IdeaPad 5 ryzen 5","Lenovo","Laptop convencional","3","15.6""","No","AMD Ryzen 5 5500 U with Radeon Graphics","Gama Media (Intel Core i5, Core Ultra 5, AMD Ryzen 5, Apple M1/M2/M3 base)","8.0","AMD Radeon (TM) Graphics","Unidad de Estado Sólido (SSD)","0.297","Google Chrome;Microsoft Edge;Mozilla Firefox;Spotify;Discord;Steam;Epic Games Launcher","PyCharm;MATLAB;GeoGebra;Microsoft Word;Microsoft Excel;Microsoft PowerPoint;Zoom","200","1","4","4","5","240","La mantengo conectada","Navegador web (Múltiples pestañas de estudio abiertas)","0","1","3","1","Saturación de RAM / Ralentización"
"2026/09/14 5:35:45 p.m. GMT-5","Grupo 4","Ciencias de la Computación","3","6","14","2 (Insatisfecho)","ASUS TUF Gaming F15 FX507VV","ASUS","Laptop convencional","1","15.6""","Sí","Intel","Gama Alta (Intel Core i7/i9, Core Ultra 7/9, AMD Ryzen 7/9, Apple Pro/Max)","8","NVIDIA GeForce RTX 4069","Unidad de Estado Sólido (SSD)","2","Microsoft Edge;Discord;Steam","PyCharm;MATLAB;RStudio;Microsoft Word;Microsoft Excel;Microsoft PowerPoint;Microsoft OneNote;Adobe Acrobat Reader","60","3","3","3","2","4","La mantengo conectada","Ninguno","5","10","4","0","No experimento interrupciones con mi laptop"
"2026/09/14 5:36:31 p.m. GMT-5","Grupo 2","Ciencias de la Computación","3","7","12.58","1 (Muy insatisfecho)","HP Laptop 15","HP","Laptop convencional","1","14.0""","No","AMD Ryzen","Gama Alta (Intel Core i7/i9, Core Ultra 7/9, AMD Ryzen 7/9, Apple Pro/Max)","16","Graficos integrados","Unidad de Estado Sólido (SSD)","7.5","Google Chrome;Mozilla Firefox;Steam;Minecraft","Visual Studio Code;IntelliJ IDEA;PyCharm;MATLAB","180","5","3","3","2","200","1","Navegador web (Múltiples pestañas de estudio abiertas)","5","4","2","4","Sobrecalentamiento térmico del equipo"
"2026/09/14 5:36:44 p.m. GMT-5","Grupo 2","Ciencias de la Computación","3","5","15.2","3 (Neutral)","Modelo del sistema	Inspiron 14 5410 2-in-1","Dell","Convertible 2 en 1 (Pantalla táctil/giratoria 360°)","4","13.3"" o menor","Sí","Intel","Gama Baja (Intel Core i3, AMD Ryzen 3, Celeron, Pentium)","8","Intel graficos integrados","Unidad de Estado Sólido (SSD)","1","Google Chrome;Spotify;WhatsApp;Discord;Steam","Visual Studio Code;IntelliJ IDEA;PyCharm;MATLAB;Zoom","120","5","2","2","8","150","2","MATLAB, Python / Entornos IDE (VS Code, PyCharm)","5","2","3","0","No experimento interrupciones con mi laptop"
"2026/09/14 5:38:26 p.m. GMT-5","Grupo 4","Ingeniería Civil","3","5","13","3 (Neutral)","ASUS TUF F16","ASUS","Laptop convencional","1","16"" o mayor","Sí","INTEL","Gama Media (Intel Core i5, Core Ultra 5, AMD Ryzen 5, Apple M1/M2/M3 base)","32","3050 RTX","Disco Duro Mecánico (HDD)","15.6","Google Chrome;Microsoft Edge;Spotify;WhatsApp;Discord;Steam;Epic Games Launcher;Minecraft;Dota 2;Fortnite","PyCharm;MATLAB;Microsoft Word;Microsoft Excel;Microsoft PowerPoint;Microsoft Teams;Zoom","50","3","2","5","1.9","60","La mantengo conectada","Ninguno","0","7","4","3","Saturación de RAM / Ralentización"
"2026/09/14 6:06:27 p.m. GMT-5","Grupo 2","Ciencias de la Computación","3","6","17","3 (Neutral)","HP Laptop 15","HP","Laptop convencional","2","16"" o mayor","No","AMD","Gama Alta (Intel Core i7/i9, Core Ultra 7/9, AMD Ryzen 7/9, Apple Pro/Max)","16","AMD Radeon Graphics","Unidad de Estado Sólido (SSD)","9.8","Google Chrome;Steam","Visual Studio Code;IntelliJ IDEA;MATLAB;RStudio;AutoCAD;Microsoft Word;Microsoft Excel;Microsoft PowerPoint;Zoom","100","6","3","3","5","150","1","Otro","6","3","3","1","Sobrecalentamiento térmico del equipo"
"2026/09/14 6:16:35 p.m. GMT-5","Grupo 4","Administración y Negocios Digitales","9","6","16","3 (Neutral)","Asus Rog Strix G16","ASUS","Laptop convencional","0","16"" o mayor","Sí","intel","Gama Alta (Intel Core i7/i9, Core Ultra 7/9, AMD Ryzen 7/9, Apple Pro/Max)","16","Nvidia Geforce rtx 5060","Unidad de Estado Sólido (SSD)","5.2","Google Chrome;Spotify;WhatsApp;Discord;Steam;Epic Games Launcher;Minecraft;Fortnite;Roblox;EA Sports FC","Visual Studio Code;Visual Studio;IntelliJ IDEA;Microsoft Word;Microsoft Excel;Microsoft PowerPoint;Microsoft Teams;Zoom","60","3","3","5","3","5","La mantengo conectada","Ninguno","2","4","4","0","No experimento interrupciones con mi laptop"
"2026/09/14 6:24:05 p.m. GMT-5","Grupo 3","Ciencias de la Computación","5","5","12","3 (Neutral)","HP-VICTUS 32RA,1TB,RTX 4050","HP","Laptop convencional","1","16"" o mayor","Sí","AMD RYZEN 7","Gama Alta (Intel Core i7/i9, Core Ultra 7/9, AMD Ryzen 7/9, Apple Pro/Max)","1000","0","Unidad de Estado Sólido (SSD)","32","Google Chrome;Microsoft Edge;Spotify;WhatsApp;Discord;Steam;Counter-Strike 2;Dota 2;GTA V;EA Sports FC","IntelliJ IDEA;PyCharm;MATLAB;RStudio;GeoGebra;AutoCAD;Microsoft Word;Microsoft Excel;Microsoft PowerPoint;Microsoft OneNote;Adobe Acrobat Reader;Microsoft Teams;Zoom","120","7","5","5","2","120","2","Ninguno","7","10","5","0","No experimento interrupciones con mi laptop"
"2026/09/14 6:24:21 p.m. GMT-5","Grupo 4","Administración y Negocios Digitales","9","5","15.4","3 (Neutral)","Aver Aspire 5 A515-55","Acer","Laptop convencional","5","15.6""","No","Intel","Gama Media (Intel Core i5, Core Ultra 5, AMD Ryzen 5, Apple M1/M2/M3 base)","12","Intel","Unidad de Estado Sólido (SSD)","1","Google Chrome;Microsoft Edge;Mozilla Firefox;Spotify;WhatsApp;Discord;Steam;Epic Games Launcher;Minecraft","Visual Studio Code;IntelliJ IDEA;Microsoft Word;Microsoft Excel;Microsoft PowerPoint;Zoom","67","3","4","3","1","20","La mantengo conectada","Navegador web (Múltiples pestañas de estudio abiertas)","3","4","2","2","Agotamiento acelerado de batería"
"2026/09/14 6:28:17 p.m. GMT-5","Grupo 3","Administración y Negocios Digitales","6","5","14.4","3 (Neutral)","LENOVO 81WE Ideapad 3-15IIL05","Lenovo","Laptop convencional","4","15.6""","No","Intel Core i5-1035G4 CPU","Gama Media (Intel Core i5, Core Ultra 5, AMD Ryzen 5, Apple M1/M2/M3 base)","8","Intel(R) Iris(R) Plus Graphics (128MB)","Unidad de Estado Sólido (SSD)","1.6","Google Chrome;WhatsApp;Discord","Visual Studio Code;Visual Studio;IntelliJ IDEA;Microsoft Word;Microsoft Excel;Microsoft PowerPoint;Adobe Acrobat Reader;Zoom","45","5","4","3","4","2","1","MATLAB, Python / Entornos IDE (VS Code, PyCharm)","3","6","3","1","No experimento interrupciones con mi laptop"
"2026/09/14 7:00:36 p.m. GMT-5","Grupo 5","Ingeniería Química","3","6","15.46","3 (Neutral)","HP Laptop 15-fc0xxx","HP","Laptop convencional","1","15.6""","No","AMD Ryzen 7 7730U with Radeon Graphics","Gama Alta (Intel Core i7/i9, Core Ultra 7/9, AMD Ryzen 7/9, Apple Pro/Max)","16.0","AMD Radeon (TM) Graphics","Unidad de Estado Sólido (SSD)","6.2","Google Chrome","RStudio;Microsoft Word;Microsoft Excel;Zoom","120","3","3","4","5","150","2","Ninguno","2","4","4","0","No experimento interrupciones con mi laptop"
"2026/09/14 7:27:48 p.m. GMT-5","Grupo 2","Ingeniería Civil","3","6","17.65","3 (Neutral)","ASUS EXPERTBOOK P1503CVA","ASUS","Laptop convencional","1","15.6""","No","13 Gen Interl(R) Core(TM) i5-13420H","Gama Media (Intel Core i5, Core Ultra 5, AMD Ryzen 5, Apple M1/M2/M3 base)","16","Intel(R) UHD Graphics","Unidad de Estado Sólido (SSD)","3.6","Google Chrome;Microsoft Edge;Spotify;WhatsApp;Discord;Steam;Minecraft;Roblox","PyCharm;MATLAB;AutoCAD;Microsoft Word;Microsoft Excel;Microsoft PowerPoint;Zoom","120","6","4","4","2","180","2","Autodesk (Fusion 360, AutoCAD, Revit)","5","5","3","2","Sobrecalentamiento térmico del equipo"
"2026/09/14 7:28:52 p.m. GMT-5","Grupo 2","Ingeniería Electrónica","2","6","17.4","4 (Satisfecho)","Lenovo Yoga Slim 7i Aura Edition","Lenovo","Laptop convencional","2","15.6""","No","Intel","Gama Media (Intel Core i5, Core Ultra 5, AMD Ryzen 5, Apple M1/M2/M3 base)","16.0","GPU 0","Unidad de Estado Sólido (SSD)","2.5","Google Chrome;Spotify;WhatsApp","MATLAB;Zoom","120","4","4","4","4","180","2","Autodesk (Fusion 360, AutoCAD, Revit)","2","2","4","0","No experimento interrupciones con mi laptop"
"2026/09/14 8:54:04 p.m. GMT-5","Grupo 4","Ciencias de la Computación","3","4","9.5","2 (Insatisfecho)","HP Victus 15","HP","Laptop convencional","1","15.6""","Sí","Intel","Gama Alta (Intel Core i7/i9, Core Ultra 7/9, AMD Ryzen 7/9, Apple Pro/Max)","16","RTX 4050","Unidad de Estado Sólido (SSD)","8","Google Chrome;Spotify;Discord;Steam;Epic Games Launcher;Valorant;Fortnite;Roblox","PyCharm;GeoGebra;Microsoft Word;Microsoft Excel;Microsoft PowerPoint;Zoom","30","5","5","5","3","3","La mantengo conectada","Ninguno","4","4","5","0","No experimento interrupciones con mi laptop"
"2026/09/14 9:07:46 p.m. GMT-5","Grupo 4","Ingeniería Civil","3","6","14.5","1 (Muy insatisfecho)","Asus v16 ","ASUS","Laptop convencional","1","16"" o mayor","Sí","Intel core i7","Gama Alta (Intel Core i7/i9, Core Ultra 7/9, AMD Ryzen 7/9, Apple Pro/Max)","16","Nvidia rtx 4050","Unidad de Estado Sólido (SSD)","30","Google Chrome;Microsoft Edge;Spotify;WhatsApp;Discord;Steam;Epic Games Launcher;Counter-Strike 2;Fortnite;GTA V","Zoom","5","4","3","4","3","150","1","Autodesk (Fusion 360, AutoCAD, Revit)","1","4","4","0","No experimento interrupciones con mi laptop"
"2026/09/14 9:14:53 p.m. GMT-5","Grupo 4","Ciencias de la Computación","7","4","14.10","2 (Insatisfecho)","Lenovo Latitude 3420","Dell","Laptop convencional","3","14.0""","No","11th Gen Intel(R) Core(TM) i5-1135G7@2.40GHz","Gama Media (Intel Core i5, Core Ultra 5, AMD Ryzen 5, Apple M1/M2/M3 base)","16","Intel(R) Iris(R) Xe Graphics","Unidad de Estado Sólido (SSD)","3.9","Google Chrome;Microsoft Edge;Spotify;WhatsApp;Discord;Steam;Epic Games Launcher;Minecraft;Counter-Strike 2;Fortnite;Roblox;GTA V","Visual Studio Code;Visual Studio;IntelliJ IDEA;PyCharm;MATLAB;RStudio;GeoGebra;Microsoft Word;Microsoft Excel;Microsoft PowerPoint;Microsoft OneNote;Adobe Acrobat Reader;Microsoft Teams;Zoom","150","5","4","5","8","120","La mantengo conectada","Ninguno","5","8","4","0","No experimento interrupciones con mi laptop"
"2026/09/14 9:18:00 p.m. GMT-5","Grupo 5","Ingeniería Industrial","6","4","13.7","4 (Satisfecho)","MacBook Air (Retina, 13-inch, 2020)","Apple (MacBook)","Laptop convencional","6","13.3"" o menor","Sí","Intel Core i3","Gama Baja (Intel Core i3, AMD Ryzen 3, Celeron, Pentium)","8 ","Intel Iris Plus Graphics","Unidad de Estado Sólido (SSD)","1.48","Google Chrome;Spotify;WhatsApp;Discord","PyCharm;MATLAB;RStudio;Microsoft Excel;Zoom","60","5","3","3","4.5","150","1","Otro","2","3","3","1","Sobrecalentamiento térmico del equipo"
"2026/09/14 9:22:40 p.m. GMT-5","Grupo 4","Ingeniería Civil","3","21","17.1","4 (Satisfecho)","Lenovo Legion Pro 5 16IRX9","Lenovo","Laptop convencional","1","16"" o mayor","Sí","Intel(R) Core(TM) i9 - 14900HX","Gama Alta (Intel Core i7/i9, Core Ultra 7/9, AMD Ryzen 7/9, Apple Pro/Max)","16","NVIDIA GeForce RTX 4060 ","Unidad de Estado Sólido (SSD)","6.5","Microsoft Edge;Spotify;Discord;Minecraft;Valorant;League of Legends","Microsoft Word;Zoom","30 ","2","5","5","4","180","La mantengo conectada","Ninguno","3","4","5","0","No experimento interrupciones con mi laptop"
"2026/09/14 9:24:27 p.m. GMT-5","Grupo 2","Ciencias de la Computación","3","7","14","2 (Insatisfecho)"," HP Victus 15-fa1093dx","HP","Laptop convencional","1","15.6""","Sí","13th Gen intel(R) Core i7-13620H ","Gama Alta (Intel Core i7/i9, Core Ultra 7/9, AMD Ryzen 7/9, Apple Pro/Max)","16","(NVIDIA)GeForce Rtx 4060 ","Unidad de Estado Sólido (SSD)","4.4","Google Chrome;WhatsApp;Discord;Steam","Visual Studio Code;Visual Studio;IntelliJ IDEA;PyCharm;MATLAB;RStudio;GeoGebra;Microsoft Word;Microsoft Excel;Microsoft PowerPoint;Microsoft OneNote;Microsoft Teams;Zoom","6","6","3","3","6","120","Más de 3","Software de Análisis de Datos (RStudio, PowerBI)","6","6","3","3","Saturación de RAM / Ralentización"
"2026/09/14 9:40:16 p.m. GMT-5","Grupo 4","Ciberseguridad","2","7","17.2","4 (Satisfecho)","Lenovo Legion Pro 5 16IRX8","Lenovo","Laptop convencional","3","16"" o mayor","Sí","Intel","Gama Alta (Intel Core i7/i9, Core Ultra 7/9, AMD Ryzen 7/9, Apple Pro/Max)","32","RTX 4060","Unidad de Estado Sólido (SSD)","20","Google Chrome;Spotify;Discord;Steam;Epic Games Launcher;Minecraft;Valorant;Fortnite","Visual Studio Code;Visual Studio;IntelliJ IDEA;PyCharm;Android Studio;Eclipse;Microsoft Word;Microsoft Excel;Microsoft PowerPoint;Microsoft OneNote;Microsoft Teams","100","6","1","4","5","129","La mantengo conectada","Ninguno","5","8","4","0","No experimento interrupciones con mi laptop"
"2026/09/14 10:02:15 p.m. GMT-5","Grupo 4","Ingeniería Civil","3","6","15.5","3 (Neutral)","asus tuf gaming a15","ASUS","Laptop convencional","1","15.6""","Sí","nose","Gama Baja (Intel Core i3, AMD Ryzen 3, Celeron, Pentium)","16 ","NVIDIA GeForce RTX 3060","Unidad de Estado Sólido (SSD)","12.4","Google Chrome;Microsoft Edge;Spotify;WhatsApp;Discord;Steam;EA Sports FC","Visual Studio Code;Visual Studio;PyCharm;MATLAB;GeoGebra;AutoCAD;Microsoft Word;Microsoft Excel;Microsoft PowerPoint;Microsoft OneNote;Adobe Acrobat Reader;Zoom","4 ","3","2","2","6","1","Más de 3","Autodesk (Fusion 360, AutoCAD, Revit)","2","4","4","0","Sobrecalentamiento térmico del equipo"
"2026/09/14 10:03:55 p.m. GMT-5","Grupo 4","Ciencias de la Computación","3","6","17","3 (Neutral)","Windows ","ASUS","Laptop convencional","1","13.3"" o menor","Sí","AMD","Gama Alta (Intel Core i7/i9, Core Ultra 7/9, AMD Ryzen 7/9, Apple Pro/Max)","16","NVIDIA","Unidad de Estado Sólido (SSD)","5.5","Google Chrome;Microsoft Edge;WhatsApp;Discord;Steam","Visual Studio Code;IntelliJ IDEA;PyCharm;MATLAB;RStudio;GeoGebra;Microsoft Word;Microsoft Excel;Zoom","180","5","4","4","4.5","120","La mantengo conectada","Navegador web (Múltiples pestañas de estudio abiertas)","5","10","4","1","Saturación de RAM / Ralentización"
"2026/09/14 10:07:35 p.m. GMT-5","Grupo 4","Ingeniería Mecatrónica","3","5","18","3 (Neutral)","asus rog strix g18","ASUS","Laptop convencional","1","16"" o mayor","Sí","ryzen 9 8940HX","Gama Alta (Intel Core i7/i9, Core Ultra 7/9, AMD Ryzen 7/9, Apple Pro/Max)","16"," RTX 5050","Unidad de Estado Sólido (SSD)","7","Google Chrome;Spotify;WhatsApp;Discord;Steam;Epic Games Launcher;Minecraft;Valorant;League of Legends;Counter-Strike 2;Dota 2;Fortnite;Roblox","Visual Studio Code;Visual Studio;PyCharm;MATLAB;RStudio;AutoCAD;SolidWorks;Autodesk Inventor;Microsoft Word;Microsoft Excel;Microsoft PowerPoint;Microsoft OneNote;Zoom","120","0","3","5","1","240","1","Ninguno","1","6","5","0","No experimento interrupciones con mi laptop"
"2026/09/14 10:21:04 p.m. GMT-5","Grupo 4","Ciencias de la Computación","3","5","14.25","3 (Neutral)","HP EliteBook 650 15.6 inch G10 Notebook PC","HP","Laptop convencional","1","15.6""","Sí","13th Gen intel(R) Core(TM) i7 - 1355U, 1700 Mhz","Gama Alta (Intel Core i7/i9, Core Ultra 7/9, AMD Ryzen 7/9, Apple Pro/Max)","32","Integrada ","Unidad de Estado Sólido (SSD)","9.4","Google Chrome;Microsoft Edge;Roblox","PyCharm;MATLAB;RStudio;GeoGebra;Microsoft Word;Microsoft PowerPoint;Microsoft OneNote;Zoom","120","3","5","4","5","3","3","MATLAB, Python / Entornos IDE (VS Code, PyCharm)","5","6","4","0","No experimento interrupciones con mi laptop"
"2026/09/14 10:27:15 p.m. GMT-5","Grupo 4","Ciencias de la Computación","4","5","13","3 (Neutral)","ASUS Zenbook 14 UX3405CA_UX3405CA ","ASUS","Laptop convencional","0","14.0""","Sí","Intel(R) Core(TM) Ultra 9 285H, 2900 Mhz","Gama Alta (Intel Core i7/i9, Core Ultra 7/9, AMD Ryzen 7/9, Apple Pro/Max)","32","GPU 0(gráficq integrada) ","Unidad de Estado Sólido (SSD)","17","Steam;Valorant;Roblox","PyCharm;MATLAB;RStudio;Microsoft OneNote;Microsoft Teams;Zoom","3","5 días ","3","5","3","3 ","2","MATLAB, Python / Entornos IDE (VS Code, PyCharm)","3","5","5","0","No experimento interrupciones con mi laptop"
"2026/09/14 11:16:38 p.m. GMT-5","Grupo 4","Bioingeniería","3","6","12.3","1 (Muy insatisfecho)","Dell inspiron 14","Dell","Laptop convencional","3","14.0""","Sí","AMD","Gama Media (Intel Core i5, Core Ultra 5, AMD Ryzen 5, Apple M1/M2/M3 base)","16","Gráficos Integrados","Unidad de Estado Sólido (SSD)","5.6","Google Chrome;Microsoft Edge;Spotify;Discord;Steam;Epic Games Launcher;Minecraft;Valorant","PyCharm;MATLAB;RStudio;GeoGebra;Microsoft Word;Microsoft Excel;Microsoft PowerPoint;Microsoft OneNote;Zoom","30","0","4","4","3","90","La mantengo conectada","Ninguno","0","3","4","0","No experimento interrupciones con mi laptop"
"2026/09/15 12:02:11 a.m. GMT-5","Grupo 5","Ciencias de la Computación","7","5","14.2","3 (Neutral)","LENOVO 82XV","Lenovo","Laptop convencional","3","15.6""","Sí","intel","Gama Media (Intel Core i5, Core Ultra 5, AMD Ryzen 5, Apple M1/M2/M3 base)","24","nvidia geforce rtx 3050 6gb laptop gpu","Unidad de Estado Sólido (SSD)","7.8","Google Chrome;Microsoft Edge;Mozilla Firefox;Spotify;WhatsApp;Discord;Steam;Epic Games Launcher;Dota 2","Visual Studio Code;Visual Studio;IntelliJ IDEA;PyCharm;Android Studio;Jupyter Notebook;MATLAB;RStudio;GeoGebra;Microsoft Word;Microsoft Excel;Microsoft PowerPoint;Microsoft OneNote;Adobe Acrobat Reader;Microsoft Teams;Zoom","300","4","3","4","8.899998","71","Más de 3","Otro","5","5","5","0","No experimento interrupciones con mi laptop"
"2026/09/15 7:37:19 a.m. GMT-5","Grupo 7","Ingeniería Civil","4","6","14.75","2 (Insatisfecho)","Lenovo yoga 710 14ISK","Lenovo","Convertible 2 en 1 (Pantalla táctil/giratoria 360°)","7","14.0""","Sí","Intel(R) core(TM) i7-6500U CPU @ 2.50GHz","Gama Alta (Intel Core i7/i9, Core Ultra 7/9, AMD Ryzen 7/9, Apple Pro/Max)","8","Nvidia GeForce 940MX","Unidad de Estado Sólido (SSD)","1.1 ","Google Chrome;Microsoft Edge;Mozilla Firefox;Spotify;WhatsApp;Discord;Epic Games Launcher;League of Legends;Roblox","RStudio;Wolfram Mathematica;Microsoft Word;Microsoft Excel;Microsoft PowerPoint;Adobe Acrobat Reader;Zoom","60","2","2","3","3","90","3","Software de Análisis de Datos (RStudio, PowerBI)","1","3","3","6","Saturación de RAM / Ralentización"
"2026/09/15 8:23:53 a.m. GMT-5","Grupo 2","Ciencias de la Computación","4","6","14.2","4 (Satisfecho)","ASUS TUF Gaming F15 FX506H","ASUS","Laptop convencional","3","15.6""","Sí","11th Gen Intel(R) Core(TM) i5-11400H @ 2.70 Hz","Gama Media (Intel Core i5, Core Ultra 5, AMD Ryzen 5, Apple M1/M2/M3 base)","8","NVIDIA GeForce RTX 2050","Unidad de Estado Sólido (SSD)","550","Google Chrome;Microsoft Edge;Spotify;WhatsApp;Discord;Steam;Epic Games Launcher","Visual Studio Code;IntelliJ IDEA;PyCharm;Microsoft Word;Microsoft Excel;Microsoft PowerPoint;Zoom","60","5","2","3","4","60","La mantengo conectada","Navegador web (Múltiples pestañas de estudio abiertas)","4","3","3","1","Saturación de RAM / Ralentización"
"2026/09/15 9:51:30 a.m. GMT-5","Grupo 3","Ingeniería Industrial","2","5","16","1 (Muy insatisfecho)","Victus fa2082","HP","Laptop convencional","0","16"" o mayor","Sí","Intel","Gama Media (Intel Core i5, Core Ultra 5, AMD Ryzen 5, Apple M1/M2/M3 base)","16","Rtx 3050","Unidad de Estado Sólido (SSD)","200","Google Chrome;Microsoft Edge;WhatsApp;Discord","Microsoft OneNote;Zoom","130","5","3","5","5","210","1","Ninguno","0","3","5","0","No experimento interrupciones con mi laptop"
"2026/09/15 10:45:59 a.m. GMT-5","Grupo 2","Ingeniería Mecatrónica","2","5","16.7","4 (Satisfecho)","Lenovo LOQ 15ARP9","Lenovo","Laptop convencional","1","15.6""","Sí","AMD Ryzen 7 7435HS","Gama Alta (Intel Core i7/i9, Core Ultra 7/9, AMD Ryzen 7/9, Apple Pro/Max)","24","NVIDIA GeForce RTX 4060 Laptop GPU","Unidad de Estado Sólido (SSD)","12.3","Google Chrome;Microsoft Edge;Spotify;WhatsApp;Discord;Steam;Epic Games Launcher;Fortnite","Visual Studio Code;PyCharm;GeoGebra;Microsoft Word;Microsoft Excel;Microsoft PowerPoint;Microsoft OneNote;Adobe Acrobat Reader;Microsoft Teams;Zoom","15","5","3","5","12","2","3","Otro","4","6","4","0","Agotamiento acelerado de batería"
"2026/09/15 11:12:17 a.m. GMT-5","Grupo 5","Ingeniería Electrónica","3","6","15","2 (Insatisfecho)"," Lenovo IdeaPad 3 15ALC6","Lenovo","Laptop convencional","2","14.0""","No","12th Gen Intel(R) Core(TM) i5-12450H","Gama Media (Intel Core i5, Core Ultra 5, AMD Ryzen 5, Apple M1/M2/M3 base)","16.0","NVIDIA GeForce RTX 3060 Laptop GPU","Disco Duro Mecánico (HDD)","5.6","Google Chrome;Microsoft Edge;Spotify;WhatsApp;Counter-Strike 2;Dota 2","IntelliJ IDEA;Android Studio;Wolfram Mathematica;AutoCAD;Autodesk Inventor;ArcGIS","120","3","3","3","2.8","120","La mantengo conectada","Navegador web (Múltiples pestañas de estudio abiertas)","3","5","3","3","Sobrecalentamiento térmico del equipo"
"2026/09/15 12:29:43 p.m. GMT-5","Grupo 4","Ciencias de la Computación","4","5","14.8","4 (Satisfecho)","HP EliteBook 845 G7 Notebook PC","HP","Laptop convencional","2","14.0""","No","AMD Ryzen 5 PRO 4650U","Gama Media (Intel Core i5, Core Ultra 5, AMD Ryzen 5, Apple M1/M2/M3 base)","16","AMD Radeon(TM) Graphics","Unidad de Estado Sólido (SSD)","7","Microsoft Edge;WhatsApp;Steam","Visual Studio Code;IntelliJ IDEA;Zoom","50","5","5","4","6","270","1","Software de Análisis de Datos (RStudio, PowerBI)","2","3","4","0","Cierre intempestivo de programas"
"2026/09/15 12:36:32 p.m. GMT-5","Grupo 4","Ciencias de la Computación","3","4","11","5 (Muy satisfecho)","Lenovo IdeaPad Slim 3","Lenovo","Laptop convencional","2","15.6""","No","Ryzen 7","Gama Alta (Intel Core i7/i9, Core Ultra 7/9, AMD Ryzen 7/9, Apple Pro/Max)","12","AMD RADEON","Unidad de Estado Sólido (SSD)","8.8","Google Chrome;Epic Games Launcher;Minecraft;Valorant;Fortnite;Roblox","Visual Studio Code;Visual Studio;PyCharm;Microsoft Word;Microsoft Excel;Microsoft PowerPoint;Microsoft OneNote","1 ","6 ","4","4","7","4","1","Navegador web (Múltiples pestañas de estudio abiertas)","4","5","5","2","No experimento interrupciones con mi laptop"
"2026/09/15 12:38:11 p.m. GMT-5","Grupo 4","Ingeniería Civil","7","5","14","1 (Muy insatisfecho)","Legion 5 15IMH05","Lenovo","Laptop convencional","4","15.6""","Sí","Nvidia","Gama Media (Intel Core i5, Core Ultra 5, AMD Ryzen 5, Apple M1/M2/M3 base)","8","Nvidia","Unidad de Estado Sólido (SSD)","25","Google Chrome;Spotify;WhatsApp;Discord;Steam;Epic Games Launcher;Minecraft;Valorant;League of Legends;Dota 2;Roblox;GTA V","GeoGebra;SPSS;AutoCAD;Autodesk Inventor;Microsoft Excel","200","5","4","4","3","2","3","Navegador web (Múltiples pestañas de estudio abiertas)","3","10","4","3","Sobrecalentamiento térmico del equipo"
"2026/09/15 12:41:10 p.m. GMT-5","Grupo 4","Bioingeniería","3","6","16.7","3 (Neutral)","Victus 15","HP","Laptop convencional","1","15.6""","Sí","Ryzen","Gama Alta (Intel Core i7/i9, Core Ultra 7/9, AMD Ryzen 7/9, Apple Pro/Max)","16","Nvidia","Unidad de Estado Sólido (SSD)","0.9","Google Chrome;Microsoft Edge;Spotify;WhatsApp;Discord;Steam;Epic Games Launcher;Minecraft;Fortnite;Roblox;EA Sports FC","Microsoft Word;Microsoft Excel;Microsoft PowerPoint;Zoom","120","todos los dias","4","4","5","150","2","Ninguno","1","4","4","0","No experimento interrupciones con mi laptop"
"2026/09/15 12:44:06 p.m. GMT-5","Grupo 4","Administración y Negocios Digitales","8","6","16.2","4 (Satisfecho)","macbook pro 516gb chip m2 pro","Apple (MacBook)","Otro","3","14.0""","Sí","Apple/ Apple Silicon","Gama Alta (Intel Core i7/i9, Core Ultra 7/9, AMD Ryzen 7/9, Apple Pro/Max)","16","tiene GPU integrada de Apple","Unidad de Estado Sólido (SSD)","9","Google Chrome;Spotify;WhatsApp;Discord;Roblox","Visual Studio Code;IntelliJ IDEA;Microsoft Word;Microsoft Excel;Microsoft Teams;Zoom","180","5","5","5","5 ","200","2","Ninguno","4","6","5","0","No experimento interrupciones con mi laptop"
"2026/09/15 12:44:32 p.m. GMT-5","Grupo 4","Bioingeniería","3","6","16.5","3 (Neutral)","Dell Latitude 5400","Dell","Laptop convencional","3 ","14.0""","Sí","Intel","Gama Media (Intel Core i5, Core Ultra 5, AMD Ryzen 5, Apple M1/M2/M3 base)","32"," Intel UHD Graphics 620","Unidad de Estado Sólido (SSD)","3","WhatsApp;Discord;Steam;Epic Games Launcher;Minecraft;Valorant;Roblox","PyCharm;Jupyter Notebook;MATLAB;GeoGebra;Microsoft Word;Microsoft Excel;Microsoft PowerPoint;Microsoft OneNote;Zoom","60","5","2","3","4","160","La mantengo conectada","Ninguno","0","4","3","5","Saturación de RAM / Ralentización"
"2026/09/15 12:49:53 p.m. GMT-5","Grupo 4","Ciencias de la Computación","4","5","15.7","3 (Neutral)","ASUS TUF Gaming F15","ASUS","Laptop convencional","2","15.6""","Sí","12th Gen Intel Core i5 12500H","Gama Media (Intel Core i5, Core Ultra 5, AMD Ryzen 5, Apple M1/M2/M3 base)","16","NVidia GeForce RTX 3050","Unidad de Estado Sólido (SSD)","11","Google Chrome;Mozilla Firefox;Spotify;WhatsApp;Discord;Steam","Visual Studio Code;Zoom","60","3","4","4","3","2","La mantengo conectada","Otro","6","3","3","0","Saturación de RAM / Ralentización"
"2026/09/15 12:55:03 p.m. GMT-5","Grupo 4","Ingeniería Mecatrónica","2","6","13.5","2 (Insatisfecho)","VivoBook_ASUSLaptop X512JA_F512JA","ASUS","Laptop convencional","6","13.3"" o menor","Sí","Intel(R) Corte(TM) i5-1035G1 CPU","Gama Media (Intel Core i5, Core Ultra 5, AMD Ryzen 5, Apple M1/M2/M3 base)","8.0","Integrada","Unidad de Estado Sólido (SSD)","1.2","Google Chrome;Microsoft Edge;Steam;Roblox","Visual Studio;PyCharm;MATLAB;AutoCAD;Autodesk Inventor;Microsoft Word;Microsoft Excel;Microsoft PowerPoint;Microsoft OneNote;Microsoft Teams;Zoom","60","7","1","4","2.5","120","La mantengo conectada","Autodesk (Fusion 360, AutoCAD, Revit)","3","3","2","0","No experimento interrupciones con mi laptop"
"2026/09/15 12:55:32 p.m. GMT-5","Grupo 4","Ingeniería Mecatrónica","8","5","15.7","2 (Insatisfecho)","Lenovo Legion Slim 5 16IRH8","Lenovo","Laptop convencional","2","16"" o mayor","Sí","13th Gen Intel(R) Core(TM) i7-13700H","Gama Alta (Intel Core i7/i9, Core Ultra 7/9, AMD Ryzen 7/9, Apple Pro/Max)","16","NVIDIA GeForce RTX4060 Laptop GPU","Unidad de Estado Sólido (SSD)","4","Google Chrome;Microsoft Edge;WhatsApp;Discord;Steam;Epic Games Launcher;Valorant;Roblox","Visual Studio Code;Visual Studio;PyCharm;MATLAB;Wolfram Mathematica;GeoGebra;AutoCAD;SolidWorks;Autodesk Inventor;Microsoft Word;Microsoft Excel;Microsoft PowerPoint;Zoom","30","6","4","4","5","120","3","Autodesk (Fusion 360, AutoCAD, Revit)","6","5","3","4","Saturación de RAM / Ralentización"
"2026/09/15 12:56:59 p.m. GMT-5","Grupo 4","Ingeniería de la Energía","2","6","15.4","4 (Satisfecho)","dell inspiron 5570 ","Dell","Convertible 2 en 1 (Pantalla táctil/giratoria 360°)","7","15.6""","Sí","intel","Gama Alta (Intel Core i7/i9, Core Ultra 7/9, AMD Ryzen 7/9, Apple Pro/Max)","40","integrada","Unidad de Estado Sólido (SSD)","28.5","Mozilla Firefox;Discord;Steam;Epic Games Launcher;Minecraft","MATLAB;GeoGebra;Zoom","60","7","4","4","1.5","60","La mantengo conectada","Autodesk (Fusion 360, AutoCAD, Revit)","3","3","5","0","No experimento interrupciones con mi laptop"
"2026/09/15 1:48:43 p.m. GMT-5","Grupo 2","Ciencias de la Computación","4","4","12.46","3 (Neutral)","MSI Cyborg 15 A13VE","MSI","Laptop convencional","3","15.6""","Sí","Intel","Gama Alta (Intel Core i7/i9, Core Ultra 7/9, AMD Ryzen 7/9, Apple Pro/Max)","16","NVIDIA GeForce RTX 4050 Laptop GPU","Unidad de Estado Sólido (SSD)","3.6","Microsoft Edge;Spotify;Discord;Steam;Epic Games Launcher;Minecraft;Valorant","Visual Studio Code;IntelliJ IDEA;MATLAB;RStudio;Zoom","120","4","2","5","3","120","La mantengo conectada","Ninguno","5","4","5","0","No experimento interrupciones con mi laptop"
"2026/09/15 4:12:09 p.m. GMT-5","Grupo 2","Ciencia de Datos e Inteligencia Artificial","1","5","13","3 (Neutral)","Vivobook AsusLaptop","Lenovo","Laptop convencional","4","14.0""","No","AMD Radeon TM Graphics","Gama Media (Intel Core i5, Core Ultra 5, AMD Ryzen 5, Apple M1/M2/M3 base)","8","Integrada","Unidad de Estado Sólido (SSD)","2.6","Google Chrome;Spotify;WhatsApp;Discord;Steam;Epic Games Launcher;Dota 2;Roblox","Microsoft Word;Microsoft Excel;Zoom","60","1","2","3","2","120","La mantengo conectada","Otro","2","2","3","0","No experimento interrupciones con mi laptop"
"2026/09/15 4:20:25 p.m. GMT-5","Grupo 4","Ciencias de la Computación","4","6","14.2","3 (Neutral)","macbook pro m4 ","Apple (MacBook)","Laptop convencional","1","14.0""","Sí","apple","Gama Alta (Intel Core i7/i9, Core Ultra 7/9, AMD Ryzen 7/9, Apple Pro/Max)","24","apple","Unidad de Estado Sólido (SSD)","16","Google Chrome;Spotify;WhatsApp;Discord","IntelliJ IDEA;PyCharm;MATLAB;RStudio;Zoom","60","6","5","5","7.1","480","1","Ninguno","5","9","5","0","No experimento interrupciones con mi laptop"
"2026/09/15 5:07:57 p.m. GMT-5","Grupo 4","Administración y Negocios Digitales","4","5","18","4 (Satisfecho)","Latitude 3510","Dell","Laptop convencional","4","14.0""","No","Intel(R) Core(TM) i3-10110U CPU @ 2.10GHz","Gama Baja (Intel Core i3, AMD Ryzen 3, Celeron, Pentium)","8","integrada","Unidad de Estado Sólido (SSD)","2","Google Chrome;Spotify","Visual Studio Code;PyCharm;RStudio;Autodesk Inventor;Microsoft Excel;Zoom","40","todos los días, no tengo clases los Sábados, pero si voy a la universidad, siempre llevo mi laptop","3","4","3","150","La mantengo conectada","Autodesk (Fusion 360, AutoCAD, Revit)","3","10","3","1","Sobrecalentamiento térmico del equipo"
"2026/09/15 6:04:31 p.m. GMT-5","Grupo 6","Ciencias de la Computación","4","4","13","1 (Muy insatisfecho)","MacBook Pro (Retina, 15-inch, Late 2013)","Apple (MacBook)","Laptop convencional","12","15.6""","No","Intel Core i7-4960HQ 2.60GHz Número núcleos: 4, Número de hilos: 8","Gama Alta (Intel Core i7/i9, Core Ultra 7/9, AMD Ryzen 7/9, Apple Pro/Max)","16","NVIDIA GeForce GT 750M (2 GB)","Disco Duro Mecánico (HDD)","2.51","Mozilla Firefox;Spotify;Discord;Steam;Minecraft;Roblox","Visual Studio Code;PyCharm;GeoGebra;Zoom","135","4","4","3","4","420","1","Otro","3","5","4","0","No experimento interrupciones con mi laptop"
"2026/09/15 6:19:46 p.m. GMT-5","Grupo 2","Ciberseguridad","2","4","15.6","3 (Neutral)","Yoga 7 2-in-1 14AKP10","Lenovo","Convertible 2 en 1 (Pantalla táctil/giratoria 360°)","1","14.0""","Sí","AMD Ryzen AI 7 350 w/Radeon 860M","Gama Alta (Intel Core i7/i9, Core Ultra 7/9, AMD Ryzen 7/9, Apple Pro/Max)","32","AMD Radeon (TM) 860M Graphics","Unidad de Estado Sólido (SSD)","11.7","Google Chrome;Microsoft Edge;Spotify;WhatsApp;Discord;Steam;Epic Games Launcher;Roblox","Visual Studio Code;Visual Studio;IntelliJ IDEA;PyCharm;MATLAB;RStudio;SolidWorks;Microsoft Word;Microsoft Excel;Microsoft PowerPoint;Zoom","200","4","4","5","5.5","8","1","Ninguno","4","5","5","1","No experimento interrupciones con mi laptop"
"2026/09/15 6:30:35 p.m. GMT-5","Grupo 2","Ingeniería Mecatrónica","4","6","14.28","4 (Satisfecho)","LENOVO_MT_21D6_BU_Think_FM_ThinkPad P16 Gen 1","Lenovo","Laptop convencional","3","16"" o mayor","Sí","12th Gen Intel(R) Core(TM) i9-12900HX","Gama Alta (Intel Core i7/i9, Core Ultra 7/9, AMD Ryzen 7/9, Apple Pro/Max)","16","Intel(R) UHD Graphics","Unidad de Estado Sólido (SSD)","5.7","Google Chrome;Microsoft Edge;Discord","RStudio;Zoom","360","3","3","4","6","150","La mantengo conectada","Autodesk (Fusion 360, AutoCAD, Revit)","2","3","4","2","Saturación de RAM / Ralentización"
"2026/09/15 6:54:46 p.m. GMT-5","Grupo 4","Ingeniería Mecánica","4","5","13","3 (Neutral)","Laptop Gamer Acer Nitro V15 Intel Core i5 13420H 16GB RAM 512GB ","Acer","Otro","6","15.6""","Sí","Nitro 5 intel core i 5","Gama Media (Intel Core i5, Core Ultra 5, AMD Ryzen 5, Apple M1/M2/M3 base)","32","ryzen 1650","Unidad de Estado Sólido (SSD)","70 ","Google Chrome;Microsoft Edge;Spotify;WhatsApp;Discord;Steam;Epic Games Launcher;Minecraft;Counter-Strike 2;Roblox;GTA V","Visual Studio Code;PyCharm;MATLAB;RStudio;Wolfram Mathematica;Microsoft Word;Microsoft Excel;Microsoft PowerPoint;Zoom","45","3","2","5","5","1","La mantengo conectada","Ninguno","2","18","4","0","No experimento interrupciones con mi laptop"
"2026/09/15 7:55:55 p.m. GMT-5","Grupo 5","Ingeniería Mecatrónica","3","5","16.7","2 (Insatisfecho)","Nitro NL 16 - 71G","Acer","Laptop convencional","1","16"" o mayor","Sí","13th Gen Intel (R) Core TM i7 - 13620H","Gama Alta (Intel Core i7/i9, Core Ultra 7/9, AMD Ryzen 7/9, Apple Pro/Max)","16","NVIDIA GeForce RTX 4050 Laptop GPU","Unidad de Estado Sólido (SSD)","2.8","Google Chrome;Spotify;WhatsApp;Discord;Roblox","Visual Studio Code;Autodesk Inventor;Microsoft Teams;Zoom","2","1","3","4","2.5","90","La mantengo conectada","Autodesk (Fusion 360, AutoCAD, Revit)","1","5","4","0","No experimento interrupciones con mi laptop"
"2026/09/15 8:57:24 p.m. GMT-5","Grupo 4","Ciberseguridad","2","6","15.1","3 (Neutral)","ASUS ROG Strix SCAR 18 (2026)","ASUS","Laptop convencional","1","16"" o mayor","Sí","Intel","Gama Alta (Intel Core i7/i9, Core Ultra 7/9, AMD Ryzen 7/9, Apple Pro/Max)","64","NVIDIA GeForce RTX 5090.","Unidad de Estado Sólido (SSD)","12","Google Chrome;Spotify;WhatsApp;Discord;Steam;Epic Games Launcher;Minecraft;League of Legends;Fortnite;Roblox","PyCharm;MATLAB;Adobe Acrobat Reader;Microsoft Teams;Zoom","30","3","5","5","4","240","2","Ninguno","7","4","5","0","No experimento interrupciones con mi laptop"
"2026/09/15 9:03:06 p.m. GMT-5","Grupo 4","Ciberseguridad","2","6","15.05","2 (Insatisfecho)","Windows","ASUS","Convertible 2 en 1 (Pantalla táctil/giratoria 360°)","2","14.0""","Sí","Intel(R) Core(TM) Ultra 9 185H","Gama Alta (Intel Core i7/i9, Core Ultra 7/9, AMD Ryzen 7/9, Apple Pro/Max)","32","Intel(R) Arc(TM) Graphics","Unidad de Estado Sólido (SSD)","17.4","Google Chrome;Microsoft Edge;Spotify;WhatsApp;Roblox","MATLAB;Microsoft Word;Microsoft Excel;Microsoft PowerPoint;Microsoft OneNote;Zoom","3","6","4","5","4","150","3","Autodesk (Fusion 360, AutoCAD, Revit)","1","3","4","1","Saturación de RAM / Ralentización"
"2026/09/15 10:49:16 p.m. GMT-5","Grupo 4","Administración y Negocios Digitales","2","6","18.05","4 (Satisfecho)","Laptop Lenovo IdeaPad Slim3 15IAN8 82XB00C2US 15.6"" FHD Intel Core","Lenovo","Laptop convencional","2 ","15.6""","No","Intel (Intel Core)","Gama Baja (Intel Core i3, AMD Ryzen 3, Celeron, Pentium)","8.0","integrada (GPU 0)","Unidad de Estado Sólido (SSD)","1.0 ","Google Chrome;Microsoft Edge;Mozilla Firefox;Spotify;WhatsApp;Discord;Steam;Roblox","PyCharm;GeoGebra;Microsoft Word;Microsoft Excel;Adobe Acrobat Reader;Zoom","15 ","3","5","5","2.0","220","1","Ninguno","2","10","4","0","No experimento interrupciones con mi laptop"
"2026/09/16 12:04:34 a.m. GMT-5","Grupo 5","Bioingeniería","3","6","16.59","2 (Insatisfecho)","Nitro ANV15-41","Acer","Laptop convencional","1","15.6""","Sí","AMD Ryzen 7 7735HS with Radeon Graphics, 3201 Mhz, 8 procesadores principales, 16 procesadores lógicos","Gama Alta (Intel Core i7/i9, Core Ultra 7/9, AMD Ryzen 7/9, Apple Pro/Max)","16","Integrada","Unidad de Estado Sólido (SSD)","1.2","Google Chrome;Microsoft Edge;Steam;Epic Games Launcher;Minecraft","PyCharm;MATLAB;RStudio;GeoGebra;Microsoft OneNote;Zoom","150","5","5","4","1.5","240","Más de 3","MATLAB, Python / Entornos IDE (VS Code, PyCharm)","2","4","5","1","Sobrecalentamiento térmico del equipo"
"2026/09/16 9:19:19 a.m. GMT-5","Grupo 4","Ingeniería Mecatrónica","2","6","17.4","4 (Satisfecho)","Aspire AL16-53P","Otra","Laptop convencional","1","16"" o mayor","No","Intel","Gama Media (Intel Core i5, Core Ultra 5, AMD Ryzen 5, Apple M1/M2/M3 base)","16","Integrada","Unidad de Estado Sólido (SSD)","4.7","Google Chrome;Microsoft Edge;WhatsApp;Discord;Steam;Epic Games Launcher;Minecraft;League of Legends;Roblox","PyCharm;GeoGebra;AutoCAD;Autodesk Inventor;Microsoft Word;Microsoft Excel;Microsoft PowerPoint;Zoom","5 ","1","4","4","0.1","240","1","Ninguno","1","2","4","0","No experimento interrupciones con mi laptop"
"2026/09/16 9:30:12 a.m. GMT-5","Grupo 4","Bioingeniería","2","6","14.9","3 (Neutral)","Aspire A515-55","Acer","Laptop convencional","5","15.6""","No","Intel","Gama Alta (Intel Core i7/i9, Core Ultra 7/9, AMD Ryzen 7/9, Apple Pro/Max)","12.0","Inter Iris","Unidad de Estado Sólido (SSD)","5.2","Google Chrome;Microsoft Edge;WhatsApp;Discord;Roblox","Visual Studio Code;PyCharm;MATLAB;GeoGebra;AutoCAD;ArcGIS;Microsoft Word;Microsoft Excel;Microsoft PowerPoint;Microsoft OneNote;Adobe Acrobat Reader;Microsoft Teams;Zoom","40 ","3","4","4","3","40 ","La mantengo conectada","Ninguno","3","8","4","0","No experimento interrupciones con mi laptop"
"2026/09/16 9:30:49 a.m. GMT-5","Grupo 4","Bioingeniería","2","6","15.3","2 (Insatisfecho)","Latitude E5370","Dell","Laptop convencional","10","14.0""","No","Intel","Gama Media (Intel Core i5, Core Ultra 5, AMD Ryzen 5, Apple M1/M2/M3 base)","16","Graficos integrados","Unidad de Estado Sólido (SSD)","9.3","Google Chrome;Microsoft Edge;Mozilla Firefox;Spotify;WhatsApp;Discord;Steam;Minecraft;Roblox","PyCharm;MATLAB;AutoCAD;Microsoft Word;Microsoft Excel;Microsoft PowerPoint;Microsoft OneNote;Zoom","2","4","1","2","1 ","6","Más de 3","MATLAB, Python / Entornos IDE (VS Code, PyCharm)","1","2 ","3","2","Sobrecalentamiento térmico del equipo"
"2026/09/16 9:54:11 a.m. GMT-5","Grupo 4","Ingeniería Mecatrónica","2","6","14.84","2 (Insatisfecho)","Lenovo IdeaPad Slim 3","Lenovo","Laptop convencional","0","15.6""","No","AMD","Gama Media (Intel Core i5, Core Ultra 5, AMD Ryzen 5, Apple M1/M2/M3 base)","8","AMD Radeon","Unidad de Estado Sólido (SSD)","732","Google Chrome;Microsoft Edge;Spotify;WhatsApp;Discord","Visual Studio Code;Visual Studio;PyCharm;AutoCAD;Microsoft Word;Microsoft Excel;Microsoft PowerPoint;Adobe Acrobat Reader;Zoom","1","6 días ","3","1","8","3","1","MATLAB, Python / Entornos IDE (VS Code, PyCharm)","1 ","2","2","0","Saturación de RAM / Ralentización"
"2026/09/16 9:54:42 a.m. GMT-5","Grupo 4","Ingeniería Mecatrónica","2","7","16.1","4 (Satisfecho)","Lenovo legion i5 ","Lenovo","Laptop convencional","1","15.6""","Sí","Intel(R) Core(TM) ","Gama Alta (Intel Core i7/i9, Core Ultra 7/9, AMD Ryzen 7/9, Apple Pro/Max)","16","NVIDIA GeForce RTX 5070","Unidad de Estado Sólido (SSD)","6.1","Google Chrome;Microsoft Edge;WhatsApp;Discord;Steam;Epic Games Launcher;Minecraft;Fortnite;GTA V;EA Sports FC","Visual Studio;PyCharm;Jupyter Notebook;GeoGebra;AutoCAD;Autodesk Inventor;Microsoft Word;Microsoft Excel;Microsoft PowerPoint;Microsoft OneNote;Adobe Acrobat Reader;Microsoft Teams;Zoom","4 ","6","4","5","6","200","La mantengo conectada","Ninguno","3","6","5","0","No experimento interrupciones con mi laptop"
"2026/09/16 9:56:24 a.m. GMT-5","Grupo 4","Ciencias de la Computación","6","5","14.8","3 (Neutral)","Dell inspiron","Dell","Laptop convencional","6","14.0""","Sí","12 gen Intell","Gama Baja (Intel Core i3, AMD Ryzen 3, Celeron, Pentium)","16","Nvidia ","Unidad de Estado Sólido (SSD)","8","Google Chrome;Discord;Steam;Epic Games Launcher;Roblox","Visual Studio Code;Visual Studio;IntelliJ IDEA;PyCharm;Microsoft Word;Microsoft Excel;Zoom","20 ","6","3","4","10 ","1","La mantengo conectada","Ninguno","4","5","4","0","Agotamiento acelerado de batería"
"2026/09/16 9:57:20 a.m. GMT-5","Grupo 4","Ingeniería Mecatrónica","2","5","12.6","3 (Neutral)","Vivobook_ASUSLaptop X15044ZA_X1504ZA","ASUS","Laptop convencional","2","15.6""","No","12th Gen Intel(R) Core(TM) i5-1235U","Gama Media (Intel Core i5, Core Ultra 5, AMD Ryzen 5, Apple M1/M2/M3 base)","12","Intel(R) lris(R) Xe Graphincs","Unidad de Estado Sólido (SSD)","3.8","Google Chrome;Microsoft Edge;Spotify;WhatsApp;Discord;Steam;Epic Games Launcher;Minecraft;Roblox","PyCharm;Microsoft Word;Microsoft Excel;Microsoft PowerPoint;Zoom","45","Todos los dias","2","4","3","5","La mantengo conectada","MATLAB, Python / Entornos IDE (VS Code, PyCharm)","3","4","4","3","Sobrecalentamiento térmico del equipo"
"2026/09/16 10:07:24 a.m. GMT-5","Grupo 4","Ingeniería Mecatrónica","2","6 ","14","3 (Neutral)","Acer Nitro ANV15-52","Acer","Laptop convencional","0","15.6""","Sí","13th Gen Inter(R) Core(TM) i9 - 13900H ","Gama Alta (Intel Core i7/i9, Core Ultra 7/9, AMD Ryzen 7/9, Apple Pro/Max)","32 ","NVIDIA GeForce RTX 5060 Laptop GPU","Unidad de Estado Sólido (SSD)","14.3","Google Chrome;Microsoft Edge;Spotify;Steam;Roblox","PyCharm;Autodesk Inventor;Microsoft Word;Microsoft Excel;Microsoft PowerPoint;Adobe Acrobat Reader;Zoom","120 ","5 ","5","5","3 ","150","Más de 3","Ninguno","4","25","4","2","Saturación de RAM / Ralentización"
"2026/09/16 10:07:34 a.m. GMT-5","Grupo 4","Administración y Negocios Digitales","5","5","16","3 (Neutral)","Lenovo 20R9","Lenovo","Laptop convencional","6 ","13.3"" o menor","Sí","Intel(R) Core(TM) i7 -8565U CPU @ 1.80GHz","Gama Alta (Intel Core i7/i9, Core Ultra 7/9, AMD Ryzen 7/9, Apple Pro/Max)","16","Intel(R) UHD Graphics 620","Unidad de Estado Sólido (SSD)","6.4","Google Chrome","Visual Studio Code;IntelliJ IDEA;Microsoft Word;Microsoft Excel;Microsoft PowerPoint","150","4","2","2","5","60","La mantengo conectada","Autodesk (Fusion 360, AutoCAD, Revit)","1","3","3","1","Agotamiento acelerado de batería"
"2026/09/16 10:09:42 a.m. GMT-5","Grupo 4","Ingeniería Ambiental","9","5","15","4 (Satisfecho)","HP ZBook Firefly","HP","Laptop convencional","2","16"" o mayor","Sí","Intel","Gama Alta (Intel Core i7/i9, Core Ultra 7/9, AMD Ryzen 7/9, Apple Pro/Max)","12","NVIDIA T550","Unidad de Estado Sólido (SSD)","3.5","Google Chrome;Spotify;WhatsApp","Visual Studio Code;Jupyter Notebook;MATLAB;RStudio;GeoGebra;AutoCAD;SolidWorks;Autodesk Inventor;ArcGIS;Microsoft Word;Microsoft Excel;Microsoft PowerPoint;Microsoft OneNote;Adobe Acrobat Reader;Microsoft Teams;Zoom","120","5","5","4","8","240","2","Autodesk (Fusion 360, AutoCAD, Revit)","2","10","3","0","Sobrecalentamiento térmico del equipo"
"2026/09/16 10:09:58 a.m. GMT-5","Grupo 4","Bioingeniería","8","5","12.89","3 (Neutral)","HP ProBook 450 GB Notebook ","HP","Laptop convencional","4","14.0""","No","Intel (R)","Gama Alta (Intel Core i7/i9, Core Ultra 7/9, AMD Ryzen 7/9, Apple Pro/Max)","16","GPU 0","Unidad de Estado Sólido (SSD)","4.6","Google Chrome;Microsoft Edge;WhatsApp;Discord;Steam;Epic Games Launcher","PyCharm;MATLAB;RStudio;Wolfram Mathematica;AutoCAD;Autodesk Inventor;Microsoft Word;Microsoft Excel;Microsoft PowerPoint;Microsoft OneNote;Microsoft Teams;Zoom","180","3","2","4","5.5","150","2","Autodesk (Fusion 360, AutoCAD, Revit)","2","6","3","1","Agotamiento acelerado de batería"
"2026/09/16 10:19:15 a.m. GMT-5","Grupo 4","Administración y Negocios Digitales","2","6","14.5","4 (Satisfecho)","System SKU	LENOVO_MT_82XF_BU_idea_FM_IdeaPad Slim 5 16IRL8","Lenovo","Convertible 2 en 1 (Pantalla táctil/giratoria 360°)","1","16"" o mayor","Sí","Intel Iris ","Gama Alta (Intel Core i7/i9, Core Ultra 7/9, AMD Ryzen 7/9, Apple Pro/Max)","16","Intel Iris","Unidad de Estado Sólido (SSD)","7","Google Chrome;Microsoft Edge;Spotify;WhatsApp;Discord;Counter-Strike 2;Roblox","PyCharm;AutoCAD;Microsoft Word;Microsoft Excel;Microsoft PowerPoint;Zoom","60","4","4","4","2 ","180","1","MATLAB, Python / Entornos IDE (VS Code, PyCharm)","3","20","4","0","No experimento interrupciones con mi laptop"
"2026/09/16 10:25:33 a.m. GMT-5","Grupo 4","Ciencias de la Computación","3","5","8.5","1 (Muy insatisfecho)","LENOVO_MT_83DV_BU_idea_FM_LOQ 15IRX9","Lenovo","Laptop convencional","1","14.0""","Sí","Intel","Gama Alta (Intel Core i7/i9, Core Ultra 7/9, AMD Ryzen 7/9, Apple Pro/Max)","16","NVIDIA 4050","Unidad de Estado Sólido (SSD)","6.6","Google Chrome;Spotify;Epic Games Launcher;Fortnite","PyCharm;MATLAB;Zoom","240","Diariamente ","5","5","4","90","La mantengo conectada","Ninguno","3","5","5","0","No experimento interrupciones con mi laptop"
"2026/09/16 10:26:37 a.m. GMT-5","Grupo 5","Bioingeniería","2","6","14.7","1 (Muy insatisfecho)","Macbook Air M1 2021","Apple (MacBook)","Laptop convencional","5","13.3"" o menor","Sí","M1 apple","Gama Media (Intel Core i5, Core Ultra 5, AMD Ryzen 5, Apple M1/M2/M3 base)","8","integrada","Unidad de Estado Sólido (SSD)","1","Google Chrome;Spotify;WhatsApp;Discord;Steam;Minecraft;Roblox","PyCharm;MATLAB;Zoom","120","5","5","4","5","120","1","MATLAB, Python / Entornos IDE (VS Code, PyCharm)","3","4","4","2","Saturación de RAM / Ralentización"
"2026/09/16 10:39:54 a.m. GMT-5","Grupo 4","Ingeniería Mecatrónica","9","5","12","2 (Insatisfecho)","Nitro ANS515-57","Acer","Laptop convencional","3","15.6""","Sí","INTEL","Gama Media (Intel Core i5, Core Ultra 5, AMD Ryzen 5, Apple M1/M2/M3 base)","16","Intel UHD Graphics","Unidad de Estado Sólido (SSD)","4.7","Google Chrome;WhatsApp;Discord;Steam;Epic Games Launcher;Roblox","MATLAB;RStudio;AutoCAD;SolidWorks;Microsoft Teams;Zoom","120","4","3","4","4","120","2","MATLAB, Python / Entornos IDE (VS Code, PyCharm)","6","3","4","1","Saturación de RAM / Ralentización"
"2026/09/16 10:41:38 a.m. GMT-5","Grupo 4","Ingeniería Industrial","4","7","14","2 (Insatisfecho)","Nitro An515-55","Acer","Laptop convencional","2","14.0""","Sí","Intel core i5 10300","Gama Media (Intel Core i5, Core Ultra 5, AMD Ryzen 5, Apple M1/M2/M3 base)","32","Nvidia RTX 3050","Unidad de Estado Sólido (SSD)","13.2","Google Chrome;Microsoft Edge;Spotify;WhatsApp;Discord;Steam;Epic Games Launcher;Minecraft;Valorant;League of Legends;Fortnite;Roblox","PyCharm;MATLAB;RStudio;GeoGebra;AutoCAD;Microsoft Word;Microsoft Excel","3 ","5","3","4","2","150","2","Autodesk (Fusion 360, AutoCAD, Revit)","2","7","3","0","Agotamiento acelerado de batería"
"2026/09/16 10:41:43 a.m. GMT-5","Grupo 4","Ingeniería Mecánica","4","6","15.67","3 (Neutral)","Macbook M2 2022","Apple (MacBook)","Laptop convencional","2 ","14.0""","Sí","Apple","Gama Media (Intel Core i5, Core Ultra 5, AMD Ryzen 5, Apple M1/M2/M3 base)","494","GPO 0","Disco Duro Mecánico (HDD)","337","Google Chrome;Spotify;WhatsApp;Discord;Epic Games Launcher","PyCharm;MATLAB;RStudio;GeoGebra;Microsoft Word;Microsoft Excel;Microsoft PowerPoint;Zoom","120","4 días ","4","5","6.5","6","1","Navegador web (Múltiples pestañas de estudio abiertas)","1","4","4","0","Saturación de RAM / Ralentización"
"2026/09/16 10:55:42 a.m. GMT-5","Grupo 4","Ingeniería Industrial","2","6","11.6","4 (Satisfecho)","Huawei matebook D14 NBD-WXX9","Otra","Laptop convencional","3 ","14.0""","Sí","11th Gen Intel(R) Core(TM) i3-1115G4 @ 3.00GHz","Gama Baja (Intel Core i3, AMD Ryzen 3, Celeron, Pentium)","8.0","Intel(R) UHD Graphics","Unidad de Estado Sólido (SSD)","1.0","Google Chrome;Spotify","MATLAB;GeoGebra;Microsoft Word;Microsoft Excel;Zoom","45","6 ","4","4","14","180","1","MATLAB, Python / Entornos IDE (VS Code, PyCharm)","3","2","4","0","Saturación de RAM / Ralentización"
"2026/09/16 12:03:19 p.m. GMT-5","Grupo 4","Ingeniería Electrónica","3","5","15.6","3 (Neutral)","Windows","ASUS","Laptop convencional","1","15.6""","No","AMD RYZEN","Gama Media (Intel Core i5, Core Ultra 5, AMD Ryzen 5, Apple M1/M2/M3 base)","16","AMD RADEON ","Unidad de Estado Sólido (SSD)","7.5","Google Chrome;WhatsApp;Discord;Steam;Epic Games Launcher","PyCharm;MATLAB;RStudio;Microsoft Word;Microsoft Excel;Microsoft PowerPoint;Zoom","60","5","2","5","2.5","150","La mantengo conectada","Navegador web (Múltiples pestañas de estudio abiertas)","4","2","4","1","Sobrecalentamiento térmico del equipo"
"2026/09/16 12:06:41 p.m. GMT-5","Grupo 5","Ingeniería Mecatrónica","4","5","11.7","2 (Insatisfecho)","Inspiron 145000 2-in-1","Dell","Convertible 2 en 1 (Pantalla táctil/giratoria 360°)","5","14.0""","Sí","11th Gen Intel(R) Core(TM) i5-1135G7","Gama Media (Intel Core i5, Core Ultra 5, AMD Ryzen 5, Apple M1/M2/M3 base)","8","Intel(R) Iris(R) Xe Graphics","Unidad de Estado Sólido (SSD)","1","Google Chrome;Microsoft Edge;Spotify;WhatsApp;Discord;Steam","MATLAB;Zoom","2","1","3","4","4","120","Más de 3","Ninguno","2","3","4","0","No experimento interrupciones con mi laptop"
"2026/09/16 1:07:21 p.m. GMT-5","Grupo 7","Ciencias de la Computación","4","4","15","3 (Neutral)","Windows","Lenovo","Laptop convencional","3","14.0""","Sí","Gen","Gama Media (Intel Core i5, Core Ultra 5, AMD Ryzen 5, Apple M1/M2/M3 base)","16","Envidia","Unidad de Estado Sólido (SSD)","3","Google Chrome;Microsoft Edge;Spotify;WhatsApp;Discord;Steam;Epic Games Launcher;League of Legends;Roblox","Visual Studio Code;IntelliJ IDEA;Zoom","4","5","1","4","6","1","La mantengo conectada","Ninguno","5","3","4","1","Agotamiento acelerado de batería"
"2026/09/16 1:08:33 p.m. GMT-5","Grupo 7","Ingeniería Mecatrónica","4","6","18","4 (Satisfecho)","Macbook M2 2022","Apple (MacBook)","Laptop convencional","2","14.0""","Sí","Apple","Gama Media (Intel Core i5, Core Ultra 5, AMD Ryzen 5, Apple M1/M2/M3 base)","8","Integrada","Unidad de Estado Sólido (SSD)","5.3","Google Chrome;WhatsApp;Discord;Steam","MATLAB;RStudio;Microsoft Word;Zoom","63","0","3","4","1.5","250","1","Ninguno","3","4","4","0","No experimento interrupciones con mi laptop"
"2026/09/16 1:08:42 p.m. GMT-5","Grupo 7","Ingeniería Mecatrónica","4","5","14","4 (Satisfecho)","Asus","ASUS","Laptop convencional","1","15.6""","No",".","Gama Alta (Intel Core i7/i9, Core Ultra 7/9, AMD Ryzen 7/9, Apple Pro/Max)","167","67","Unidad de Estado Sólido (SSD)","67","Google Chrome;Microsoft Edge;Spotify;WhatsApp;Discord;Steam;Epic Games Launcher;Minecraft;Valorant;Roblox","PyCharm;MATLAB;RStudio;ArcGIS;Microsoft Word;Microsoft Excel;Microsoft PowerPoint;Microsoft OneNote;Adobe Acrobat Reader;Microsoft Teams;Zoom","1","5","2","3","6","40","La mantengo conectada","MATLAB, Python / Entornos IDE (VS Code, PyCharm)","1","0","4","0","Agotamiento acelerado de batería"
"2026/09/16 2:10:15 p.m. GMT-5","Grupo 5","Ingeniería Mecánica","3","6","16.68","1 (Muy insatisfecho)","MacBook Pro 13-inch, 2019","Apple (MacBook)","Laptop convencional","4","13.3"" o menor","Sí","intel","Gama Media (Intel Core i5, Core Ultra 5, AMD Ryzen 5, Apple M1/M2/M3 base)","8","Intel Iris Plus Graphics 645","Unidad de Estado Sólido (SSD)","2.65","Spotify;WhatsApp","PyCharm;MATLAB;RStudio;GeoGebra;Microsoft Word;Microsoft Excel;Zoom","4","5","4","4","8","5","La mantengo conectada","Ninguno","2","4","4","1","Sobrecalentamiento térmico del equipo"
"2026/09/16 2:29:33 p.m. GMT-5","Grupo 2","Ciencias de la Computación","4","4","12.7","3 (Neutral)"," ASUS TUF Gaming F15 FX507ZC4_FX507ZC4","ASUS","Laptop convencional","1","15.6""","Sí","12th Gen Intel(R) Core(TM) i7-12700H","Gama Alta (Intel Core i7/i9, Core Ultra 7/9, AMD Ryzen 7/9, Apple Pro/Max)","16"," NVIDIA GeForce RTX 3050 Laptop GPU","Unidad de Estado Sólido (SSD)","3.9","Google Chrome;Microsoft Edge;WhatsApp;Minecraft","PyCharm;MATLAB;GeoGebra;Microsoft Word;Microsoft Excel;Microsoft PowerPoint;Zoom","120","4","3","4","3","150","La mantengo conectada","MATLAB, Python / Entornos IDE (VS Code, PyCharm)","4","2","4","0","No experimento interrupciones con mi laptop"
"2026/09/16 3:38:20 p.m. GMT-5","Grupo 3","Ciencias de la Computación","4","6","16","4 (Satisfecho)","DELL G15 5520","Dell","Laptop convencional","4","15.6""","Sí","12th Gen Intel(R) Core(TM) i7-12700H","No lo sé","16","NVIDIA GeForce RTX 3060 ","Unidad de Estado Sólido (SSD)","1.5","Google Chrome;Microsoft Edge;Discord;Steam;Minecraft;Roblox","IntelliJ IDEA;PyCharm;MATLAB;RStudio;Zoom","300","4","4","4","3","150","2","Autodesk (Fusion 360, AutoCAD, Revit)","7","3","4","1","Agotamiento acelerado de batería"
"2026/09/16 4:12:16 p.m. GMT-5","Grupo 5","Ingeniería Electrónica","4","6","15.17","2 (Insatisfecho)","Lenovo idea Pad 3","Lenovo","Laptop convencional","4","15.6""","No","Intel (R) Core (TM) i5-10210U CPU @ 1.60GHz","Gama Media (Intel Core i5, Core Ultra 5, AMD Ryzen 5, Apple M1/M2/M3 base)","12.0","Intel (R) UHD Graphics","Unidad de Estado Sólido (SSD)","3.6 ","Google Chrome;Microsoft Edge;WhatsApp;Steam","MATLAB;RStudio;GeoGebra;Microsoft Word;Microsoft Excel;Microsoft PowerPoint;Zoom","60 ","6","1","3","6","150","Más de 3","MATLAB, Python / Entornos IDE (VS Code, PyCharm)","5","3","4","1","Saturación de RAM / Ralentización"
"2026/09/16 5:14:22 p.m. GMT-5","Grupo 4","Ciencia de Datos e Inteligencia Artificial","7","5","14.4","4 (Satisfecho)","LENOVO_MT_83DG_BU_idea_FM_Legion 5 16IRX9","Lenovo","Laptop convencional","1","16"" o mayor","Sí","Intel","Gama Alta (Intel Core i7/i9, Core Ultra 7/9, AMD Ryzen 7/9, Apple Pro/Max)","16","NVIDIA GeForce RTX 4070 Laptop GPU","Unidad de Estado Sólido (SSD)","4.3","Google Chrome;Microsoft Edge;Spotify;WhatsApp;Discord;Steam;Minecraft;Roblox","Visual Studio Code;PyCharm;Jupyter Notebook;RStudio;Microsoft Word;Microsoft Excel;Microsoft PowerPoint;Adobe Acrobat Reader;Microsoft Teams;Zoom","90","5","3","5","6","120","La mantengo conectada","Ninguno","5","7","5","0","No experimento interrupciones con mi laptop"
"2026/09/16 5:15:26 p.m. GMT-5","Grupo 4","Ingeniería Mecatrónica","4","7","13","3 (Neutral)","Dell ","Dell","Convertible 2 en 1 (Pantalla táctil/giratoria 360°)","1","14.0""","Sí","11th Gen inter(R) core(TM) i7-1185G7","Gama Alta (Intel Core i7/i9, Core Ultra 7/9, AMD Ryzen 7/9, Apple Pro/Max)","16","Intel(R) iris(R) Xe Graphics ","Unidad de Estado Sólido (SSD)","8","Google Chrome;Microsoft Edge;WhatsApp;Discord;Steam;Epic Games Launcher","Visual Studio Code;PyCharm;MATLAB;RStudio;AutoCAD;Autodesk Inventor;Microsoft Word;Microsoft Excel;Microsoft PowerPoint;Adobe Acrobat Reader;Zoom","45","4","4","4","3","180","2","Ninguno","2","4","4","0","No experimento interrupciones con mi laptop"
"2026/09/16 5:26:04 p.m. GMT-5","Grupo 4","Ingeniería de la Energía","3","5","10.1","2 (Insatisfecho)","Lenovo ","HP","Otro","1 ","16"" o mayor","Sí","12","Gama Alta (Intel Core i7/i9, Core Ultra 7/9, AMD Ryzen 7/9, Apple Pro/Max)","16.0","GPU","Unidad de Estado Sólido (SSD)","5.6","Google Chrome;Microsoft Edge;Spotify;WhatsApp;Minecraft;Roblox","Visual Studio Code;Visual Studio;RStudio;GeoGebra;AutoCAD;ArcGIS;Microsoft Word;Microsoft Excel","8","4","4","5","4","3","2","Software de Análisis de Datos (RStudio, PowerBI)","6","4","1","7","Sobrecalentamiento térmico del equipo"
"2026/09/16 5:27:33 p.m. GMT-5","Grupo 4","Ingeniería Electrónica","1","5","15","4 (Satisfecho)","Windows","HP","Laptop convencional","2","15.6""","No","12th Gen Intel Core i5","Gama Media (Intel Core i5, Core Ultra 5, AMD Ryzen 5, Apple M1/M2/M3 base)","8","NVIDiA","Unidad de Estado Sólido (SSD)","2","Google Chrome;Microsoft Edge;Spotify;WhatsApp;Discord;Steam;Epic Games Launcher","MATLAB;RStudio;GeoGebra;AutoCAD;Autodesk Inventor;Microsoft Word;Microsoft Excel;Microsoft PowerPoint;Microsoft Teams;Zoom","50","3","3","3","2","100","Más de 3","MATLAB, Python / Entornos IDE (VS Code, PyCharm)","2","5","3","1","Agotamiento acelerado de batería"
"2026/09/16 5:28:03 p.m. GMT-5","Grupo 4","Ingeniería Mecatrónica","7","6","13","3 (Neutral)","Nitro","Acer","Laptop convencional","1","16"" o mayor","Sí","Intel core","Gama Media (Intel Core i5, Core Ultra 5, AMD Ryzen 5, Apple M1/M2/M3 base)","16","Gpu1","Unidad de Estado Sólido (SSD)","2","Google Chrome","Microsoft Excel","3","7","4","4","4","3","3","MATLAB, Python / Entornos IDE (VS Code, PyCharm)","4","4","4","0","No experimento interrupciones con mi laptop"
"2026/09/16 5:29:11 p.m. GMT-5","Grupo 4","Ingeniería Mecatrónica","2","7","14.8","3 (Neutral)","Lenovo","Lenovo","Laptop convencional","4","14.0""","No","12 th Intel(R) Core TM i5 12500H","Gama Media (Intel Core i5, Core Ultra 5, AMD Ryzen 5, Apple M1/M2/M3 base)","24","Intel(R) Iris R Xe Graphics","Disco Duro Mecánico (HDD)","7.1","Google Chrome;Microsoft Edge;Spotify;WhatsApp;Discord;Epic Games Launcher;Minecraft;Fortnite","Visual Studio Code;PyCharm;MATLAB;AutoCAD;Microsoft Excel;Zoom","60","5","3","3","3.5","240","2","Autodesk (Fusion 360, AutoCAD, Revit)","3","3","3","1","Saturación de RAM / Ralentización"
"2026/09/16 5:29:18 p.m. GMT-5","Grupo 4","Bioingeniería","2","7","12","1 (Muy insatisfecho)","Lenovo Slim 7i","Lenovo","Laptop convencional","0","13.3"" o menor","Sí","Ultra 7","Gama Alta (Intel Core i7/i9, Core Ultra 7/9, AMD Ryzen 7/9, Apple Pro/Max)","32","NVIDIA","Disco Duro Mecánico (HDD)","10","Google Chrome;Microsoft Edge;Spotify;WhatsApp;Discord;Steam;Minecraft","PyCharm;Microsoft Word;Microsoft Excel;Microsoft PowerPoint;Zoom","120","2 o 3","4","5","2","180","2","Ninguno","1","5","5","0","No experimento interrupciones con mi laptop"
"2026/09/16 5:31:02 p.m. GMT-5","Grupo 4","Ingeniería Industrial","7","4","15.7","5 (Muy satisfecho)","HP ProBook 440 G3","HP","Convertible 2 en 1 (Pantalla táctil/giratoria 360°)","5","14.0""","Sí","Intel","Gama Alta (Intel Core i7/i9, Core Ultra 7/9, AMD Ryzen 7/9, Apple Pro/Max)","8","Integrada","Unidad de Estado Sólido (SSD)","2.6","Google Chrome;Microsoft Edge;Spotify;Discord","MATLAB;RStudio;Microsoft Word;Microsoft Excel;Microsoft PowerPoint;Adobe Acrobat Reader;Zoom","45","4","3","4","6","150","3","Navegador web (Múltiples pestañas de estudio abiertas)","4","3","3","0","No experimento interrupciones con mi laptop"
"2026/09/16 5:31:31 p.m. GMT-5","Grupo 4","Ingeniería Mecatrónica","2","6","15.7","4 (Satisfecho)","TP410U notebook PC","ASUS","Convertible 2 en 1 (Pantalla táctil/giratoria 360°)","2","15.6""","No","Intel (R) Corr (TM) i5-8250U CPU @1.60GHz","Gama Media (Intel Core i5, Core Ultra 5, AMD Ryzen 5, Apple M1/M2/M3 base)","8","GPU 0","Unidad de Estado Sólido (SSD)","1.8","Google Chrome;Microsoft Edge;Spotify;WhatsApp;Discord;Epic Games Launcher;Roblox","PyCharm;MATLAB;GeoGebra;AutoCAD;Microsoft Word;Microsoft Excel;Microsoft PowerPoint;Microsoft OneNote;Zoom","120","2","1","4","3.5","150","La mantengo conectada","Autodesk (Fusion 360, AutoCAD, Revit)","2","5","4","0","Saturación de RAM / Ralentización"
"2026/09/16 5:32:01 p.m. GMT-5","Grupo 4","Ingeniería Industrial","6","6","14.7","1 (Muy insatisfecho)","Lenovo LOQ 15IAX9 15.6"" FHD Intel Core i5-12450HX 8GB 512GB SSD NVIDIA GeForce RTX3050 6GB Windows 11","Lenovo","Laptop convencional","1","15.6""","Sí","Intel","Gama Media (Intel Core i5, Core Ultra 5, AMD Ryzen 5, Apple M1/M2/M3 base)","8","Nvidia ","Disco Duro Mecánico (HDD)","3.1","Google Chrome;Microsoft Edge;WhatsApp;Discord;Steam;Epic Games Launcher;Dota 2","Visual Studio Code;Visual Studio;PyCharm;MATLAB;RStudio;Microsoft Word;Microsoft Excel;Microsoft PowerPoint;Microsoft OneNote;Adobe Acrobat Reader;Microsoft Teams;Zoom","50","5","5","5","4","200","2","Software de Análisis de Datos (RStudio, PowerBI)","4","5","5","0","No experimento interrupciones con mi laptop"
"2026/09/16 5:33:54 p.m. GMT-5","Grupo 4","Ingeniería Industrial","7","5","15.2","4 (Satisfecho)","Lenovo IdeaPad Gaming 3 15IUH6","Lenovo","Laptop convencional","3","15.6""","Sí","11th Gen Intel core i5","Gama Media (Intel Core i5, Core Ultra 5, AMD Ryzen 5, Apple M1/M2/M3 base)","8","GPU ","Unidad de Estado Sólido (SSD)","0.708","Google Chrome;Microsoft Edge;WhatsApp;Discord;Epic Games Launcher;Roblox;EA Sports FC","Visual Studio Code;Visual Studio;RStudio;Microsoft Word;Microsoft Excel;Microsoft PowerPoint;Microsoft OneNote;Adobe Acrobat Reader;Microsoft Teams;Zoom","120","6","3","3","5","120","3","Autodesk (Fusion 360, AutoCAD, Revit)","7","5","4","0","No experimento interrupciones con mi laptop"
"2026/09/16 5:43:32 p.m. GMT-5","Grupo 4","Ingeniería Mecatrónica","6","4","15.1","4 (Satisfecho)","Hp spectre ","HP","Convertible 2 en 1 (Pantalla táctil/giratoria 360°)","2","13.3"" o menor","Sí","CoreI5 intel","Gama Media (Intel Core i5, Core Ultra 5, AMD Ryzen 5, Apple M1/M2/M3 base)","16","GPU 0","Unidad de Estado Sólido (SSD)","4","WhatsApp;Discord;Steam;Minecraft;Valorant","PyCharm;MATLAB;RStudio;AutoCAD;SolidWorks;Autodesk Inventor;Microsoft Word;Microsoft Excel;Microsoft PowerPoint;Microsoft OneNote;Zoom","1","Todos ","3","3","3","1440","1","Simuladores de electrónica (Proteus, Multisim, LTspice)","6","3","4","13","Saturación de RAM / Ralentización"
"2026/09/16 5:54:17 p.m. GMT-5","Grupo 4","Ciencias de la Computación","4","7","17.4","1 (Muy insatisfecho)","Hp envy x360 2in1 Laptop 15","HP","Convertible 2 en 1 (Pantalla táctil/giratoria 360°)","2","14.0""","Sí","Intel ","Gama Alta (Intel Core i7/i9, Core Ultra 7/9, AMD Ryzen 7/9, Apple Pro/Max)","16","Intel R graphics","Unidad de Estado Sólido (SSD)","1.6","Google Chrome;Microsoft Edge;Spotify;WhatsApp;Discord;Steam;Epic Games Launcher","Visual Studio Code;Visual Studio;IntelliJ IDEA;PyCharm;Android Studio;Eclipse;MATLAB;RStudio;Wolfram Mathematica;GeoGebra;AutoCAD;Autodesk Inventor;Microsoft Word;Microsoft Excel;Microsoft PowerPoint;Microsoft OneNote;Adobe Acrobat Reader;Microsoft Teams;Zoom","320","6","4","4","15","180","2","Otro","7","6","4","0","No experimento interrupciones con mi laptop"
"2026/09/16 5:54:44 p.m. GMT-5","Grupo 4","Ciencias de la Computación","4","5","13.9","4 (Satisfecho)","Lenovo LOQ 15iax9","Lenovo","Laptop convencional","1","15.6""","Sí","Intel","Gama Media (Intel Core i5, Core Ultra 5, AMD Ryzen 5, Apple M1/M2/M3 base)","8","Rtx 3050","Unidad de Estado Sólido (SSD)","7.4","Microsoft Edge;Spotify;WhatsApp;Discord;Steam;Epic Games Launcher;Minecraft;Fortnite;Roblox","Visual Studio Code;Visual Studio;IntelliJ IDEA;PyCharm;Android Studio;MATLAB;RStudio;Zoom","2","4","3","4","7","120","2","MATLAB, Python / Entornos IDE (VS Code, PyCharm)","4","4","4","2","Saturación de RAM / Ralentización"
"2026/09/16 5:57:13 p.m. GMT-5","Grupo 2","Ingeniería Mecatrónica","7","5","17","1 (Muy insatisfecho)","Lenovo v14 alc","Lenovo","Laptop convencional","6","13.3"" o menor","No","Rizen 3","Gama Baja (Intel Core i3, AMD Ryzen 3, Celeron, Pentium)","12 ","0","Unidad de Estado Sólido (SSD)","97655433 ","Microsoft Edge;Mozilla Firefox;Spotify;Discord;Minecraft;League of Legends;Counter-Strike 2;Dota 2;Roblox;GTA V;EA Sports FC","Visual Studio;PyCharm;Eclipse;Jupyter Notebook;RStudio;Wolfram Mathematica;GeoGebra;ArcGIS;Microsoft OneNote","67","67","1","1","67","67","Más de 3","MATLAB, Python / Entornos IDE (VS Code, PyCharm)","76","76","4","9853","Sobrecalentamiento térmico del equipo"
"2026/09/16 5:57:45 p.m. GMT-5","Grupo 2","Bioingeniería","8","5","14.8","3 (Neutral)","Acer 3 ","Acer","Laptop convencional","4","14.0""","No","Intel","Gama Media (Intel Core i5, Core Ultra 5, AMD Ryzen 5, Apple M1/M2/M3 base)","6798","Nvidiacricri","Disco Duro Mecánico (HDD)","5.4","Google Chrome;WhatsApp;Discord","PyCharm;MATLAB;RStudio;SolidWorks;Autodesk Inventor;Microsoft Excel","2 ","6","3","3","6","2","2","Autodesk (Fusion 360, AutoCAD, Revit)","3","3","4","0","No experimento interrupciones con mi laptop"
"2026/09/16 5:57:55 p.m. GMT-5","Grupo 2","Ingeniería Electrónica","3","6","11.4","4 (Satisfecho)","Acer predator helios neo 14","Acer","Laptop convencional","1","14.0""","Sí","Inte core ultra 7 155H","Gama Alta (Intel Core i7/i9, Core Ultra 7/9, AMD Ryzen 7/9, Apple Pro/Max)","16","RTX4070","Unidad de Estado Sólido (SSD)","3.3","Google Chrome;Microsoft Edge;Spotify;Discord;Steam;Epic Games Launcher;Minecraft;Fortnite;Roblox","Visual Studio Code;MATLAB;Autodesk Inventor;Microsoft Word;Microsoft Excel;Zoom","3 ","6","3","5","4","180","La mantengo conectada","Ninguno","3","3","5","0","No experimento interrupciones con mi laptop"
"2026/09/16 5:58:18 p.m. GMT-5","Grupo 2","Ingeniería Civil","7","6","14.60","1 (Muy insatisfecho)","Victus 15-fa1093dx, ASUS TUF Gaming F15","HP","Laptop convencional","4","15.6""","Sí","Intel","Gama Media (Intel Core i5, Core Ultra 5, AMD Ryzen 5, Apple M1/M2/M3 base)","8"," NVIDIA GeForce RTX 3060 Laptop GPU) ","Unidad de Estado Sólido (SSD)","3","Google Chrome;Microsoft Edge;WhatsApp;Discord;Steam","PyCharm;MATLAB;AutoCAD;Microsoft Excel","360","4","4","4","4","3","2","MATLAB, Python / Entornos IDE (VS Code, PyCharm)","2","4","4","1","Saturación de RAM / Ralentización"
"2026/09/16 5:59:59 p.m. GMT-5","Grupo 2","Sistemas de Información","5","5","13.2","3 (Neutral)","Nitro ANV15-51","Otra","Laptop convencional","2","14.0""","Sí","13th Gen Intel Core i5-13420H","Gama Media (Intel Core i5, Core Ultra 5, AMD Ryzen 5, Apple M1/M2/M3 base)","16 ","NVIDIA GeForce RTX 3060 Laptop GPU","Unidad de Estado Sólido (SSD)","2.8","Google Chrome;Spotify;WhatsApp;Discord;Valorant","Visual Studio Code;Visual Studio;PyCharm;Jupyter Notebook;MATLAB;Microsoft Word;Microsoft Excel;Microsoft PowerPoint","13","3","4","3","6","100","1","Simuladores de electrónica (Proteus, Multisim, LTspice)","4","4","4","2","Sobrecalentamiento térmico del equipo"
"2026/09/16 6:00:11 p.m. GMT-5","Grupo 2","Ingeniería Mecánica","3","5","12.45","3 (Neutral)","Tuf f 15","ASUS","Laptop convencional","4","16"" o mayor","Sí","Intel","Gama Alta (Intel Core i7/i9, Core Ultra 7/9, AMD Ryzen 7/9, Apple Pro/Max)","8","8","Unidad de Estado Sólido (SSD)","8","Google Chrome;Microsoft Edge;Mozilla Firefox;Spotify;WhatsApp;Discord;Steam;Epic Games Launcher;Fortnite;GTA V","Visual Studio Code;Visual Studio;IntelliJ IDEA;PyCharm;Android Studio;Jupyter Notebook;MATLAB;RStudio;Wolfram Mathematica;GeoGebra;AutoCAD;SolidWorks;Autodesk Inventor","60","4","4","4","4","3","La mantengo conectada","Ninguno","3","3","5","0","Saturación de RAM / Ralentización"
"2026/09/16 6:01:46 p.m. GMT-5","Grupo 5","Ciencia de Datos e Inteligencia Artificial","4","6","13.2","1 (Muy insatisfecho)","Acer Nitro AN515-46","Acer","Laptop convencional","2","15.6""","Sí","AMD Ryzen 7 6800H with Radeon Graphics","Gama Alta (Intel Core i7/i9, Core Ultra 7/9, AMD Ryzen 7/9, Apple Pro/Max)","16","NVIDIA GeForce RTX 3050 Laptop GPU","Unidad de Estado Sólido (SSD)","850","Google Chrome;Microsoft Edge;Roblox","Visual Studio Code;Visual Studio;IntelliJ IDEA;PyCharm;MATLAB;RStudio;Autodesk Inventor;Microsoft Word;Microsoft Excel;Microsoft PowerPoint;Adobe Acrobat Reader;Microsoft Teams;Zoom","6","Los 5 días ","2","2","15.3","1 ","Más de 3","Ninguno","4","32","3","0","No experimento interrupciones con mi laptop"
"2026/09/16 6:04:10 p.m. GMT-5","Grupo 4","Ciencias de la Computación","6","5","14.6","4 (Satisfecho)","Asus 515x","ASUS","Laptop convencional","4","14.0""","No","Intel","Gama Baja (Intel Core i3, AMD Ryzen 3, Celeron, Pentium)","8","Intel Graphics","Unidad de Estado Sólido (SSD)","3.4","Google Chrome;Microsoft Edge;Spotify;WhatsApp;Discord;Steam;Epic Games Launcher;Minecraft;Valorant;League of Legends;Dota 2;Fortnite;EA Sports FC","Visual Studio Code;Visual Studio;IntelliJ IDEA;Jupyter Notebook;MATLAB;RStudio;GeoGebra;Microsoft Word;Microsoft Excel;Microsoft PowerPoint;Microsoft OneNote;Microsoft Teams","3","5","5","5","2","180","2","MATLAB, Python / Entornos IDE (VS Code, PyCharm)","5","6","3","0","Agotamiento acelerado de batería"
"2026/09/16 6:04:38 p.m. GMT-5","Grupo 2","Bioingeniería","8","5","16.3","4 (Satisfecho)","Optiplex AIO Plus 7420","Otra","Otro","5","16"" o mayor","No","Optiplex AIO Plus 7420","Gama Alta (Intel Core i7/i9, Core Ultra 7/9, AMD Ryzen 7/9, Apple Pro/Max)","16","AMD Radeon ","Unidad de Estado Sólido (SSD)","15.7","Google Chrome","PyCharm;MATLAB;GeoGebra;SolidWorks","60","Todos los dias","3","5","5","2","2","Autodesk (Fusion 360, AutoCAD, Revit)","5","4","4","3","Saturación de RAM / Ralentización"
"2026/09/16 6:05:31 p.m. GMT-5","Grupo 4","Bioingeniería","4","6","15.90","4 (Satisfecho)","Lenovo Legion 5","Lenovo","Laptop convencional","1","15.6""","Sí","Core i9","Gama Alta (Intel Core i7/i9, Core Ultra 7/9, AMD Ryzen 7/9, Apple Pro/Max)","32","Nvidia RTX 5060","Unidad de Estado Sólido (SSD)","20.1","Google Chrome;Microsoft Edge;Spotify;WhatsApp;Discord;Steam;Epic Games Launcher;Minecraft;Valorant;League of Legends;Fortnite;Roblox;GTA V;EA Sports FC","MATLAB;GeoGebra;Microsoft Word;Microsoft Excel;Microsoft PowerPoint;Adobe Acrobat Reader;Zoom","180","5","4","4","5","150","3","MATLAB, Python / Entornos IDE (VS Code, PyCharm)","3","4","4","0","No experimento interrupciones con mi laptop"
"2026/09/16 6:09:01 p.m. GMT-5","Grupo 4","Ciencias de la Computación","6","6","13","2 (Insatisfecho)","Asus expertbook ","ASUS","Laptop convencional","0 ","15.6""","No","Intel","Gama Alta (Intel Core i7/i9, Core Ultra 7/9, AMD Ryzen 7/9, Apple Pro/Max)","16","Integrada","Unidad de Estado Sólido (SSD)","4","Google Chrome;Minecraft","Visual Studio Code;IntelliJ IDEA;PyCharm;MATLAB","2 ","5","3","3","2 ","180","1","Ninguno","4","3","3","0","No experimento interrupciones con mi laptop"
"2026/09/16 6:09:24 p.m. GMT-5","Grupo 4","Ciencias de la Computación","4","5","13.4","3 (Neutral)","Lenovo legión 5","Lenovo","Laptop convencional","1","13.3"" o menor","No","AMD ryzenn7 7735","Gama Alta (Intel Core i7/i9, Core Ultra 7/9, AMD Ryzen 7/9, Apple Pro/Max)","16.0 ","AMD Radeon(TM) grsphics","Unidad de Estado Sólido (SSD)","5","Google Chrome;Microsoft Edge","IntelliJ IDEA;RStudio;Zoom","15","4","3","4","2","140","1","Software de Análisis de Datos (RStudio, PowerBI)","1","2","4","0","No experimento interrupciones con mi laptop"
"2026/09/16 6:10:38 p.m. GMT-5","Grupo 2","Ingeniería Civil","4","6","16.23","2 (Insatisfecho)","Msi gaming ","MSI","Convertible 2 en 1 (Pantalla táctil/giratoria 360°)","4","13.3"" o menor","No","13tj Intel R core(TM) I7 -1355U","Gama Media (Intel Core i5, Core Ultra 5, AMD Ryzen 5, Apple M1/M2/M3 base)","16 ","Intel ","Unidad de Estado Sólido (SSD)","7","Google Chrome;Microsoft Edge","PyCharm;MATLAB;RStudio;AutoCAD;Microsoft Word;Microsoft Excel","240","6","2","3","2.8","180","3","MATLAB, Python / Entornos IDE (VS Code, PyCharm)","12","5","3","8","Sobrecalentamiento térmico del equipo"
"2026/09/16 6:11:19 p.m. GMT-5","Grupo 2","Bioingeniería","8","6","13.4","3 (Neutral)","Lenovo IdeaPad 3 15ALC6","Lenovo","Laptop convencional","2","14.0""","No","13th Gen Intel(R) core(TM) i7-1355U","Gama Media (Intel Core i5, Core Ultra 5, AMD Ryzen 5, Apple M1/M2/M3 base)","16","Intel(R) Iris(R) Xe Graphics","Unidad de Estado Sólido (SSD)","8","Google Chrome;Microsoft Edge;WhatsApp;Discord;Roblox","MATLAB;RStudio;Microsoft Excel;Microsoft PowerPoint;Microsoft OneNote;Adobe Acrobat Reader;Microsoft Teams;Zoom","5 ","6","4","4","5","150","1","Autodesk (Fusion 360, AutoCAD, Revit)","3","2","4","0","No experimento interrupciones con mi laptop"
"2026/09/16 6:12:54 p.m. GMT-5","Grupo 2","Ingeniería Mecánica","5","5","13","3 (Neutral)","ROG Zephyrus G14 GA401IHR_GA401IHR","ASUS","Laptop convencional","3","14.0""","Sí","AMD Ryzen 7 4800 HS with Radeon Graphics","Gama Alta (Intel Core i7/i9, Core Ultra 7/9, AMD Ryzen 7/9, Apple Pro/Max)","16 ","AMD Radeon (TM) Graphics","Unidad de Estado Sólido (SSD)","3.3","Google Chrome;Microsoft Edge;Spotify;WhatsApp;Discord;Steam;Epic Games Launcher;Valorant;Roblox","AutoCAD;SolidWorks;Autodesk Inventor;Microsoft Excel;Microsoft OneNote;Adobe Acrobat Reader;Microsoft Teams;Zoom","6 ","5","2","3","3","2 ","2","Autodesk (Fusion 360, AutoCAD, Revit)","3","5","3","1","Agotamiento acelerado de batería"
"2026/09/16 6:13:25 p.m. GMT-5","Grupo 2","Ingeniería Industrial","2","6","16","3 (Neutral)","Lenovo Gelipn","Lenovo","Laptop convencional","1","16"" o mayor","No","Intel","Gama Media (Intel Core i5, Core Ultra 5, AMD Ryzen 5, Apple M1/M2/M3 base)","16","Rrx 5070","Unidad de Estado Sólido (SSD)","15","Microsoft Edge;WhatsApp;Discord;Steam;Epic Games Launcher;GTA V","PyCharm;AutoCAD;SolidWorks;Autodesk Inventor;Microsoft Word;Microsoft Excel;Microsoft PowerPoint;Adobe Acrobat Reader;Microsoft Teams;Zoom","2 ","3 días a la semana ","1","4","5 ","3 ","2","Ninguno","4 ","3","5","0","Sobrecalentamiento térmico del equipo"
"2026/09/16 6:13:29 p.m. GMT-5","Grupo 2","Ciencias de la Computación","4","5","17.1","3 (Neutral)","MacBook Air 2018","Apple (MacBook)","Laptop convencional","5","14.0""","Sí","120 ","Gama Media (Intel Core i5, Core Ultra 5, AMD Ryzen 5, Apple M1/M2/M3 base)","8","Itel uhd graphics","Unidad de Estado Sólido (SSD)","3 ","Google Chrome;Spotify;WhatsApp;Discord","Visual Studio Code;Visual Studio;IntelliJ IDEA;PyCharm;MATLAB;GeoGebra;Microsoft Word;Microsoft Excel;Microsoft PowerPoint;Microsoft OneNote;Adobe Acrobat Reader;Microsoft Teams;Zoom","2","5","3","4","3","300","1","Ninguno","4","4","4","0","No experimento interrupciones con mi laptop"
"2026/09/16 6:13:36 p.m. GMT-5","Grupo 4","Ciencias de la Computación","3","6","14.9","4 (Satisfecho)","Lenovo IdeaPad 3 15ALC6","Lenovo","Laptop convencional","2","13.3"" o menor","No","12th Gen Intel (R) Corr(TM) i5-12450H","Gama Media (Intel Core i5, Core Ultra 5, AMD Ryzen 5, Apple M1/M2/M3 base)","16 ","Intel(R) UHD Graphics","Unidad de Estado Sólido (SSD)","11.5","Steam;Counter-Strike 2","IntelliJ IDEA;PyCharm;Zoom","50","4","5","4","1.5","180","2","Autodesk (Fusion 360, AutoCAD, Revit)","3","2","5","0","No experimento interrupciones con mi laptop"
"2026/09/16 6:13:53 p.m. GMT-5","Grupo 4","Bioingeniería","3","7","13.5","3 (Neutral)","83JC","Lenovo","Laptop convencional","0","16"" o mayor","Sí","AMD Ryzen 7 7435HS","Gama Alta (Intel Core i7/i9, Core Ultra 7/9, AMD Ryzen 7/9, Apple Pro/Max)","16","Rtx 4050","Unidad de Estado Sólido (SSD)","17","Google Chrome;WhatsApp;Discord;Steam;Minecraft;Roblox","PyCharm;MATLAB;RStudio;Microsoft Word;Microsoft Excel;Zoom","100","7","4","5","4","150","La mantengo conectada","Ninguno","2","4","5","0","No experimento interrupciones con mi laptop"
"2026/09/16 6:23:02 p.m. GMT-5","Grupo 4","Ingeniería Química","6","5","13","3 (Neutral)","Lenovo IdeaPad S340-15IIL","Lenovo","Laptop convencional","3","15.6""","No","Intel(R) core(TM) i5-1035G4 CPU","Gama Media (Intel Core i5, Core Ultra 5, AMD Ryzen 5, Apple M1/M2/M3 base)","12 ","Intel (R) Iris (R) Plus Graphics ","Unidad de Estado Sólido (SSD)","2.6","Google Chrome;Microsoft Edge;Spotify;WhatsApp;Discord","MATLAB;Microsoft Word;Microsoft Excel;Microsoft PowerPoint;Adobe Acrobat Reader;Microsoft Teams","120","3","3","3","3","100","3","Ninguno","2","4","3","2","Agotamiento acelerado de batería"
"2026/09/16 6:24:32 p.m. GMT-5","Grupo 4","Ingeniería Mecánica","6","5","14","3 (Neutral)","MSI","MSI","Laptop convencional","4","14.0""","Sí","microsoft corporation","Gama Media (Intel Core i5, Core Ultra 5, AMD Ryzen 5, Apple M1/M2/M3 base)","16","Nvidia Geforce Rtx 350","Unidad de Estado Sólido (SSD)","8","Google Chrome;Spotify;WhatsApp;Discord;Steam;Epic Games Launcher;League of Legends","Visual Studio Code;SolidWorks;Autodesk Inventor","60","Todos","4","4","7","2","Más de 3","MATLAB, Python / Entornos IDE (VS Code, PyCharm)","129","5","4","2","Saturación de RAM / Ralentización"
"2026/09/16 6:24:43 p.m. GMT-5","Grupo 2","Ingeniería Mecánica","6","4","13.5","3 (Neutral)","MSI gl75 9sd","MSI","Laptop convencional","6","16"" o mayor","Sí","Intel ","Gama Alta (Intel Core i7/i9, Core Ultra 7/9, AMD Ryzen 7/9, Apple Pro/Max)","16","1660 ti","Unidad de Estado Sólido (SSD)","6","Google Chrome;Microsoft Edge;WhatsApp;Discord;Steam","Microsoft Word;Microsoft Excel;Microsoft PowerPoint;Adobe Acrobat Reader","3","5","3","4","4","2","3","Ninguno","1","4","4","1","Saturación de RAM / Ralentización"
"2026/09/16 6:26:17 p.m. GMT-5","Grupo 2","Ingeniería Mecatrónica","10","3","14.7333","4 (Satisfecho)","Lenovo IdeaPad 3 15alc6","Lenovo","Laptop convencional","3","15.6""","Sí","AMD ","Gama Media (Intel Core i5, Core Ultra 5, AMD Ryzen 5, Apple M1/M2/M3 base)","20","Integrada","Unidad de Estado Sólido (SSD)","9","Spotify;Discord;Steam","Visual Studio Code;PyCharm;MATLAB;AutoCAD;Autodesk Inventor;Microsoft Word;Microsoft Excel;Microsoft PowerPoint;Adobe Acrobat Reader;Microsoft Teams;Zoom","15","3","3","3","2","180","1","MATLAB, Python / Entornos IDE (VS Code, PyCharm)","2","5","3","0","Saturación de RAM / Ralentización"
"2026/09/16 6:26:48 p.m. GMT-5","Grupo 2","Ciencias de la Computación","8","5","12.3","4 (Satisfecho)","Asus TUF Gaming A17","ASUS","Laptop convencional","1","14.0""","Sí","AMD Ryzen 7 7435HS","Gama Alta (Intel Core i7/i9, Core Ultra 7/9, AMD Ryzen 7/9, Apple Pro/Max)","16 ","NVIDIA GeForce RTX 4050 ","Unidad de Estado Sólido (SSD)","8","Google Chrome;Microsoft Edge;Mozilla Firefox;Discord;Steam;Epic Games Launcher;League of Legends","Visual Studio Code;Visual Studio;Android Studio;Jupyter Notebook;Microsoft Word;Microsoft Excel;Microsoft OneNote;Adobe Acrobat Reader;Zoom","2","5","3","5","4","120","2","Ninguno","5","7","4","0","Agotamiento acelerado de batería"
"2026/09/16 6:29:30 p.m. GMT-5","Grupo 2","Ciencias de la Computación","4","5","14","3 (Neutral)","Macbook pro m1 2020","Apple (MacBook)","Laptop convencional","5","13.3"" o menor","Sí","Apple m1","Gama Media (Intel Core i5, Core Ultra 5, AMD Ryzen 5, Apple M1/M2/M3 base)","8","8","Unidad de Estado Sólido (SSD)","1","Google Chrome;Spotify;WhatsApp","Visual Studio Code;Visual Studio;IntelliJ IDEA;PyCharm","120","5","3","4","5","4","2","Ninguno","4","12","4","0","No experimento interrupciones con mi laptop"
"2026/09/16 6:30:47 p.m. GMT-5","Grupo 2","Ciencias de la Computación","2","4 ","12.8","3 (Neutral)","MacBook ","Apple (MacBook)","Otro","1","13.3"" o menor","No","M5","Gama Alta (Intel Core i7/i9, Core Ultra 7/9, AMD Ryzen 7/9, Apple Pro/Max)","16","Chip m5","Unidad de Estado Sólido (SSD)","328.92","Google Chrome;Microsoft Edge;Spotify;WhatsApp;Discord","Visual Studio Code;Visual Studio;Microsoft Excel","180","4","4","5","6","600","1","Ninguno","4","4","4","0","No experimento interrupciones con mi laptop"
"2026/09/16 6:33:19 p.m. GMT-5","Grupo 2","Ingeniería Industrial","8","6","12","4 (Satisfecho)","IdeaPad 3","Lenovo","Laptop convencional","4","14.0""","No","12th Gen Intel","Gama Media (Intel Core i5, Core Ultra 5, AMD Ryzen 5, Apple M1/M2/M3 base)","16","NIVIDIA","Unidad de Estado Sólido (SSD)","5.6","League of Legends;Fortnite;EA Sports FC","IntelliJ IDEA;PyCharm;Android Studio;MATLAB;RStudio;AutoCAD;SolidWorks;ArcGIS;Adobe Acrobat Reader;Microsoft Teams;Zoom","26","6","4","4","24","4","3","Software de Análisis de Datos (RStudio, PowerBI)","7","10","5","0","Saturación de RAM / Ralentización"
"2026/09/16 6:34:11 p.m. GMT-5","Grupo 2","Ciencias de la Computación","8","5","13.2","3 (Neutral)","Lenovo V15 G2 ITL","Lenovo","Laptop convencional","3","14.0""","No","Intel","Gama Alta (Intel Core i7/i9, Core Ultra 7/9, AMD Ryzen 7/9, Apple Pro/Max)","24","Integrada","Unidad de Estado Sólido (SSD)","13.6","Google Chrome;Microsoft Edge;Spotify;WhatsApp;Discord;Steam;Valorant","RStudio;Zoom","120","6","2","4","10","120","Más de 3","Ninguno","3","4","4","0","No experimento interrupciones con mi laptop"
"2026/09/16 6:34:31 p.m. GMT-5","Grupo 2","Ingeniería Industrial","9","7","16.2","5 (Muy satisfecho)","HP MODEL 15-EF46","HP","Laptop convencional","4","15.6""","No","NA","Gama Media (Intel Core i5, Core Ultra 5, AMD Ryzen 5, Apple M1/M2/M3 base)","16","NA","Disco Duro Mecánico (HDD)","3.2","Google Chrome;Microsoft Edge;WhatsApp;Discord","Visual Studio Code;PyCharm;Jupyter Notebook;Microsoft Word;Microsoft Excel;Microsoft PowerPoint;Microsoft OneNote;Microsoft Teams;Zoom","40","5","4","4","5","2","3","MATLAB, Python / Entornos IDE (VS Code, PyCharm)","7","4","3","2","Saturación de RAM / Ralentización"
"2026/09/16 6:40:17 p.m. GMT-5","Grupo 2","Ciencias de la Computación","4","5","15.4","4 (Satisfecho)","Lenovo LOQ 15IRH8","Lenovo","Laptop convencional","3","15.6""","Sí","Intel Core i5-12450H","Gama Media (Intel Core i5, Core Ultra 5, AMD Ryzen 5, Apple M1/M2/M3 base)","16","Nvidia GeForce RTX 3050","Unidad de Estado Sólido (SSD)","8.13","Google Chrome;Spotify;Discord;Steam","Visual Studio Code;Zoom","300","6","3","4","7","150","La mantengo conectada","MATLAB, Python / Entornos IDE (VS Code, PyCharm)","6","6","4","2","Cierre intempestivo de programas"
"2026/09/16 6:42:00 p.m. GMT-5","Grupo 2","Ingeniería Industrial","1","20262","10.5","1 (Muy insatisfecho)","Nose","Dell","Laptop convencional","1","14.0""","No","Intel","Gama Media (Intel Core i5, Core Ultra 5, AMD Ryzen 5, Apple M1/M2/M3 base)","500","Adm","Unidad de Estado Sólido (SSD)","5.0","Google Chrome;Microsoft Edge","PyCharm","2 ","5","1","1","3","4","1","Ninguno","2","3","2","0","Saturación de RAM / Ralentización"
"2026/09/16 6:43:15 p.m. GMT-5","Grupo 2","Ingeniería Industrial","9","6","15","3 (Neutral)","LENOVO_MT_82_LN_BU_idea_FM_Ideapad 5 15ALC05","Lenovo","Laptop convencional","4 ","15.6""","No","AMD Ryzen 7 5700U with Radeon Graphic","Gama Alta (Intel Core i7/i9, Core Ultra 7/9, AMD Ryzen 7/9, Apple Pro/Max)","16","AMD Radeon(TM) Graphics","Disco Duro Mecánico (HDD)","6.2","Google Chrome;Microsoft Edge;Mozilla Firefox","Visual Studio Code;Visual Studio;PyCharm;Jupyter Notebook;MATLAB;RStudio;Microsoft Word;Microsoft Excel;Microsoft PowerPoint;Microsoft OneNote;Adobe Acrobat Reader;Microsoft Teams;Zoom","15","Todos los días","3","3","8","150","Más de 3","Navegador web (Múltiples pestañas de estudio abiertas)","7","3","3","2","Saturación de RAM / Ralentización"
"2026/09/16 6:43:21 p.m. GMT-5","Grupo 2","Ingeniería Mecatrónica","1","6","15","4 (Satisfecho)","Lenovo loq ","Lenovo","Laptop convencional","0","16"" o mayor","Sí","Intel","Gama Media (Intel Core i5, Core Ultra 5, AMD Ryzen 5, Apple M1/M2/M3 base)","16","NVIDIA GeForce RTX 3050","Unidad de Estado Sólido (SSD)","5.3","Google Chrome;Microsoft Edge;Spotify;WhatsApp;Discord;Steam;Epic Games Launcher;Roblox;GTA V","PyCharm;Zoom","120","0","3","4","1","100","La mantengo conectada","Ninguno","0","5","4","0","No experimento interrupciones con mi laptop"
"2026/09/16 6:43:42 p.m. GMT-5","Grupo 2","Ingeniería Química","2","5","14.7","2 (Insatisfecho)","Asus tuff a15","ASUS","Laptop convencional","1","15.6""","Sí","AMD","Gama Alta (Intel Core i7/i9, Core Ultra 7/9, AMD Ryzen 7/9, Apple Pro/Max)","18","NVIDIA GEFORCE RTX 4050","Unidad de Estado Sólido (SSD)","4.4","Google Chrome;Microsoft Edge;WhatsApp;Steam;Epic Games Launcher;Minecraft;Valorant","PyCharm;Microsoft Word;Microsoft Excel;Microsoft OneNote;Zoom","180","6","4","5","3.5","210","1","Ninguno","3","6","4","0","No experimento interrupciones con mi laptop"
"2026/09/16 6:57:11 p.m. GMT-5","Grupo 2","Ciencias de la Computación","4","6","16.6","3 (Neutral)","Nitro V 15 AI","Acer","Laptop convencional","0","15.6""","Sí","AMD Ryzen 7 7445HS w ","Gama Alta (Intel Core i7/i9, Core Ultra 7/9, AMD Ryzen 7/9, Apple Pro/Max)","32","NVIDIA GeoForce RTX 4050 Laptop","Unidad de Estado Sólido (SSD)","20","Google Chrome;Microsoft Edge;Spotify;WhatsApp;Discord;Steam","Visual Studio Code;IntelliJ IDEA;PyCharm;MATLAB;RStudio;Microsoft Word;Microsoft Excel;Microsoft PowerPoint;Zoom","90","5","3","3","6","3","3","MATLAB, Python / Entornos IDE (VS Code, PyCharm)","3","5","2","2","Saturación de RAM / Ralentización"
"2026/09/16 7:10:47 p.m. GMT-5","Grupo 2","Ingeniería Civil","9","6","16.5","4 (Satisfecho)","ASUS TUF Gaming F15 FX507ZC4","ASUS","Laptop convencional","4","15.6""","Sí","12th Gen Intel(R) Core(TM) i7-12650H","Gama Alta (Intel Core i7/i9, Core Ultra 7/9, AMD Ryzen 7/9, Apple Pro/Max)","16.0","NVIDIA GeForce RTX 3050 Ti Laptop GPU","Unidad de Estado Sólido (SSD)","4.2","Google Chrome;Microsoft Edge;Spotify;WhatsApp;Steam","Visual Studio;PyCharm;MATLAB;RStudio;AutoCAD;Autodesk Inventor;Microsoft Word;Microsoft Excel;Microsoft PowerPoint;Microsoft OneNote;Microsoft Teams;Zoom","60","5","4","4","4","120","2","Ninguno","4","3","4","0","No experimento interrupciones con mi laptop"
"2026/09/16 7:11:32 p.m. GMT-5","Grupo 2","Administración y Negocios Digitales","4","4","13.85","3 (Neutral)","Acer Nitro Lite 16","Acer","Laptop convencional","0","16"" o mayor","Sí","Intel","Gama Media (Intel Core i5, Core Ultra 5, AMD Ryzen 5, Apple M1/M2/M3 base)","16 ","NVIDIA GeForce RTX 4050 Laptop GPU","Unidad de Estado Sólido (SSD)","2.7 ","Google Chrome;Microsoft Edge;Spotify;WhatsApp;Discord;Steam;Epic Games Launcher;Minecraft;Valorant;League of Legends;Roblox","Microsoft Excel;Zoom","30 ","4","2","5","1.5","180","La mantengo conectada","Ninguno","0","3","5","0","No experimento interrupciones con mi laptop"
"2026/09/16 7:18:30 p.m. GMT-5","Grupo 2","Ingeniería Civil","10","1","14","3 (Neutral)","HP pavilion gaming 15","HP","Laptop convencional","5","14.0""","Sí","Intel ","Gama Media (Intel Core i5, Core Ultra 5, AMD Ryzen 5, Apple M1/M2/M3 base)","8","NVIDIA GeForce GTX 1650 ti ","Unidad de Estado Sólido (SSD)","3.2","Google Chrome;Microsoft Edge;Discord;Steam;Epic Games Launcher","Visual Studio Code;Visual Studio;MATLAB;RStudio;Wolfram Mathematica;GeoGebra;AutoCAD;ArcGIS;Microsoft Word;Microsoft Excel;Microsoft PowerPoint;Microsoft OneNote;Microsoft Teams;Zoom","240","1","1","5","5","2","La mantengo conectada","Autodesk (Fusion 360, AutoCAD, Revit)","5","3","4","0","Saturación de RAM / Ralentización"
"2026/09/16 7:22:55 p.m. GMT-5","Grupo 2","Ciencias de la Computación","8","7","11.4","3 (Neutral)","Asus Tuf Dash F15","ASUS","Laptop convencional","4","15.6""","Sí","Intel","Gama Media (Intel Core i5, Core Ultra 5, AMD Ryzen 5, Apple M1/M2/M3 base)","16","Nvidia GeForce RTX 3050","Unidad de Estado Sólido (SSD)","6","Google Chrome;Microsoft Edge;Mozilla Firefox;Spotify;WhatsApp;Discord;Steam;Epic Games Launcher;EA Sports FC","Visual Studio Code;Jupyter Notebook;Microsoft Word;Microsoft Excel;Zoom","10","6","2","3","4","120","La mantengo conectada","Ninguno","6","4","2","0","Agotamiento acelerado de batería"
"2026/09/16 7:27:37 p.m. GMT-5","Grupo 2","Ingeniería Industrial","8","4","15.5","4 (Satisfecho)","Lenovo thinkpad E14 gen 2 ","Lenovo","Laptop convencional","5","14.0""","No","11th gen intel(R) Core(TM) i7","Gama Alta (Intel Core i7/i9, Core Ultra 7/9, AMD Ryzen 7/9, Apple Pro/Max)","8","Intel Iris XE Graphics","Unidad de Estado Sólido (SSD)","1.1","Google Chrome;Microsoft Edge;WhatsApp;Discord;Steam","Visual Studio Code;MATLAB;RStudio;Microsoft Word;Microsoft Excel;Microsoft PowerPoint;Zoom","2","7","3","4","2","240","1","Autodesk (Fusion 360, AutoCAD, Revit)","1","5","3","1","Sobrecalentamiento térmico del equipo"
"2026/09/16 7:29:14 p.m. GMT-5","Grupo 2","Ingeniería Civil","1","6","14","2 (Insatisfecho)","Windows","ASUS","Laptop convencional","1","15.6""","Sí","INTEL CORE 7","Gama Alta (Intel Core i7/i9, Core Ultra 7/9, AMD Ryzen 7/9, Apple Pro/Max)","16","NVIDIA/AMD","Disco Duro Mecánico (HDD)","5.8","Google Chrome;Microsoft Edge;Spotify;WhatsApp","PyCharm;Microsoft Word;Microsoft Excel;Microsoft PowerPoint;Microsoft Teams;Zoom","60","4","5","4","4","159","3","Navegador web (Múltiples pestañas de estudio abiertas)","0","4","4","5","Sobrecalentamiento térmico del equipo"
"2026/09/16 7:30:19 p.m. GMT-5","Grupo 2","Bioingeniería","10","6","12.9","3 (Neutral)","Lenovo ideapad flex 5","Lenovo","Convertible 2 en 1 (Pantalla táctil/giratoria 360°)","5","14.0""","No","Ryzen 7 4000U","Gama Alta (Intel Core i7/i9, Core Ultra 7/9, AMD Ryzen 7/9, Apple Pro/Max)","16","Gráficos integrados","Unidad de Estado Sólido (SSD)","8","Google Chrome;Spotify;WhatsApp;Discord;Steam;Epic Games Launcher;Fortnite;Roblox","MATLAB","80","4","5","5","10","4","2","MATLAB, Python / Entornos IDE (VS Code, PyCharm)","5","5","5","1","Agotamiento acelerado de batería"
"2026/09/16 7:30:27 p.m. GMT-5","Grupo 2","Ingeniería Mecatrónica","7","3","13.01","3 (Neutral)","Asus vivobook","ASUS","Laptop convencional","2","14.0""","No","AMD Ryzen 9 7940 w/ Radeon 780M Graphics","Gama Alta (Intel Core i7/i9, Core Ultra 7/9, AMD Ryzen 7/9, Apple Pro/Max)","16.0","AMD Raedon(TM) 780M","Unidad de Estado Sólido (SSD)","6.8","Google Chrome;Microsoft Edge;WhatsApp;Discord;Steam;Epic Games Launcher;Minecraft;Valorant;Roblox","MATLAB;GeoGebra;Zoom","120","3","4","4","5.5","150","2","MATLAB, Python / Entornos IDE (VS Code, PyCharm)","3","4","4","2","Saturación de RAM / Ralentización"
"2026/09/16 7:31:21 p.m. GMT-5","Grupo 5","Bioingeniería","3","6","15.87","2 (Insatisfecho)","Lenovo 83GW","Lenovo","Laptop convencional","0","16"" o mayor","No","0.5%","Gama Alta (Intel Core i7/i9, Core Ultra 7/9, AMD Ryzen 7/9, Apple Pro/Max)","16.0","Intel(R) UHD Graphics","Unidad de Estado Sólido (SSD)","6.6","Google Chrome;Microsoft Edge;Roblox","Visual Studio;PyCharm;Microsoft Excel;Zoom","180","2","4","4","2","150","La mantengo conectada","MATLAB, Python / Entornos IDE (VS Code, PyCharm)","0","2","4","1","Sobrecalentamiento térmico del equipo"
"2026/09/16 7:31:44 p.m. GMT-5","Grupo 2","Bioingeniería","7","7","13.04","3 (Neutral)","Lenovo v330 15IKB","Lenovo","Laptop convencional","6","15.6""","No","Intel i5 8va gen","Gama Media (Intel Core i5, Core Ultra 5, AMD Ryzen 5, Apple M1/M2/M3 base)","20","Amd Radeon 530","Unidad de Estado Sólido (SSD)","13","Microsoft Edge;Spotify;WhatsApp;Discord;Steam","Visual Studio Code;Jupyter Notebook;MATLAB;RStudio;Autodesk Inventor;Microsoft Word;Microsoft Excel;Microsoft PowerPoint;Zoom","5 ","5","1","3","3.2 ","45","La mantengo conectada","Autodesk (Fusion 360, AutoCAD, Revit)","3","3","3","1","Sobrecalentamiento térmico del equipo"
"2026/09/16 7:33:41 p.m. GMT-5","Grupo 2","Ciencias de la Computación","8","4","13","3 (Neutral)","Ideapad slim 5 14abr8","Lenovo","Laptop convencional","2","14.0""","Sí","Amd ryzen ","Gama Media (Intel Core i5, Core Ultra 5, AMD Ryzen 5, Apple M1/M2/M3 base)","16","Tiene graficos integrados","Unidad de Estado Sólido (SSD)","2","Google Chrome;Spotify;WhatsApp;Discord;Steam;Epic Games Launcher;Minecraft","Visual Studio Code;Jupyter Notebook;Zoom","4","4","3","5","6","2","3","MATLAB, Python / Entornos IDE (VS Code, PyCharm)","4","4","3","2","Saturación de RAM / Ralentización"
"2026/09/16 7:34:30 p.m. GMT-5","Grupo 2","Ingeniería Mecánica","4","6","15","3 (Neutral)","HP Pavilion 15 gaming","HP","Laptop convencional","3","15.6""","No","AMD","Gama Media (Intel Core i5, Core Ultra 5, AMD Ryzen 5, Apple M1/M2/M3 base)","8","GTX 1650","Unidad de Estado Sólido (SSD)","1.8","Minecraft","Visual Studio Code;MATLAB;RStudio;Zoom","120","5","3","3","5","4","La mantengo conectada","Ninguno","4","3","4","0","No experimento interrupciones con mi laptop"
"2026/09/16 7:37:05 p.m. GMT-5","Grupo 2","Ingeniería Mecatrónica","4","5","13","3 (Neutral)","Lenovo Ideapad Slim i3 ","Lenovo","Laptop convencional","3","15.6""","No","12th Gen Intel(R) Core(TM) i5- 12450H","Gama Media (Intel Core i5, Core Ultra 5, AMD Ryzen 5, Apple M1/M2/M3 base)","16","Intel(R) UHD Graphics","Unidad de Estado Sólido (SSD)","4.2","Google Chrome;Spotify;Discord;Steam;Epic Games Launcher;Minecraft;Fortnite;Roblox","PyCharm;MATLAB;Autodesk Inventor;Microsoft Teams;Zoom","2 ","5 de 5 ","3","4","5 ","2","La mantengo conectada","MATLAB, Python / Entornos IDE (VS Code, PyCharm)","2","3","4","0","No experimento interrupciones con mi laptop"
"2026/09/16 7:37:44 p.m. GMT-5","Grupo 2","Ingeniería Civil","1","6","14","4 (Satisfecho)","Lenovo","Lenovo","Laptop convencional","1","16"" o mayor","No","13th Gen Intel(R) Core(TM) enovi","Gama Media (Intel Core i5, Core Ultra 5, AMD Ryzen 5, Apple M1/M2/M3 base)","16","NVIDIA GeForce RTX 5050 laptop GPU","Unidad de Estado Sólido (SSD)","2.9","Google Chrome;Microsoft Edge;WhatsApp;Discord","PyCharm","2","4","3","5","8","150","Más de 3","Ninguno","4","5","5","0","No experimento interrupciones con mi laptop"
"2026/09/16 7:38:22 p.m. GMT-5","Grupo 2","Ciencias de la Computación","9","4","13","4 (Satisfecho)","Lenovo MT 82k","Lenovo","Laptop convencional","4","14.0""","No","11th Gen Intel(R) Core(TM) i7-1165G7","Gama Alta (Intel Core i7/i9, Core Ultra 7/9, AMD Ryzen 7/9, Apple Pro/Max)","8","Intel(R) Iris(R) Xe Graphics","Unidad de Estado Sólido (SSD)","1.4","Google Chrome;Discord","Visual Studio;PyCharm;Microsoft Excel;Microsoft OneNote;Zoom","5","6","5","4","6","120","3","Ninguno","6","4","4","0","No experimento interrupciones con mi laptop"
"2026/09/16 7:38:32 p.m. GMT-5","Grupo 2","Ingeniería Mecánica","2","6","18.5","4 (Satisfecho)","Laptop ASUS ZenBook A14 UX3407QA","ASUS","Laptop convencional","4","13.3"" o menor","Sí","12 th Gen","Gama Media (Intel Core i5, Core Ultra 5, AMD Ryzen 5, Apple M1/M2/M3 base)","512","NVIDIA","Unidad de Estado Sólido (SSD)","1.1","Google Chrome;Microsoft Edge;Spotify;WhatsApp","Visual Studio Code;MATLAB;GeoGebra;Microsoft Word;Zoom","120","3","3","4","6","60","2","Autodesk (Fusion 360, AutoCAD, Revit)","3","5","2","1","Saturación de RAM / Ralentización"
"2026/09/16 7:40:02 p.m. GMT-5","Grupo 2","Bioingeniería","9","6","13","3 (Neutral)","Nitro an515-52","Acer","Laptop convencional","7","14.0""","Sí","Intel(R) core(TM) i5-8300h","Gama Media (Intel Core i5, Core Ultra 5, AMD Ryzen 5, Apple M1/M2/M3 base)","20","Tarjeta dedicda","Unidad de Estado Sólido (SSD)","9.3","Google Chrome;Spotify;WhatsApp;Steam;Epic Games Launcher;Dota 2","Visual Studio Code;PyCharm;MATLAB;Autodesk Inventor;Microsoft Word;Microsoft Excel;Microsoft OneNote;Zoom","5 ","6","3","5","6","39","Más de 3","MATLAB, Python / Entornos IDE (VS Code, PyCharm)","3","4","5","0","Saturación de RAM / Ralentización"
"2026/09/16 7:40:26 p.m. GMT-5","Grupo 2","Ingeniería Civil","7","7","14","4 (Satisfecho)","Lenovo","Lenovo","Laptop convencional","2","14.0""","Sí","12 th Gen Intel(R) Core(TM) i5-1245OH","Gama Alta (Intel Core i7/i9, Core Ultra 7/9, AMD Ryzen 7/9, Apple Pro/Max)","32","Lenovo ThinkPad E16 Gen 3","Disco Duro Mecánico (HDD)","16","Google Chrome","MATLAB;RStudio;AutoCAD;Autodesk Inventor;ArcGIS;Microsoft Word;Microsoft Excel;Microsoft PowerPoint;Microsoft Teams;Zoom","300","4","3","5","8","2","La mantengo conectada","Autodesk (Fusion 360, AutoCAD, Revit)","3","3","4","1","Saturación de RAM / Ralentización"
"2026/09/16 7:52:30 p.m. GMT-5","Grupo 2","Ingeniería Ambiental","9","6","15","4 (Satisfecho)","Lenovo razen 5","Lenovo","Laptop convencional","4","15.6""","Sí","Intel core","Gama Media (Intel Core i5, Core Ultra 5, AMD Ryzen 5, Apple M1/M2/M3 base)","24","CPU","Unidad de Estado Sólido (SSD)","246","Google Chrome;Microsoft Edge;Spotify;WhatsApp;Minecraft","Visual Studio Code;PyCharm;Jupyter Notebook;MATLAB;Wolfram Mathematica","2","6","3","3","5","180","Más de 3","Software de Análisis de Datos (RStudio, PowerBI)","3","3","2","1","Saturación de RAM / Ralentización"
"2026/09/16 8:25:36 p.m. GMT-5","Grupo 5","Ingeniería Mecánica","4","6","16","4 (Satisfecho)","Lenovo IdeaPad 3 14ADA05","Lenovo","Laptop convencional","6","14.0""","No","AMD Ryzen 3 3250U @ 2.60 GHz","Gama Baja (Intel Core i3, AMD Ryzen 3, Celeron, Pentium)","20","AMD Radeon","Unidad de Estado Sólido (SSD)","14","Google Chrome","MATLAB;AutoCAD;SolidWorks;Autodesk Inventor;Microsoft Word;Microsoft Excel;Microsoft PowerPoint;Microsoft OneNote;Zoom","120","5","4","3","7","180","La mantengo conectada","Ninguno","3","3","3","1","Sobrecalentamiento térmico del equipo"
"2026/09/16 9:35:41 p.m. GMT-5","Grupo 5","Ingeniería Electrónica","2","4","13.2","3 (Neutral)","Asus x515ea","ASUS","Laptop convencional","5","15.6""","Sí","11va","Gama Alta (Intel Core i7/i9, Core Ultra 7/9, AMD Ryzen 7/9, Apple Pro/Max)","20","GPU 0","Unidad de Estado Sólido (SSD)","13","Google Chrome;Microsoft Edge","Visual Studio Code;MATLAB;Microsoft Word;Microsoft Excel;Microsoft PowerPoint;Microsoft OneNote;Adobe Acrobat Reader;Microsoft Teams;Zoom","5 ","3","5","3","1.5","150","Más de 3","MATLAB, Python / Entornos IDE (VS Code, PyCharm)","4","3","4","2","Cierre intempestivo de programas"
"2026/09/16 9:38:31 p.m. GMT-5","Grupo 5","Ingeniería Mecatrónica","3","6","14.32","3 (Neutral)","Lenovo LOQ 83GS BU idea FM","Lenovo","Laptop convencional","1","15.6""","Sí","12th Gen Intel(R) Core(TM) i5-12450HX","Gama Media (Intel Core i5, Core Ultra 5, AMD Ryzen 5, Apple M1/M2/M3 base)","8","NVIDIA GeForce RTX 3050 6GB Laptop GPU","Unidad de Estado Sólido (SSD)","1.0","Google Chrome;Microsoft Edge;WhatsApp;Steam","RStudio;Microsoft Word;Microsoft Excel;Adobe Acrobat Reader;Zoom","90","1","4","4","3","90","La mantengo conectada","MATLAB, Python / Entornos IDE (VS Code, PyCharm)","0","2","4","0","No experimento interrupciones con mi laptop"
"2026/09/16 10:02:50 p.m. GMT-5","Grupo 5","Ciencias de la Computación","6","6","13.02","2 (Insatisfecho)","Lenovo LOQ 15IAX9","Lenovo","Laptop convencional","2","15.6""","Sí","12th Gen Intel(R) Core(TM) i5-12450HX ","Gama Media (Intel Core i5, Core Ultra 5, AMD Ryzen 5, Apple M1/M2/M3 base)","24","NVIDIA GeForce RTX 3050 6GB Laptop GPU","Unidad de Estado Sólido (SSD)","2.7","Google Chrome;Microsoft Edge;Spotify;WhatsApp;Steam;Minecraft;Dota 2;Roblox","Visual Studio Code;Visual Studio;IntelliJ IDEA;PyCharm;Microsoft Word;Zoom","120","3","5","4","2.5","150","La mantengo conectada","Navegador web (Múltiples pestañas de estudio abiertas)","2","5","4","1","Saturación de RAM / Ralentización"
"2026/09/16 10:13:17 p.m. GMT-5","Grupo 5","Ingeniería Mecatrónica","3","6","13","1 (Muy insatisfecho)","Lenovo loq","Lenovo","Laptop convencional","1","15.6""","Sí","Ryzen","Gama Alta (Intel Core i7/i9, Core Ultra 7/9, AMD Ryzen 7/9, Apple Pro/Max)","24","NVIDIA GeForce RTX 4050 Laptop GPU","Unidad de Estado Sólido (SSD)","12.2","Google Chrome;Microsoft Edge;WhatsApp;Steam;Minecraft;Roblox","RStudio;Zoom","60","4","5","5","6","150","1","Autodesk (Fusion 360, AutoCAD, Revit)","1","10","5","0","No experimento interrupciones con mi laptop"
"2026/09/16 10:16:42 p.m. GMT-5","Grupo 5","Ciberseguridad","2","6","14.68","3 (Neutral)","aptop MSI Thin 15 B13VE-3047US 15.6","MSI","Laptop convencional","2","15.6""","Sí","intel","Gama Media (Intel Core i5, Core Ultra 5, AMD Ryzen 5, Apple M1/M2/M3 base)","16","3060","Unidad de Estado Sólido (SSD)","6","Google Chrome;Spotify;WhatsApp;Discord;Steam;Epic Games Launcher;Minecraft;Valorant;Counter-Strike 2;GTA V","Visual Studio Code;PyCharm;Microsoft Word;Microsoft Excel;Microsoft PowerPoint;Microsoft Teams;Zoom","30","4","4","5","2","210","La mantengo conectada","Ninguno","3","6","5","0","No experimento interrupciones con mi laptop"
"2026/09/16 10:20:57 p.m. GMT-5","Grupo 5","Ciencias de la Computación","7","6","13","2 (Insatisfecho)","Victus by HP Laptop 16-d0xxx","HP","Laptop convencional","3","15.6""","Sí","Intel","Gama Media (Intel Core i5, Core Ultra 5, AMD Ryzen 5, Apple M1/M2/M3 base)","16","NVIDIA GeForce RTX 3050 Laptop GPU","Unidad de Estado Sólido (SSD)","3.6","Microsoft Edge;Mozilla Firefox;WhatsApp;Discord;Steam;Epic Games Launcher;Minecraft;Roblox","Visual Studio Code;Microsoft Word;Microsoft Excel;Zoom","60","5","4","4","2","150","Más de 3","Navegador web (Múltiples pestañas de estudio abiertas)","5","4","4","0","No experimento interrupciones con mi laptop"
"2026/09/16 10:29:37 p.m. GMT-5","Grupo 5","Ingeniería Electrónica","5","5","14.8","3 (Neutral)","X556UQK","ASUS","Laptop convencional","9","15.6""","No","Intel(R) Core(TM) i7-7500U CPU","Gama Alta (Intel Core i7/i9, Core Ultra 7/9, AMD Ryzen 7/9, Apple Pro/Max)","12","GPU 0 y GPU 1","Unidad de Estado Sólido (SSD)","2.5","Google Chrome;Microsoft Edge;WhatsApp","Visual Studio Code;IntelliJ IDEA;MATLAB;GeoGebra;AutoCAD;Autodesk Inventor;Microsoft Word;Microsoft Excel;Microsoft PowerPoint","420","4","3","3","10","360","3","Autodesk (Fusion 360, AutoCAD, Revit)","5","6","3","1","Cierre intempestivo de programas"
"2026/09/16 11:13:19 p.m. GMT-5","Grupo 5","Ciencias de la Computación","3","6","18.9","2 (Insatisfecho)","Asus ROG Strix G16","Lenovo","Laptop convencional","0","16"" o mayor","Sí","13th Gen Intel(R) Core(TM) i7-13650HX","Gama Alta (Intel Core i7/i9, Core Ultra 7/9, AMD Ryzen 7/9, Apple Pro/Max)","16","NVIDIA GeForce RTX 4060 Laptop GPU","Unidad de Estado Sólido (SSD)","5","Google Chrome;Spotify;WhatsApp;Discord;Steam;Epic Games Launcher;Minecraft;Valorant;League of Legends;Counter-Strike 2;Roblox;GTA V","Visual Studio Code;Visual Studio;PyCharm;GeoGebra;AutoCAD;SolidWorks;Autodesk Inventor;Microsoft Word;Microsoft Excel;Microsoft PowerPoint;Microsoft OneNote;Adobe Acrobat Reader;Microsoft Teams;Zoom","200","5","4","4","3","200","2","Ninguno","4","3","3","0","No experimento interrupciones con mi laptop"
"2026/09/16 11:41:14 p.m. GMT-5","Grupo 5","Ingeniería Electrónica","4","5","14.26","3 (Neutral)","Lenovo IdeaPad slim 3","Lenovo","Laptop convencional","1","15.6""","No","intel","Gama Media (Intel Core i5, Core Ultra 5, AMD Ryzen 5, Apple M1/M2/M3 base)","8","integrada","Unidad de Estado Sólido (SSD)","0.838","Google Chrome;Microsoft Edge;Spotify;WhatsApp;Discord;Steam;Epic Games Launcher;Roblox","MATLAB;Microsoft Word;Zoom","300","4","5","4","3","180","2","Simuladores de electrónica (Proteus, Multisim, LTspice)","2","4","3","0","Saturación de RAM / Ralentización"
"2026/09/17 2:12:19 a.m. GMT-5","Grupo 5","Ingeniería Química","2","7","15","3 (Neutral)","Si","Otra","Laptop convencional","2","15.6""","No","Si","Gama Media (Intel Core i5, Core Ultra 5, AMD Ryzen 5, Apple M1/M2/M3 base)","15","Si","Disco Duro Mecánico (HDD)","2","Google Chrome;Microsoft Edge;Discord;Steam;Epic Games Launcher;League of Legends;Dota 2;Roblox","PyCharm;MATLAB;AutoCAD;Microsoft Word;Microsoft Excel;Microsoft PowerPoint;Microsoft OneNote;Zoom","1","2","2","3","3","5","La mantengo conectada","MATLAB, Python / Entornos IDE (VS Code, PyCharm)","2","3","3","2","Sobrecalentamiento térmico del equipo"
"2026/09/17 7:45:41 a.m. GMT-5","Grupo 5","Ingeniería Mecatrónica","3","6","15.15","3 (Neutral)","Lenovo LOQ 15ARP9 83JC00MKLM","Lenovo","Laptop convencional","1","15.6""","Sí","AMD Ryzen(TM) 7 7840HS w/ Radeon 780M Graphics","Gama Alta (Intel Core i7/i9, Core Ultra 7/9, AMD Ryzen 7/9, Apple Pro/Max)","16","NVIDIA GeForce RTX 3060 Laptop GPU","Unidad de Estado Sólido (SSD)","12","Google Chrome;Microsoft Edge;WhatsApp;Discord","MATLAB;RStudio;Microsoft Word;Microsoft Excel;Zoom","30","2","3","4","3.5","130","La mantengo conectada","MATLAB, Python / Entornos IDE (VS Code, PyCharm)","2","5","4","1","Agotamiento acelerado de batería"
"2026/09/17 7:49:47 a.m. GMT-5","Grupo 4","Ingeniería Electrónica","2","6","16.7","4 (Satisfecho)","LENOVO IdeaPad 81W6","Lenovo","Laptop convencional","3","14.0""","No","Intel(R) Core(TM) i5-1035G4","Gama Media (Intel Core i5, Core Ultra 5, AMD Ryzen 5, Apple M1/M2/M3 base)","8","GPU 0","Disco Duro Mecánico (HDD)","1.2","Google Chrome;Mozilla Firefox","Visual Studio Code;PyCharm;RStudio;AutoCAD","120","5","3","4","3","150","2","Autodesk (Fusion 360, AutoCAD, Revit)","4","5","3","6","Saturación de RAM / Ralentización"
"2026/09/17 10:31:26 a.m. GMT-5","Grupo 4","Administración y Negocios Digitales","2","7","13","3 (Neutral)","Mac Book air ","Apple (MacBook)","Laptop convencional","1","15.6""","Sí","apple","Gama Media (Intel Core i5, Core Ultra 5, AMD Ryzen 5, Apple M1/M2/M3 base)","16","Mac","Unidad de Estado Sólido (SSD)","10","WhatsApp;Discord;Steam;Epic Games Launcher;Valorant;Counter-Strike 2;Fortnite;GTA V","Autodesk Inventor;Microsoft Word","4","3","5","5","2","150","3","Otro","1","10","5","0","No experimento interrupciones con mi laptop"
"2026/09/17 11:06:47 a.m. GMT-5","Grupo 2","Sistemas de Información","4","5","13.9","3 (Neutral)","Apple M1 Pro","Apple (MacBook)","Laptop convencional","2","13.3"" o menor","Sí","Apple silicon","Gama Media (Intel Core i5, Core Ultra 5, AMD Ryzen 5, Apple M1/M2/M3 base)","16","Vega II Duo ","Unidad de Estado Sólido (SSD)","12.8","Discord","IntelliJ IDEA;PyCharm;RStudio;Zoom","80","5","4","5","1.5","480","1","Software de Análisis de Datos (RStudio, PowerBI)","5","2","4","0","No experimento interrupciones con mi laptop"
"2026/09/17 11:18:52 a.m. GMT-5","Grupo 2","Sistemas de Información","3","6","14","3 (Neutral)","Windows","Lenovo","Convertible 2 en 1 (Pantalla táctil/giratoria 360°)","2","15.6""","Sí","11th Gen Intel(R) Core(TM) i7-1185G7 @ 3.00GHz  ","Gama Alta (Intel Core i7/i9, Core Ultra 7/9, AMD Ryzen 7/9, Apple Pro/Max)","16","GPU 0","Unidad de Estado Sólido (SSD)","5.2","Google Chrome;Spotify;WhatsApp","Visual Studio Code;Visual Studio;IntelliJ IDEA;PyCharm;MATLAB;RStudio;Microsoft Word;Microsoft Excel;Microsoft PowerPoint;Microsoft Teams;Zoom","45 ","5","4","4","4.5","240","2","Ninguno","4","2","4","1","Cierre intempestivo de programas"
"2026/09/17 12:00:17 p.m. GMT-5","Grupo 5","Ingeniería Química","5","5","14.5","3 (Neutral)","Laptop ACER Nitro AN515-57","Acer","Otro","3","15.6""","Sí","11th Gen Intel (R) Core (TM) i5 11400H @2.70Hz","Gama Alta (Intel Core i7/i9, Core Ultra 7/9, AMD Ryzen 7/9, Apple Pro/Max)","8","NVIDIA GeForce RTX","Unidad de Estado Sólido (SSD)","720","Google Chrome;Microsoft Edge;Spotify;Discord;Steam","MATLAB;Microsoft Word;Microsoft Excel;Microsoft Teams;Zoom","60 ","6","4","4","20","150","3","Otro","2","4","4","1","Saturación de RAM / Ralentización"
"2026/09/17 4:15:48 p.m. GMT-5","Grupo 2","Ingeniería Química","5","5","15.4","3 (Neutral)","Lenovo IdeaPad 3 15ALC6","Lenovo","Laptop convencional","5","14.0""","Sí","12th Gen Intel(R) Core(TM) i5 - 12450H","Gama Media (Intel Core i5, Core Ultra 5, AMD Ryzen 5, Apple M1/M2/M3 base)","16","NVIDIA GeForce RTX 3060 Laptop GPU","Unidad de Estado Sólido (SSD)","5.6","Minecraft","Zoom","2","5","5","4","5","150","3","Autodesk (Fusion 360, AutoCAD, Revit)","5","5","4","5","Agotamiento acelerado de batería"
"2026/09/17 4:27:12 p.m. GMT-5","Grupo 2","Ciencias de la Computación","6","5","13.4","2 (Insatisfecho)","Lenovo Loq 15iax9","Lenovo","Laptop convencional","2","15.6""","Sí","Intel","Gama Media (Intel Core i5, Core Ultra 5, AMD Ryzen 5, Apple M1/M2/M3 base)","24","NVIDIA GeForce RTX 3050","Unidad de Estado Sólido (SSD)","11.9","Google Chrome;Microsoft Edge;WhatsApp;Discord;Steam;Epic Games Launcher;Roblox","Visual Studio Code;IntelliJ IDEA;PyCharm;Microsoft Word;Microsoft Excel;Microsoft PowerPoint;Microsoft OneNote;Zoom","90","4","3","5","10.5","110","La mantengo conectada","Ninguno","5","4","5","0","No experimento interrupciones con mi laptop"
"2026/09/17 5:15:11 p.m. GMT-5","Grupo 5","Ingeniería Electrónica","3","6","13.5","2 (Insatisfecho)","HP Probook 445 g8","HP","Laptop convencional","1","14.0""","Sí","Amd Ryzen 5 5600u","Gama Media (Intel Core i5, Core Ultra 5, AMD Ryzen 5, Apple M1/M2/M3 base)","16","Vega 7","Unidad de Estado Sólido (SSD)","11","Google Chrome;Microsoft Edge;Mozilla Firefox;WhatsApp;Discord;Steam;Minecraft","Visual Studio Code;MATLAB;RStudio;GeoGebra;Microsoft Word;Microsoft Excel;Microsoft PowerPoint;Zoom","60","4","4","4","6","240","1","Ninguno","4","8","4","0","No experimento interrupciones con mi laptop"
"2026/09/17 5:25:02 p.m. GMT-5","Grupo 5","Ingeniería Civil","5","2","12","4 (Satisfecho)","Lenovo","Lenovo","Laptop convencional","5","16"" o mayor","No",".","Gama Alta (Intel Core i7/i9, Core Ultra 7/9, AMD Ryzen 7/9, Apple Pro/Max)","2","No recuerdo ","Disco Duro Mecánico (HDD)","32","Google Chrome;Spotify;WhatsApp","MATLAB;RStudio;GeoGebra;Microsoft Word;Microsoft Excel;Microsoft PowerPoint;Microsoft Teams;Zoom","100","0","3","3","6","2","Más de 3","Autodesk (Fusion 360, AutoCAD, Revit)","2","4","3","2","Saturación de RAM / Ralentización"
"2026/09/17 5:28:57 p.m. GMT-5","Grupo 5","Ciencias de la Computación","6","5","15.2","3 (Neutral)","Lenovo Loq 15","Lenovo","Laptop convencional","1","15.6""","Sí","Amd ryzen 7 7435HS (16)","Gama Alta (Intel Core i7/i9, Core Ultra 7/9, AMD Ryzen 7/9, Apple Pro/Max)","24","Nvidia Geforce RTX 4050 Max-Q","Unidad de Estado Sólido (SSD)","10.5","Google Chrome;WhatsApp;Discord","Visual Studio Code;Visual Studio;Microsoft Excel;Adobe Acrobat Reader;Zoom","180","6","3","4","7","130","La mantengo conectada","Otro","6","5","4","1","Sobrecalentamiento térmico del equipo"
"2026/09/17 5:40:28 p.m. GMT-5","Grupo 5","Bioingeniería","2","6","13.2","3 (Neutral)","HP laptop 14-ep1xxx","HP","Laptop convencional","2","14.0""","No","Intel (R) core(Tm)ultra 5 125h","Gama Media (Intel Core i5, Core Ultra 5, AMD Ryzen 5, Apple M1/M2/M3 base)","8.0","Intel(R) graphics","Unidad de Estado Sólido (SSD)","443","Google Chrome;Spotify;WhatsApp;Discord;Steam;Epic Games Launcher;Valorant;Roblox;EA Sports FC","PyCharm;MATLAB;GeoGebra;Microsoft Word;Microsoft Excel;Adobe Acrobat Reader;Zoom","120","6","3","4","5","130","La mantengo conectada","MATLAB, Python / Entornos IDE (VS Code, PyCharm)","4","3","4","0","Sobrecalentamiento térmico del equipo"
"2026/09/17 5:49:13 p.m. GMT-5","Grupo 5","Ciencia de Datos e Inteligencia Artificial","1","6","15.6","4 (Satisfecho)","Lenovo LOQ Essential","Lenovo","Laptop convencional","1","15.6""","No","Ryzen","Gama Alta (Intel Core i7/i9, Core Ultra 7/9, AMD Ryzen 7/9, Apple Pro/Max)","16","nvidia 3050","Unidad de Estado Sólido (SSD)","7","Google Chrome;Discord;Steam;Dota 2","Visual Studio Code;PyCharm;Jupyter Notebook;RStudio;Microsoft Word;Microsoft Excel;Microsoft PowerPoint;Microsoft Teams;Zoom","180","5","4","4","5","150","La mantengo conectada","Ninguno","4","3","4","0","No experimento interrupciones con mi laptop"
"2026/09/17 5:57:18 p.m. GMT-5","Grupo 7","Ingeniería Mecatrónica","4","6","15.6","3 (Neutral)","hp pavilion 15 eh0022la","HP","Laptop convencional","6","14.0""","No","Ryzen","Gama Media (Intel Core i5, Core Ultra 5, AMD Ryzen 5, Apple M1/M2/M3 base)","8","GPU 0","Unidad de Estado Sólido (SSD)","5.4","Google Chrome;WhatsApp;Steam;Roblox","Visual Studio Code;Visual Studio;PyCharm;MATLAB;RStudio;GeoGebra;Autodesk Inventor;Microsoft Word;Microsoft Excel;Microsoft PowerPoint;Microsoft OneNote;Microsoft Teams;Zoom","180","4","4","4","2","200","2","Navegador web (Múltiples pestañas de estudio abiertas)","2","5","3","0","Saturación de RAM / Ralentización"
"2026/09/17 6:00:54 p.m. GMT-5","Grupo 5","Ingeniería Civil","10","2","14.5","4 (Satisfecho)","HP Probook","HP","Laptop convencional","5","14.0""","Sí","AMD RYSEN 5","Gama Media (Intel Core i5, Core Ultra 5, AMD Ryzen 5, Apple M1/M2/M3 base)","24","NVIDIA","Unidad de Estado Sólido (SSD)","6.4","Google Chrome;Spotify;WhatsApp;Discord;Steam;Epic Games Launcher;Minecraft;Roblox;GTA V","AutoCAD;Microsoft Excel;Zoom","200","1","2","4","5.5","180","2","Autodesk (Fusion 360, AutoCAD, Revit)","5","5","4","1","Sobrecalentamiento térmico del equipo"
"2026/09/17 6:02:53 p.m. GMT-5","Grupo 5","Ingeniería Civil","6","6","16.7","3 (Neutral)","ASUS ROG STRIX G16","ASUS","Laptop convencional","2","16"" o mayor","Sí","13th Gen Intel core i9","Gama Alta (Intel Core i7/i9, Core Ultra 7/9, AMD Ryzen 7/9, Apple Pro/Max)","16","RTX 4060","Unidad de Estado Sólido (SSD)","5.9","Google Chrome;Minecraft","AutoCAD;Zoom","4 ","3","5","4","10","190","3","Autodesk (Fusion 360, AutoCAD, Revit)","3","3","3","0","No experimento interrupciones con mi laptop"
"2026/09/17 6:04:05 p.m. GMT-5","Grupo 2","Ingeniería Mecatrónica","2","5","11.8","1 (Muy insatisfecho)","Omen 16","HP","Laptop convencional","1","16"" o mayor","Sí","Intel(R) core(TM) i7-14650HX","Gama Alta (Intel Core i7/i9, Core Ultra 7/9, AMD Ryzen 7/9, Apple Pro/Max)","16","Rtx 5060","Unidad de Estado Sólido (SSD)","2","Google Chrome;Microsoft Edge;WhatsApp;Discord;Steam;Epic Games Launcher;Valorant;League of Legends;Counter-Strike 2;Fortnite;Roblox","Visual Studio Code;Visual Studio;PyCharm;MATLAB;AutoCAD;Microsoft Word;Microsoft Excel;Microsoft PowerPoint;Microsoft OneNote;Microsoft Teams;Zoom","7","4","3","3","14","1","La mantengo conectada","MATLAB, Python / Entornos IDE (VS Code, PyCharm)","5","4","3","2","Agotamiento acelerado de batería"
"2026/09/17 6:05:25 p.m. GMT-5","Grupo 5","Ingeniería Civil","8","3","13","3 (Neutral)","ASPIRE 7","Acer","Laptop convencional","6","15.6""","Sí","Core i5","Gama Media (Intel Core i5, Core Ultra 5, AMD Ryzen 5, Apple M1/M2/M3 base)","8","Nvidia 1050","Disco Duro Mecánico (HDD)","5","Google Chrome;Microsoft Edge;Spotify;WhatsApp;Epic Games Launcher;Minecraft;Valorant","PyCharm;AutoCAD;ArcGIS;Microsoft Word;Microsoft Excel;Microsoft Teams;Zoom","120","5","3","4","5","120","La mantengo conectada","Ninguno","3","8","3","4","Sobrecalentamiento térmico del equipo"
"2026/09/17 6:07:08 p.m. GMT-5","Grupo 5","Ciencias de la Computación","2","6","14.4","3 (Neutral)","Lenovo loq ","Lenovo","Laptop convencional","2 ","16"" o mayor","Sí","AMD","Gama Alta (Intel Core i7/i9, Core Ultra 7/9, AMD Ryzen 7/9, Apple Pro/Max)","28 ","NVIDIA GeForce RTX 4050","Unidad de Estado Sólido (SSD)","16","Google Chrome;Microsoft Edge;Spotify;WhatsApp;Discord;Steam;Epic Games Launcher;Minecraft;Valorant;Counter-Strike 2;Fortnite","Microsoft Word;Microsoft Excel;Microsoft PowerPoint;Zoom","3","3","3","5","5","150","La mantengo conectada","Ninguno","4","4","5","0","No experimento interrupciones con mi laptop"
"2026/09/17 6:19:42 p.m. GMT-5","Grupo 5","Ingeniería Química","3","5","15","3 (Neutral)","Lenovo Legión I5","Lenovo","Laptop convencional","1","14.0""","No","Intel core i5 ","Gama Media (Intel Core i5, Core Ultra 5, AMD Ryzen 5, Apple M1/M2/M3 base)","8","Dedicada","Unidad de Estado Sólido (SSD)","12","Google Chrome;Microsoft Edge;Spotify;Discord;Steam;Dota 2","PyCharm;MATLAB;GeoGebra;Microsoft Word;Microsoft PowerPoint;Zoom","360","5","4","4","5","45","2","Navegador web (Múltiples pestañas de estudio abiertas)","4","4","4","0","Saturación de RAM / Ralentización"
"2026/09/17 6:22:46 p.m. GMT-5","Grupo 5","Ciencias de la Computación","2","6","12.4","3 (Neutral)","No tengo xd","Otra","Otro","-67","14.0""","No","Intel","No lo sé","67 ","6067","Unidad de Estado Sólido (SSD)","670","Google Chrome;Microsoft Edge;Spotify;WhatsApp;Discord;Steam;Epic Games Launcher;Minecraft;League of Legends;Fortnite;Roblox","Visual Studio;PyCharm","20","0","1","1","4","3","3","MATLAB, Python / Entornos IDE (VS Code, PyCharm)","7","8","5","67","No experimento interrupciones con mi laptop"
"2026/09/17 6:25:27 p.m. GMT-5","Grupo 5","Administración y Negocios Digitales","3","6","15.35","2 (Insatisfecho)","Asus vivobook i7","ASUS","Laptop convencional","0","16"" o mayor","No","I7","Gama Alta (Intel Core i7/i9, Core Ultra 7/9, AMD Ryzen 7/9, Apple Pro/Max)","16","No tiene pipipi","Unidad de Estado Sólido (SSD)","150","Google Chrome;Microsoft Edge;Spotify;WhatsApp;Discord;Steam;Valorant","Microsoft Word;Microsoft Excel;Microsoft PowerPoint;Adobe Acrobat Reader;Microsoft Teams;Zoom","1","Todos","5","4","4","2 ","3","Otro","0","5 ","5","2","Agotamiento acelerado de batería"
"2026/09/17 6:25:56 p.m. GMT-5","Grupo 5","Ingeniería Mecánica","2","6","13.6","3 (Neutral)","Acer nitro 5","Acer","Laptop convencional","4","15.6""","Sí","12th Gen Intel(R) Core(TM) i5-12450H","Gama Media (Intel Core i5, Core Ultra 5, AMD Ryzen 5, Apple M1/M2/M3 base)","8","Intel(R) UHD Graphics","Unidad de Estado Sólido (SSD)","728","Google Chrome;Discord;Steam;Epic Games Launcher;Roblox","MATLAB;GeoGebra;Autodesk Inventor;Zoom","120 ","7","2","3","2","2","2","Navegador web (Múltiples pestañas de estudio abiertas)","2","5","3","3","Agotamiento acelerado de batería"
"2026/09/17 6:38:28 p.m. GMT-5","Grupo 5","Ciencias de la Computación","2","6","19","3 (Neutral)","Huawei KLVL-WXXW","Otra","Convertible 2 en 1 (Pantalla táctil/giratoria 360°)","3","14.0""","Sí","AMD Ryzen 7 5700U with Radeon Graphics","Gama Alta (Intel Core i7/i9, Core Ultra 7/9, AMD Ryzen 7/9, Apple Pro/Max)","16","AMD Radeon(TM) Graphics","Unidad de Estado Sólido (SSD)","2.2","Google Chrome;Microsoft Edge;Spotify;WhatsApp;Discord;Steam;Minecraft;Roblox","Visual Studio Code;PyCharm;MATLAB;GeoGebra;Microsoft Word;Microsoft Excel;Microsoft PowerPoint;Zoom","90","4 o 5","3","4","3","240","3","Ninguno","4","4","4","2","Saturación de RAM / Ralentización"
"2026/09/17 6:54:50 p.m. GMT-5","Grupo 5","Ingeniería Mecánica","5","4","12","3 (Neutral)","Asus tuf f15","ASUS","Laptop convencional","1","15.6""","Sí","INTEL","Gama Media (Intel Core i5, Core Ultra 5, AMD Ryzen 5, Apple M1/M2/M3 base)","8","NVIDIA RTX 3050","Disco Duro Mecánico (HDD)","5","Google Chrome;Spotify;Discord;Steam;Epic Games Launcher;Fortnite;GTA V","RStudio;Microsoft Word;Microsoft Excel","2","1","4","5","5","70","La mantengo conectada","Ninguno","2","5","5","0","No experimento interrupciones con mi laptop"
"2026/09/17 6:54:52 p.m. GMT-5","Grupo 5","Ingeniería Civil","6","6","12.9","2 (Insatisfecho)","HP 15-dy5000la","HP","Laptop convencional","3","15.6""","No","Intel","Gama Media (Intel Core i5, Core Ultra 5, AMD Ryzen 5, Apple M1/M2/M3 base)","12","Intel core iris ","Unidad de Estado Sólido (SSD)","189","Google Chrome;Microsoft Edge;Spotify;Discord;Steam;Epic Games Launcher;Minecraft;Roblox","PyCharm;MATLAB;RStudio;GeoGebra;AutoCAD;Autodesk Inventor;ArcGIS;Microsoft Word;Microsoft Excel;Microsoft PowerPoint;Microsoft OneNote;Adobe Acrobat Reader;Microsoft Teams;Zoom","180","5","3","4","6","110","La mantengo conectada","Autodesk (Fusion 360, AutoCAD, Revit)","3","5","3","1","Agotamiento acelerado de batería"
"2026/09/17 6:55:04 p.m. GMT-5","Grupo 5","Ingeniería Química","4","6","14","2 (Insatisfecho)","Lenovo","Lenovo","Laptop convencional","1","15.6""","No","12 th gen intel","Gama Alta (Intel Core i7/i9, Core Ultra 7/9, AMD Ryzen 7/9, Apple Pro/Max)","25","Nvida geforce ","Disco Duro Mecánico (HDD)","15","Google Chrome;Microsoft Edge;Spotify;WhatsApp","Visual Studio Code;Visual Studio;PyCharm;MATLAB;RStudio;GeoGebra;Microsoft Word;Microsoft Excel;Microsoft PowerPoint;Zoom","60","5 veces","5","5","2.5","167","La mantengo conectada","Ninguno","3","2","4","0","No experimento interrupciones con mi laptop"
"2026/09/17 7:13:55 p.m. GMT-5","Grupo 5","Ingeniería Mecatrónica","7","7","15.7","4 (Satisfecho)","LaptopShop https://laptopshop.pe Asus ROG Zephyrus G16 GU605, Core Ultra 9-285H, 8GB RTX5070, 16GB ...","ASUS","Laptop convencional","4","14.0""","Sí","Intel","Gama Alta (Intel Core i7/i9, Core Ultra 7/9, AMD Ryzen 7/9, Apple Pro/Max)","40","ROG https://rog.asus.com GeForce RTX™ 4090 Tarjeta Gráficas GeForce RTX™ 40 Series Laptops","Unidad de Estado Sólido (SSD)","40","Google Chrome;Microsoft Edge;Spotify;WhatsApp;Discord;Steam;Minecraft","Visual Studio Code;Visual Studio;Android Studio;MATLAB;AutoCAD;Autodesk Inventor;Zoom","120","6","4","4","5","240","2","MATLAB, Python / Entornos IDE (VS Code, PyCharm)","7","4","4","0","No experimento interrupciones con mi laptop"
"2026/09/17 7:16:18 p.m. GMT-5","Grupo 5","Ingeniería Mecatrónica","8","6","16.5","3 (Neutral)","Asus vivobook","Otra","Laptop convencional","2","14.0""","No","Intel","Gama Media (Intel Core i5, Core Ultra 5, AMD Ryzen 5, Apple M1/M2/M3 base)","8","NVIDIA RTX 2080","Disco Duro Mecánico (HDD)","5","Google Chrome;Microsoft Edge;Spotify;WhatsApp;Discord;Steam;Epic Games Launcher;Minecraft;Valorant;League of Legends;Fortnite;Roblox","Visual Studio Code;PyCharm;Jupyter Notebook;MATLAB;RStudio;GeoGebra;AutoCAD;SolidWorks;Autodesk Inventor;Microsoft Word;Microsoft Excel;Microsoft PowerPoint;Microsoft OneNote;Adobe Acrobat Reader;Zoom","120","5","4","4","3","160","La mantengo conectada","Software de Análisis de Datos (RStudio, PowerBI)","7","4","4","0","Saturación de RAM / Ralentización"
"2026/09/17 7:25:08 p.m. GMT-5","Grupo 5","Ingeniería Mecatrónica","9","5","14.2","4 (Satisfecho)","Victus","Otra","Laptop convencional","1","13.3"" o menor","Sí","ADN Ryzen 7","Gama Alta (Intel Core i7/i9, Core Ultra 7/9, AMD Ryzen 7/9, Apple Pro/Max)","16","Integrada ","Unidad de Estado Sólido (SSD)","5.6","Google Chrome;Microsoft Edge;Spotify;WhatsApp;Discord;Steam;Valorant","MATLAB;AutoCAD;Autodesk Inventor;Microsoft Word;Microsoft Excel;Microsoft PowerPoint;Microsoft Teams;Zoom","1","6","4","4","5","4","2","MATLAB, Python / Entornos IDE (VS Code, PyCharm)","3","7","4","2","Cierre intempestivo de programas"
"2026/09/17 7:32:21 p.m. GMT-5","Grupo 5","Ingeniería Mecatrónica","2","6","16.65","3 (Neutral)","Lenovo Yoga 2 en 1","Lenovo","Convertible 2 en 1 (Pantalla táctil/giratoria 360°)","0","14.0""","Sí","AMD ryzen AI 7 350 w/Radeon 860M","Gama Alta (Intel Core i7/i9, Core Ultra 7/9, AMD Ryzen 7/9, Apple Pro/Max)","32","AMD Radeon(TM) 860M Graphics","Unidad de Estado Sólido (SSD)","14.5","Google Chrome;Spotify;WhatsApp;Discord;Steam;Minecraft;Valorant;Counter-Strike 2;Roblox","Visual Studio Code;IntelliJ IDEA;Jupyter Notebook;MATLAB;AutoCAD;Microsoft Word;Microsoft Excel;Microsoft PowerPoint;Microsoft OneNote;Zoom","90","6","5","4","3","240","1","Autodesk (Fusion 360, AutoCAD, Revit)","3","5","4","0","No experimento interrupciones con mi laptop"
"2026/09/17 7:36:02 p.m. GMT-5","Grupo 5","Ingeniería Mecatrónica","8","5","16","3 (Neutral)","ASUS TUF Gaming F15","ASUS","Laptop convencional","5","16"" o mayor","Sí","Nvidia","Gama Alta (Intel Core i7/i9, Core Ultra 7/9, AMD Ryzen 7/9, Apple Pro/Max)","16","Rtx 2070","Unidad de Estado Sólido (SSD)","5","Microsoft Edge;WhatsApp;Minecraft","Visual Studio Code;MATLAB;AutoCAD;Autodesk Inventor;Microsoft Word;Microsoft Excel;Microsoft PowerPoint;Zoom","180","5","2","4","6","60","La mantengo conectada","Autodesk (Fusion 360, AutoCAD, Revit)","4","6","2","5","Agotamiento acelerado de batería"
"2026/09/17 7:36:18 p.m. GMT-5","Grupo 5","Ciencia de Datos e Inteligencia Artificial","2","6","14.1","1 (Muy insatisfecho)","HP Pavilion Gaming Laptop 16-a0xxx","HP","Laptop convencional","3","14.0""","No","Intel(R) Core(TM) i5-10300H CPU @ 2.50GHz","Gama Media (Intel Core i5, Core Ultra 5, AMD Ryzen 5, Apple M1/M2/M3 base)","8","Intel(R) UHD Graphics","Unidad de Estado Sólido (SSD)","0.94","Google Chrome;WhatsApp;Discord;Steam","Visual Studio Code;Visual Studio;PyCharm;MATLAB;GeoGebra;Microsoft Word;Microsoft Excel;Microsoft PowerPoint;Adobe Acrobat Reader;Zoom","120","5","3","4","3.0","200","La mantengo conectada","Navegador web (Múltiples pestañas de estudio abiertas)","4","30","4","0","Saturación de RAM / Ralentización"
"2026/09/17 7:37:47 p.m. GMT-5","Grupo 5","Bioingeniería","3","6","13.75","3 (Neutral)","SKU del sistema	LENOVO_MT_83K1_BU_idea_FM_IdeaPad Slim 3 15IRH10","Lenovo","Laptop convencional","2","15.6""","No","3th Gen Intel(R) Core(TM) i7-13620H","Gama Alta (Intel Core i7/i9, Core Ultra 7/9, AMD Ryzen 7/9, Apple Pro/Max)","24","Intel(R) UHD Graphics","Unidad de Estado Sólido (SSD)","12.3","Google Chrome;Microsoft Edge;Mozilla Firefox;Discord","RStudio;Zoom","45","4","3","4","5","180","3","Navegador web (Múltiples pestañas de estudio abiertas)","2","4","4","0","No experimento interrupciones con mi laptop"
"2026/09/17 7:38:53 p.m. GMT-5","Grupo 5","Ingeniería Industrial","10","2","16","4 (Satisfecho)","Acer Nitro 5","Acer","Laptop convencional","5","16"" o mayor","Sí","Corei7","Gama Media (Intel Core i5, Core Ultra 5, AMD Ryzen 5, Apple M1/M2/M3 base)","16","Nivdia ","Unidad de Estado Sólido (SSD)","10","Google Chrome;Microsoft Edge;Mozilla Firefox;Spotify;WhatsApp;Steam;Minecraft;Valorant;Dota 2;Roblox;GTA V","Visual Studio Code;MATLAB;RStudio;Wolfram Mathematica;GeoGebra;SPSS;Microsoft Word;Microsoft Excel;Microsoft PowerPoint;Zoom","120","1","4","5","2","90","2","Software de Análisis de Datos (RStudio, PowerBI)","2","3","4","3","Cierre intempestivo de programas"
"2026/09/17 7:41:12 p.m. GMT-5","Grupo 5","Ingeniería Química","9","5","15.46","5 (Muy satisfecho)","HP Aero 13 pulgadas","HP","Laptop convencional","4","13.3"" o menor","No","AMD","Gama Alta (Intel Core i7/i9, Core Ultra 7/9, AMD Ryzen 7/9, Apple Pro/Max)","16","AMD","Unidad de Estado Sólido (SSD)","5","Google Chrome;Spotify;WhatsApp;Discord;Steam","MATLAB;RStudio","60","Todos","4","4","3","120","2","MATLAB, Python / Entornos IDE (VS Code, PyCharm)","4","4","3","3","Saturación de RAM / Ralentización"
"2026/09/17 7:46:12 p.m. GMT-5","Grupo 5","Ingeniería Mecatrónica","8","4","12.4","4 (Satisfecho)","Windows","ASUS","Laptop convencional","4","14.0""","Sí","Intel core i7","Gama Alta (Intel Core i7/i9, Core Ultra 7/9, AMD Ryzen 7/9, Apple Pro/Max)","8","NVIDIA Geforce RTX 3060","Unidad de Estado Sólido (SSD)","3.2","Google Chrome;Spotify;WhatsApp;Discord;Steam;Epic Games Launcher;Minecraft;Valorant;League of Legends","Visual Studio Code;MATLAB;Autodesk Inventor;Zoom","120","3","4","5","2","150","La mantengo conectada","Ninguno","3","4","5","0","No experimento interrupciones con mi laptop"
"2026/09/17 7:49:53 p.m. GMT-5","Grupo 5","Ingeniería Electrónica","10","4","14","3 (Neutral)","Hp Notebook ","HP","Laptop convencional","7","15.6""","No","Intel","Gama Media (Intel Core i5, Core Ultra 5, AMD Ryzen 5, Apple M1/M2/M3 base)","16","Integrada 2GB","Unidad de Estado Sólido (SSD)","4","Google Chrome;Discord;Steam;Minecraft","Visual Studio Code;IntelliJ IDEA;MATLAB;RStudio;Microsoft Word;Microsoft Excel;Microsoft PowerPoint;Microsoft OneNote;Zoom","120","5","3","4","8","60","3","MATLAB, Python / Entornos IDE (VS Code, PyCharm)","6","3","3","2","Saturación de RAM / Ralentización"
"2026/09/17 7:51:55 p.m. GMT-5","Grupo 5","Ingeniería Electrónica","10","3","15","3 (Neutral)","Asus zenbook 14","ASUS","Laptop convencional","2","14.0""","Sí","Amd Ryzen 7 8840W radeon 780M gaphics","Gama Alta (Intel Core i7/i9, Core Ultra 7/9, AMD Ryzen 7/9, Apple Pro/Max)","16","Amd radeon 780m","Unidad de Estado Sólido (SSD)","4.9","Google Chrome;Microsoft Edge;Spotify;WhatsApp;Discord;Steam;Epic Games Launcher;Minecraft;Roblox","PyCharm;MATLAB;AutoCAD;Microsoft Word;Microsoft Excel;Microsoft PowerPoint;Microsoft OneNote;Adobe Acrobat Reader;Microsoft Teams;Zoom","6","6","3","3","5","5","1","MATLAB, Python / Entornos IDE (VS Code, PyCharm)","5","5","4","5","Agotamiento acelerado de batería"
"2026/09/17 7:59:46 p.m. GMT-5","Grupo 5","Ingeniería Mecatrónica","3","7","17.8","2 (Insatisfecho)","Lenovo LOQ 15IAX9","Lenovo","Laptop convencional","2","15.6""","Sí","Intel y AMD","Gama Media (Intel Core i5, Core Ultra 5, AMD Ryzen 5, Apple M1/M2/M3 base)","16","6GB VRAM","Unidad de Estado Sólido (SSD)","12.8","Google Chrome","Visual Studio Code;Visual Studio;IntelliJ IDEA;PyCharm;Android Studio;Eclipse;Jupyter Notebook;MATLAB;RStudio;Wolfram Mathematica;GeoGebra;SPSS;AutoCAD;SolidWorks;Autodesk Inventor;ArcGIS;Microsoft Word;Microsoft Excel;Microsoft PowerPoint;Microsoft OneNote;Adobe Acrobat Reader;Microsoft Teams;Zoom","360","1","3","2","1","3","La mantengo conectada","MATLAB, Python / Entornos IDE (VS Code, PyCharm)","1","1","3","10","Sobrecalentamiento térmico del equipo"
"2026/09/17 8:02:15 p.m. GMT-5","Grupo 5","Ingeniería Mecánica","2","5","14","3 (Neutral)","Microsoft ","ASUS","Laptop convencional","1","15.6""","No","12th Gen Intel(R) Core(TM) i5-1235U","Gama Media (Intel Core i5, Core Ultra 5, AMD Ryzen 5, Apple M1/M2/M3 base)","12.0","Intel(R) Iris(R) Xe Graphics","Unidad de Estado Sólido (SSD)","4.4","Google Chrome;Microsoft Edge;WhatsApp;Steam","Microsoft Word;Zoom","120","5","3","3","3","3","2","Otro","1","8","3","2","Agotamiento acelerado de batería"
"2026/09/17 8:04:04 p.m. GMT-5","Grupo 5","Ingeniería Mecatrónica","3","6","16.4","4 (Satisfecho)","ASUS TUF Gaming F16 FX608JMR","ASUS","Laptop convencional","1","16"" o mayor","Sí","Intel","Gama Alta (Intel Core i7/i9, Core Ultra 7/9, AMD Ryzen 7/9, Apple Pro/Max)","32","NVIDIA GeForce RTX 5050 Laptop GPU","Unidad de Estado Sólido (SSD)","10.7","Spotify;WhatsApp;Discord;Steam;Epic Games Launcher;Minecraft;Valorant;Roblox","PyCharm;MATLAB;RStudio;AutoCAD;SolidWorks;Autodesk Inventor;Microsoft Word;Microsoft Excel;Zoom","60","3","3","5","2","140","La mantengo conectada","Ninguno","3","3","5","0","No experimento interrupciones con mi laptop"
"2026/09/17 8:09:54 p.m. GMT-5","Grupo 5","Administración y Negocios Digitales","5","6","15","4 (Satisfecho)","LENOVO IDEAPAD 3","Lenovo","Laptop convencional","1","14.0""","Sí","Intel","Gama Baja (Intel Core i3, AMD Ryzen 3, Celeron, Pentium)","16","NVIDIA geforce RTX","Disco Duro Mecánico (HDD)","3.2","Microsoft Edge;Spotify;Steam","IntelliJ IDEA;Eclipse;Microsoft Word;Microsoft Excel","4 ","7","3","3","3.4","2 ","2","Software de Análisis de Datos (RStudio, PowerBI)","4","5","2","2","Sobrecalentamiento térmico del equipo"
"2026/09/17 8:10:08 p.m. GMT-5","Grupo 5","Ingeniería Química","4","5","14.39","2 (Insatisfecho)","ASUS TUF Gaming A15 FA506NCQ","ASUS","Laptop convencional","1","15.6""","Sí","AMD Ryzen 7 710","Gama Alta (Intel Core i7/i9, Core Ultra 7/9, AMD Ryzen 7/9, Apple Pro/Max)","16","AMD Radeon(TM) Graphics","Unidad de Estado Sólido (SSD)","8.9","Google Chrome;Microsoft Edge;Mozilla Firefox","PyCharm;MATLAB;RStudio;GeoGebra;Microsoft Word;Microsoft Excel;Microsoft PowerPoint;Zoom","180","2","5","5","4","360","1","Ninguno","1","2","5","0","No experimento interrupciones con mi laptop"
"2026/09/17 8:11:43 p.m. GMT-5","Grupo 5","Ingeniería Ambiental","9","5","15.51","4 (Satisfecho)","20TBS1D900","Lenovo","Laptop convencional","4","14.0""","No","11th Gen Intel(R) Core(TM) i7-1165G7 @ 2.80GHz","Gama Alta (Intel Core i7/i9, Core Ultra 7/9, AMD Ryzen 7/9, Apple Pro/Max)","16.0","Integrada: Intel(R) Iris(R) Xe Graphics","Unidad de Estado Sólido (SSD)","3.8","Google Chrome;Microsoft Edge;Spotify;WhatsApp;Discord;Steam;Roblox","ArcGIS;Microsoft Word;Microsoft Excel;Adobe Acrobat Reader;Zoom","120","4","5","4","5","150","3","Otro","1","4","4","0","Cierre intempestivo de programas"
"2026/09/17 8:13:57 p.m. GMT-5","Grupo 5","Ingeniería Química","4","5","12.5","3 (Neutral)","M1502IA-EJ025W","Dell","Laptop convencional","2","14.0""","No","No lo sé ","Gama Media (Intel Core i5, Core Ultra 5, AMD Ryzen 5, Apple M1/M2/M3 base)","16","AMD Radeon 5000","Unidad de Estado Sólido (SSD)","14","Spotify;WhatsApp;Discord;Epic Games Launcher;League of Legends;Roblox","PyCharm;MATLAB;Zoom","65","0","5","5","2","2","2","Ninguno","0","3","5","0","No experimento interrupciones con mi laptop"
"2026/09/17 8:15:57 p.m. GMT-5","Grupo 5","Ingeniería Electrónica","3","3","14","2 (Insatisfecho)","lenovo slim 3","Lenovo","Laptop convencional","1","15.6""","No","amd ryzen 7 5825U with radeon graphics","Gama Media (Intel Core i5, Core Ultra 5, AMD Ryzen 5, Apple M1/M2/M3 base)","16","amd radeon TM graphics","Unidad de Estado Sólido (SSD)","3","Google Chrome;Microsoft Edge;Spotify;Steam;Minecraft;League of Legends;Counter-Strike 2;Dota 2","Visual Studio Code;MATLAB;RStudio;GeoGebra;Microsoft Word;Microsoft Excel;Microsoft PowerPoint;Zoom","50 ","5","3","4","4","4","2","Autodesk (Fusion 360, AutoCAD, Revit)","3","3","3","1","Saturación de RAM / Ralentización"
"2026/09/17 8:16:48 p.m. GMT-5","Grupo 5","Administración y Negocios Digitales","4","6","16","3 (Neutral)","Thinkpad Lenovo","Lenovo","Laptop convencional","4","15.6""","Sí","intel Core i5-8250U","Gama Alta (Intel Core i7/i9, Core Ultra 7/9, AMD Ryzen 7/9, Apple Pro/Max)","40","620","Unidad de Estado Sólido (SSD)","4.2","Google Chrome;Microsoft Edge;Spotify;WhatsApp;Discord;Minecraft;Roblox","PyCharm;RStudio;Wolfram Mathematica;GeoGebra;Microsoft Word;Microsoft Excel;Microsoft PowerPoint;Microsoft OneNote;Microsoft Teams;Zoom","40","5","4","5","5.5","180","1","Ninguno","1","4","4","0","No experimento interrupciones con mi laptop"
"2026/09/17 8:29:20 p.m. GMT-5","Grupo 5","Ciencia de Datos e Inteligencia Artificial","8","4","15.6","3 (Neutral)","MacBook Pro 2019 ","Apple (MacBook)","Laptop convencional","3","16"" o mayor","Sí","Intel core","Gama Media (Intel Core i5, Core Ultra 5, AMD Ryzen 5, Apple M1/M2/M3 base)","128","No tiene","Unidad de Estado Sólido (SSD)","74","Google Chrome","Visual Studio Code;Jupyter Notebook;MATLAB","250","3","4","4","8","100","La mantengo conectada","MATLAB, Python / Entornos IDE (VS Code, PyCharm)","5","3","4","0","No experimento interrupciones con mi laptop"
"2026/09/17 8:35:11 p.m. GMT-5","Grupo 5","Bioingeniería","9","6","14.7","3 (Neutral)","HP ENVY X360 CONVERTIBLE 15m-dr0xxx","HP","Convertible 2 en 1 (Pantalla táctil/giratoria 360°)","5","15.6""","Sí","Intel(R) Core (TM) i7 8565U","Gama Alta (Intel Core i7/i9, Core Ultra 7/9, AMD Ryzen 7/9, Apple Pro/Max)","8","Intel(R) UHD Graphics 620","Unidad de Estado Sólido (SSD)","1.3","Google Chrome;WhatsApp;Steam","MATLAB;RStudio;Zoom","5","5","3","4","6","150","2","MATLAB, Python / Entornos IDE (VS Code, PyCharm)","3","4","4","3","Sobrecalentamiento térmico del equipo"
"2026/09/17 9:07:19 p.m. GMT-5","Grupo 5","Ingeniería Mecánica","3","5","13","2 (Insatisfecho)","HP Pavilion Gaming 15-dk1000","HP","Laptop convencional","5","15.6""","Sí","Intel(R) Core(TM) i5-10300H CPU @ 2,50GHz","Gama Media (Intel Core i5, Core Ultra 5, AMD Ryzen 5, Apple M1/M2/M3 base)","16","GTX1650","Unidad de Estado Sólido (SSD)","5","Google Chrome;Microsoft Edge;Spotify;WhatsApp;Discord;Steam;Epic Games Launcher;Minecraft;Valorant;League of Legends;Fortnite;Roblox;GTA V;EA Sports FC","Visual Studio Code;Visual Studio;IntelliJ IDEA;PyCharm;Jupyter Notebook;MATLAB;RStudio;GeoGebra;AutoCAD;SolidWorks;Autodesk Inventor;Microsoft Word;Microsoft Excel","60","5","2","1","2","100","3","Ninguno","4","3","4","0","Saturación de RAM / Ralentización"
"2026/09/17 9:29:05 p.m. GMT-5","Grupo 5","Bioingeniería","3","6","14.2","3 (Neutral)","Vivobook_ASUSLaptop X1502VA_X1502VA","ASUS","Laptop convencional","1","15.6""","No","13th Gen Intel(R) Core(TM) i5-13420H","Gama Media (Intel Core i5, Core Ultra 5, AMD Ryzen 5, Apple M1/M2/M3 base)","12","Intel(R) UHD Graphics","Unidad de Estado Sólido (SSD)","5.7","Google Chrome;WhatsApp;Discord;Steam;Roblox","MATLAB;GeoGebra;Microsoft Word;Microsoft Teams;Zoom","80","3","4","4","4","180","3","Autodesk (Fusion 360, AutoCAD, Revit)","1","5","3","0","No experimento interrupciones con mi laptop"
"2026/09/17 9:32:11 p.m. GMT-5","Grupo 5","Sistemas de Información","4","5","14","3 (Neutral)",".","Apple (MacBook)","Otro","0","14.0""","Sí","A","Gama Alta (Intel Core i7/i9, Core Ultra 7/9, AMD Ryzen 7/9, Apple Pro/Max)","2","R","Unidad de Estado Sólido (SSD)","1","Microsoft Edge","Visual Studio","2","2","3","4","5","3","3","Simuladores de electrónica (Proteus, Multisim, LTspice)","5","5","4","5","Cierre intempestivo de programas"
"2026/09/17 9:34:38 p.m. GMT-5","Grupo 5","Ingeniería Química","6","4","12","2 (Insatisfecho)","Lenovo LOQ ","Lenovo","Laptop convencional","1","15.6""","Sí","Ryzen 7","Gama Alta (Intel Core i7/i9, Core Ultra 7/9, AMD Ryzen 7/9, Apple Pro/Max)","16","Rtx 4050","Unidad de Estado Sólido (SSD)","6.7","Google Chrome;Mozilla Firefox;WhatsApp;Discord;Steam;Epic Games Launcher;Fortnite;Roblox","MATLAB;Microsoft Word;Microsoft Excel;Zoom","80","2","2","5","2","120","La mantengo conectada","Ninguno","2","6","5","0","No experimento interrupciones con mi laptop"
"2026/09/17 9:36:39 p.m. GMT-5","Grupo 5","Ingeniería Ambiental","9","4","14","3 (Neutral)","Lenovo IdeaPad 5 14ITL05","Lenovo","Laptop convencional","5","15.6""","No","11th intel core i5","Gama Media (Intel Core i5, Core Ultra 5, AMD Ryzen 5, Apple M1/M2/M3 base)","500","NVIDIA/AMD","Unidad de Estado Sólido (SSD)","8","Google Chrome;Microsoft Edge;Spotify;WhatsApp","MATLAB;RStudio;ArcGIS;Microsoft Excel;Adobe Acrobat Reader;Zoom","120","3","4","3","8 ","60","Más de 3","Otro","4","5","3","2","Saturación de RAM / Ralentización"
"2026/09/17 9:36:45 p.m. GMT-5","Grupo 5","Ingeniería Química","2","7","16.3","2 (Insatisfecho)","Acer Nitro 5","Acer","Laptop convencional","3","15.6""","Sí","Intel","Gama Media (Intel Core i5, Core Ultra 5, AMD Ryzen 5, Apple M1/M2/M3 base)","16","Nvidia Rtx 3050","Unidad de Estado Sólido (SSD)","4.6","Google Chrome;Microsoft Edge;Spotify;Discord;Steam;Epic Games Launcher;Roblox","PyCharm;MATLAB;Microsoft Teams;Zoom","30 ","Todos los días","2","3","5","60","La mantengo conectada","MATLAB, Python / Entornos IDE (VS Code, PyCharm)","3","3","3","2","Agotamiento acelerado de batería"
"2026/09/17 9:47:58 p.m. GMT-5","Grupo 5","Ingeniería Industrial","6","5","14","3 (Neutral)","Lenovo LOQ7","Lenovo","Laptop convencional","3","16"" o mayor","Sí","Intel ","Gama Alta (Intel Core i7/i9, Core Ultra 7/9, AMD Ryzen 7/9, Apple Pro/Max)","16","nvidia rtx 4050","Unidad de Estado Sólido (SSD)","12.3","Google Chrome;Spotify;WhatsApp;Discord;Steam","RStudio","20 ","5","4","4","3","150","1","Autodesk (Fusion 360, AutoCAD, Revit)","4","5","5","0","No experimento interrupciones con mi laptop"
"2026/09/17 9:48:24 p.m. GMT-5","Grupo 5","Ingeniería Mecatrónica","9","4","14.3","2 (Insatisfecho)","Asus tuf f15","ASUS","Laptop convencional","5","13.3"" o menor","Sí","Intel","Gama Media (Intel Core i5, Core Ultra 5, AMD Ryzen 5, Apple M1/M2/M3 base)","16","NVIDIA GeForce 3050","Disco Duro Mecánico (HDD)","2","Google Chrome;Microsoft Edge;Spotify;WhatsApp;Discord;Steam;Minecraft","MATLAB;AutoCAD;SolidWorks;Autodesk Inventor;Microsoft Excel","240","3","1","4","8","30","La mantengo conectada","Autodesk (Fusion 360, AutoCAD, Revit)","2","4","3","0","No experimento interrupciones con mi laptop"
"2026/09/17 9:48:45 p.m. GMT-5","Grupo 5","Ingeniería Mecatrónica","6","5","13.8","3 (Neutral)","LenovoLOQ7","Lenovo","Laptop convencional","2","16"" o mayor","Sí","Intel","Gama Alta (Intel Core i7/i9, Core Ultra 7/9, AMD Ryzen 7/9, Apple Pro/Max)","16","NVIDIA RTX 4050","Unidad de Estado Sólido (SSD)","12.3","Spotify;WhatsApp;Discord;Steam;Epic Games Launcher;Minecraft;Valorant;Counter-Strike 2;Fortnite;Roblox;GTA V","Visual Studio Code;PyCharm;MATLAB;RStudio;Autodesk Inventor;Microsoft Word;Microsoft Excel;Microsoft PowerPoint;Adobe Acrobat Reader;Zoom","120","6","4","4","7","300","1","Ninguno","5","5","4","0","No experimento interrupciones con mi laptop"
"2026/09/17 10:24:09 p.m. GMT-5","Grupo 5","Ingeniería Mecánica","5","5","13.4","4 (Satisfecho)","Loq","Lenovo","Laptop convencional","1","14.0""","Sí","Ryzen","Gama Alta (Intel Core i7/i9, Core Ultra 7/9, AMD Ryzen 7/9, Apple Pro/Max)","32"," GeForce RTX 3060","Unidad de Estado Sólido (SSD)","12.2","Google Chrome;Steam","Visual Studio Code;AutoCAD;Autodesk Inventor;Microsoft Word;Microsoft Excel;Adobe Acrobat Reader","15 ","Lunes a sábado ","5","5","8","3","Más de 3","Ninguno","6","3","5","0","No experimento interrupciones con mi laptop"
"2026/09/17 10:38:03 p.m. GMT-5","Grupo 5","Ingeniería Química","4","5","14.3","3 (Neutral)","Modelo del sistema	ASUS TUF Gaming F15 FX507ZC4_FX507ZC4","ASUS","Laptop convencional","2","15.6""","Sí","12th Gen Intel(R) Core(TM) i5-12500H","Gama Media (Intel Core i5, Core Ultra 5, AMD Ryzen 5, Apple M1/M2/M3 base)","16","Intel(R) UHD Graphics","Unidad de Estado Sólido (SSD)","2.2","Google Chrome;Microsoft Edge;Mozilla Firefox;Spotify;WhatsApp;Discord;Epic Games Launcher;Minecraft;Valorant;Roblox","PyCharm;MATLAB;RStudio;GeoGebra;Adobe Acrobat Reader;Zoom","240","1","4","5","4","90","3","Navegador web (Múltiples pestañas de estudio abiertas)","3","6","3","2","Agotamiento acelerado de batería"
"2026/09/17 10:56:54 p.m. GMT-5","Grupo 5","Ingeniería Ambiental","6","5","17.3","4 (Satisfecho)","Hp back&olufsen","HP","Convertible 2 en 1 (Pantalla táctil/giratoria 360°)","9","14.0""","Sí","12 gen","Gama Alta (Intel Core i7/i9, Core Ultra 7/9, AMD Ryzen 7/9, Apple Pro/Max)","16","Nose","Unidad de Estado Sólido (SSD)","4.2","Google Chrome;Microsoft Edge;Spotify;WhatsApp;Epic Games Launcher","PyCharm;MATLAB;RStudio;GeoGebra;Autodesk Inventor;ArcGIS;Microsoft Word;Microsoft Excel;Microsoft PowerPoint;Microsoft OneNote;Microsoft Teams","180","5","5","5","3","150","1","Navegador web (Múltiples pestañas de estudio abiertas)","5","4","4","3","Saturación de RAM / Ralentización"
"2026/09/18 6:53:51 a.m. GMT-5","Grupo 6","Ingeniería Industrial","10","1","15.5","4 (Satisfecho)","Hp Pavilion Gaming Laptop 15-Dk1xxx","HP","Laptop convencional","3","13.3"" o menor","Sí","Intel(r) core TM i5 10300H cpu @ 2.50GHZ","Gama Media (Intel Core i5, Core Ultra 5, AMD Ryzen 5, Apple M1/M2/M3 base)","16","Intel r uhd graphics","Unidad de Estado Sólido (SSD)","3.3","Google Chrome;Microsoft Edge;Discord;Steam","Visual Studio Code;Visual Studio;Jupyter Notebook;RStudio;Microsoft Word;Microsoft Excel;Microsoft PowerPoint;Microsoft OneNote;Microsoft Teams;Zoom","120","2","4","4","4","60","2","Ninguno","1","1","4","0","Sobrecalentamiento térmico del equipo"
"2026/09/18 7:39:39 a.m. GMT-5","Grupo 5","Ingeniería Mecatrónica","9","5","15.79","3 (Neutral)","Legion-5-16irx9 ","Lenovo","Laptop convencional","1","15.6""","Sí","Intel","Gama Alta (Intel Core i7/i9, Core Ultra 7/9, AMD Ryzen 7/9, Apple Pro/Max)","16","NVIDIA rtx 4060","Unidad de Estado Sólido (SSD)","6","Microsoft Edge;WhatsApp;Steam","Visual Studio Code;MATLAB;Autodesk Inventor;Zoom","60","4","3","4","3","120","2","Otro","6","4","4","2","Saturación de RAM / Ralentización"
"2026/09/18 10:30:32 a.m. GMT-5","Grupo 2","Ciencias de la Computación","4","6","16.35","2 (Insatisfecho)","Helios Neo 16 PHN16-72-99PA","Acer","Laptop convencional","2","16"" o mayor","Sí","Intel","Gama Alta (Intel Core i7/i9, Core Ultra 7/9, AMD Ryzen 7/9, Apple Pro/Max)","32","NVIDIA GeForce RTX 4060 Laptop GPU","Unidad de Estado Sólido (SSD)","15.1","Google Chrome;Spotify;WhatsApp;Discord;Steam;Epic Games Launcher;Minecraft;Valorant;League of Legends;Fortnite","Visual Studio Code;Visual Studio;IntelliJ IDEA;PyCharm;Android Studio;MATLAB;RStudio;Microsoft Word;Microsoft Excel;Microsoft PowerPoint;Microsoft OneNote;Adobe Acrobat Reader;Zoom","300","5","3","5","8","100","2","Ninguno","7","8","5","1","Sobrecalentamiento térmico del equipo"
"2026/09/18 10:37:14 a.m. GMT-5","Grupo 2","Ingeniería Mecatrónica","4","4","13.2","1 (Muy insatisfecho)","Lenovo 82TT","Lenovo","Laptop convencional","1","14.0""","No","12th Gen Intel(R) Core (TM) i3-1315U","Gama Baja (Intel Core i3, AMD Ryzen 3, Celeron, Pentium)","8","Intel(R) UHD GRAPHICS ","Unidad de Estado Sólido (SSD)","1000","Google Chrome;Microsoft Edge;Epic Games Launcher;Minecraft;Roblox","GeoGebra;Microsoft Word;Microsoft PowerPoint;Adobe Acrobat Reader;Zoom","120","5","5","4","2","4","1","Autodesk (Fusion 360, AutoCAD, Revit)","2","6","3","0","Saturación de RAM / Ralentización"
"2026/09/18 10:39:41 a.m. GMT-5","Grupo 2","Ciencia de Datos e Inteligencia Artificial","4","6","14.4","3 (Neutral)","Asus Zenbook S16","ASUS","Laptop convencional","1","16"" o mayor","Sí","AMD Ryzen AI 9 HX 370 w","Gama Alta (Intel Core i7/i9, Core Ultra 7/9, AMD Ryzen 7/9, Apple Pro/Max)","32","AMD Radeon(TM) 890M Graphics","Unidad de Estado Sólido (SSD)","11.8","Google Chrome;Microsoft Edge;Spotify;WhatsApp;Discord;Steam;Epic Games Launcher;Minecraft;Valorant;Counter-Strike 2;Roblox","Visual Studio Code;PyCharm;Jupyter Notebook;GeoGebra;Microsoft Word;Adobe Acrobat Reader;Microsoft Teams;Zoom","70","5","4","4","2","360","1","Ninguno","4","3","4","0","No experimento interrupciones con mi laptop"
"2026/09/18 10:40:23 a.m. GMT-5","Grupo 2","Ciencias de la Computación","4","6","16.55","3 (Neutral)","Victus by HP Gaming Laptop 15-fa0xxx","Otra","Laptop convencional","2","15.6""","Sí","12th Gen Intel(R) Core(TM) i5-12450H","Gama Media (Intel Core i5, Core Ultra 5, AMD Ryzen 5, Apple M1/M2/M3 base)","16","Intel(R) UHD Graphics","Unidad de Estado Sólido (SSD)","2.1","Google Chrome;Microsoft Edge;Spotify;WhatsApp","Visual Studio Code;IntelliJ IDEA;PyCharm;Android Studio;MATLAB;RStudio;GeoGebra;Microsoft Word;Microsoft Excel;Microsoft PowerPoint;Microsoft OneNote;Adobe Acrobat Reader;Zoom","60","6","3","4","8.5","130","La mantengo conectada","MATLAB, Python / Entornos IDE (VS Code, PyCharm)","5","7","4","0","Cierre intempestivo de programas"
"2026/09/18 10:44:17 a.m. GMT-5","Grupo 2","Ciencias de la Computación","4","6","14.9","3 (Neutral)","aspire lite 15","Acer","Laptop convencional","1","15.6""","No","amd ryzen 7 5700u","Gama Alta (Intel Core i7/i9, Core Ultra 7/9, AMD Ryzen 7/9, Apple Pro/Max)","16","amd radeon","Unidad de Estado Sólido (SSD)","5.1 ","Google Chrome;Microsoft Edge;Spotify;WhatsApp","Visual Studio Code;IntelliJ IDEA;PyCharm;MATLAB;RStudio;Microsoft Word;Microsoft Excel;Microsoft PowerPoint;Adobe Acrobat Reader;Zoom","90","6","5","3","3","8","1","Otro","2","3","3","3","Saturación de RAM / Ralentización"
"2026/09/18 11:14:19 a.m. GMT-5","Grupo 6","Sistemas de Información","5","7","17.1","5 (Muy satisfecho)","Lenovo IdeaPad 3 15ALC6","Lenovo","Laptop convencional","2","15.6""","No","Intel","Gama Media (Intel Core i5, Core Ultra 5, AMD Ryzen 5, Apple M1/M2/M3 base)","16","Integrada","Unidad de Estado Sólido (SSD)","4.5","Google Chrome;Microsoft Edge;Mozilla Firefox;Spotify;WhatsApp;Discord;Steam;Epic Games Launcher;Minecraft;League of Legends;Counter-Strike 2;Fortnite;Roblox","Visual Studio Code;Visual Studio;IntelliJ IDEA;PyCharm;Android Studio;Jupyter Notebook;MATLAB;Wolfram Mathematica;SPSS;ArcGIS;Microsoft Word;Microsoft Excel;Microsoft PowerPoint;Microsoft OneNote;Adobe Acrobat Reader;Zoom","120","6","1","3","4","90","La mantengo conectada","Ninguno","6","8","3","2","Saturación de RAM / Ralentización"
"2026/09/18 11:14:55 a.m. GMT-5","Grupo 2","Ciencia de Datos e Inteligencia Artificial","2","6","18.8","4 (Satisfecho)","ASUS VivoBook X509FA","ASUS","Laptop convencional","6","15.6""","No","Intel(R) Core(TM) i5-8265U CPU @ 1.60GHZ","No lo sé","12","GPU 0","Unidad de Estado Sólido (SSD)","1.7","Google Chrome;Microsoft Edge;Spotify;Discord;Steam;Epic Games Launcher;Minecraft;Roblox","PyCharm;MATLAB;Microsoft Word;Microsoft PowerPoint;Zoom","60","5","2","3","3","70","La mantengo conectada","Autodesk (Fusion 360, AutoCAD, Revit)","2","3","3","1","Agotamiento acelerado de batería"
"2026/09/18 11:28:05 a.m. GMT-5","Grupo 2","Ingeniería Mecatrónica","4","6","16.97","3 (Neutral)","Laptop Lenovo IdeaPad Slim 3 15ABR8 Ryzen 7 5825U 16GB 512GB FreeDOS 15.6 FHD Gris","Lenovo","Laptop convencional","1","15.6""","Sí","AMD","Gama Alta (Intel Core i7/i9, Core Ultra 7/9, AMD Ryzen 7/9, Apple Pro/Max)","16","AMD Radeon Graphics GPU 0","Unidad de Estado Sólido (SSD)","7.4","Google Chrome;Spotify;Steam;Roblox","MATLAB;Adobe Acrobat Reader;Zoom","30","4","3","4","0.5","120","1","Otro","1","2","4","0","No experimento interrupciones con mi laptop"
"2026/09/18 11:28:27 a.m. GMT-5","Grupo 2","Ciencias de la Computación","4","2","13","3 (Neutral)","Tuff Gaming G16 FX608LM","ASUS","Laptop convencional","1","14.0""","Sí","Intel","Gama Alta (Intel Core i7/i9, Core Ultra 7/9, AMD Ryzen 7/9, Apple Pro/Max)","32","dedicada","Unidad de Estado Sólido (SSD)","18","Microsoft Edge;Spotify;WhatsApp","Visual Studio Code;MATLAB;Zoom","150","3","4","5","4","240","1","Ninguno","6","4","5","0","No experimento interrupciones con mi laptop"
"2026/09/18 1:35:58 p.m. GMT-5","Grupo 5","Ciencias de la Computación","2","7","19.35","5 (Muy satisfecho)","MSI thin gf63 4050rtx","MSI","Laptop convencional","3","15.6""","Sí","NVDIA","Gama Alta (Intel Core i7/i9, Core Ultra 7/9, AMD Ryzen 7/9, Apple Pro/Max)","16","4050 rtx","Unidad de Estado Sólido (SSD)","13","Spotify;Discord;Steam","Visual Studio Code;MATLAB","2","6","1","2","10","120","La mantengo conectada","Ninguno","4","2","3","0","Agotamiento acelerado de batería"
"2026/09/18 1:36:24 p.m. GMT-5","Grupo 6","Ciencias de la Computación","4","5","14.6","4 (Satisfecho)","ASUS V16 V3607VH_V3607VH","ASUS","Laptop convencional","1","15.6""","Sí","Realtek 8852BE Wireless LAN WiFi 6 PCI-E NIC","Gama Alta (Intel Core i7/i9, Core Ultra 7/9, AMD Ryzen 7/9, Apple Pro/Max)","16","NVIDIA GeForce RTX 5050 Laptop GPU","Unidad de Estado Sólido (SSD)","2.7","Google Chrome;Microsoft Edge;WhatsApp;Discord","Visual Studio Code;IntelliJ IDEA;PyCharm;MATLAB;RStudio;Microsoft Word;Zoom","120","6","4","4","15","200","3","Otro","6","3","4","1","No experimento interrupciones con mi laptop"
"2026/09/18 1:59:52 p.m. GMT-5","Grupo 6","Administración y Negocios Digitales","4","6","15","4 (Satisfecho)","Dell Latitude 3400","Dell","Laptop convencional","2","14.0""","Sí","Nvidia","Gama Media (Intel Core i5, Core Ultra 5, AMD Ryzen 5, Apple M1/M2/M3 base)","16","Integrada ","Unidad de Estado Sólido (SSD)","11","Google Chrome;Microsoft Edge","PyCharm;Microsoft Word;Microsoft Excel;Microsoft PowerPoint;Microsoft OneNote;Zoom","120","5","4","5","3 ","180","2","Navegador web (Múltiples pestañas de estudio abiertas)","2","4","5","0","No experimento interrupciones con mi laptop"
"2026/09/18 2:02:29 p.m. GMT-5","Grupo 6","Ingeniería Industrial","2","6","17.3","2 (Insatisfecho)","Lenovo loq 15irx10","Lenovo","Laptop convencional","1","15.6""","Sí","Intel(R) Core(TM) i7-13700HX","Gama Alta (Intel Core i7/i9, Core Ultra 7/9, AMD Ryzen 7/9, Apple Pro/Max)","16 ","NVIDIA GeForce RTX 5050 Laptop GPU","Unidad de Estado Sólido (SSD)","8.0","Google Chrome;Microsoft Edge;Spotify;WhatsApp;Discord;Valorant","Visual Studio;PyCharm;MATLAB;RStudio;GeoGebra;Microsoft Word;Microsoft Excel;Microsoft PowerPoint;Zoom","3","4 ","2","4","6","100 ","La mantengo conectada","Ninguno","5","7","5","0","No experimento interrupciones con mi laptop"
"2026/09/18 2:11:30 p.m. GMT-5","Grupo 6","Ciencias de la Computación","4","6","15.1","3 (Neutral)","Aorus ","Otra","Laptop convencional","1","15.6""","Sí","No seeeee, limpienme soy un dato sucio","Gama Alta (Intel Core i7/i9, Core Ultra 7/9, AMD Ryzen 7/9, Apple Pro/Max)","100","No seeeee, limpienme soy un dato sucio","Unidad de Estado Sólido (SSD)","10","Google Chrome;Microsoft Edge;WhatsApp;Discord;Steam;Epic Games Launcher;Minecraft;Roblox","Visual Studio Code;Visual Studio;IntelliJ IDEA;PyCharm;Android Studio;MATLAB;RStudio;GeoGebra;Microsoft Excel;Microsoft PowerPoint;Microsoft OneNote;Zoom","2","5","3","5","7","200","3","Simuladores de electrónica (Proteus, Multisim, LTspice)","6","8","4","2","Saturación de RAM / Ralentización"
"2026/09/18 2:53:13 p.m. GMT-5","Grupo 2","Ingeniería Civil","4","5","17","3 (Neutral)"," Lenovo ThinkPad T16 Gen 4","Lenovo","Laptop convencional","1","16"" o mayor","Sí","Intel8R) Core(TM) Ultra 7 255U","Gama Alta (Intel Core i7/i9, Core Ultra 7/9, AMD Ryzen 7/9, Apple Pro/Max)","32","integrada","Unidad de Estado Sólido (SSD)","17.9","Google Chrome;Discord;Steam;Minecraft","IntelliJ IDEA;MATLAB;RStudio;Microsoft Word;Microsoft Excel;Microsoft PowerPoint;Adobe Acrobat Reader;Zoom","120 ","5","5","5","5.5","360","1","Ninguno","5","4","5","0","No experimento interrupciones con mi laptop"
"2026/09/18 2:58:21 p.m. GMT-5","Grupo 6","Ingeniería Industrial","2","6","13.4","3 (Neutral)","LevonoLOQIRX10","Lenovo","Laptop convencional","1","15.6""","Sí","Intel core i7 13700HX","Gama Baja (Intel Core i3, AMD Ryzen 3, Celeron, Pentium)","32","NVIDIA","Unidad de Estado Sólido (SSD)","6.5","Google Chrome;Microsoft Edge;Epic Games Launcher;Minecraft","PyCharm;MATLAB;Microsoft Word;Microsoft Excel;Microsoft PowerPoint;Zoom","5","6","3","3","2.5","2","2","MATLAB, Python / Entornos IDE (VS Code, PyCharm)","3","4","3","3","Saturación de RAM / Ralentización"
"2026/09/18 3:00:14 p.m. GMT-5","Grupo 6","Ingeniería Industrial","2","6","18.95","3 (Neutral)","IdeaPad L340 Gaming 15.6","Lenovo","Laptop convencional","6","15.6""","Sí","Intel","Gama Media (Intel Core i5, Core Ultra 5, AMD Ryzen 5, Apple M1/M2/M3 base)","16","Integrados","Unidad de Estado Sólido (SSD)","11.6","Google Chrome;Microsoft Edge;Spotify;Discord;Steam;Epic Games Launcher;Minecraft;Roblox","PyCharm;RStudio;SPSS;Microsoft Word;Microsoft Excel;Zoom","180","1","1","3","2","45","La mantengo conectada","Ninguno","5","5","4","0","No experimento interrupciones con mi laptop"
"2026/09/18 3:02:48 p.m. GMT-5","Grupo 6","Ingeniería Industrial","2","6","15.5","3 (Neutral)","GIGABYTE GAMING A16 CMH","Otra","Laptop convencional","0","16"" o mayor","Sí","Intel 13th Gen core(TM) i7-13620H","Gama Alta (Intel Core i7/i9, Core Ultra 7/9, AMD Ryzen 7/9, Apple Pro/Max)","16","Nvidia RTX 4050","Unidad de Estado Sólido (SSD)","7","Spotify;Steam;Epic Games Launcher;Minecraft;Valorant;League of Legends;Fortnite;Roblox","PyCharm;MATLAB;GeoGebra","60 ","Todos ","3","5","2","2","La mantengo conectada","Navegador web (Múltiples pestañas de estudio abiertas)","3","2","5","0","Saturación de RAM / Ralentización"
"2026/09/18 3:05:39 p.m. GMT-5","Grupo 6","Ingeniería Industrial","2","6","15","5 (Muy satisfecho)","Windows","Lenovo","Laptop convencional","1","14.0""","No","No se","Gama Alta (Intel Core i7/i9, Core Ultra 7/9, AMD Ryzen 7/9, Apple Pro/Max)","32","No se","Unidad de Estado Sólido (SSD)","8","Google Chrome;Microsoft Edge","PyCharm;Microsoft Word;Microsoft Excel;Microsoft PowerPoint;Microsoft OneNote;Zoom","58 ","6","5","5","2","240","1","Ninguno","3","3","5","0","No experimento interrupciones con mi laptop"
"2026/09/18 3:05:39 p.m. GMT-5","Grupo 6","Ingeniería Civil","4","7","15.6","4 (Satisfecho)","LOQ 15IAX9","Lenovo","Laptop convencional","1","14.0""","Sí","12th Gen Intel(R) Core(TM) i5-12450HX","Gama Media (Intel Core i5, Core Ultra 5, AMD Ryzen 5, Apple M1/M2/M3 base)","16","Intel(R) UHD Grafics","Unidad de Estado Sólido (SSD)","7.6","Google Chrome;Microsoft Edge;Discord;Steam;Epic Games Launcher;Minecraft;League of Legends","GeoGebra;AutoCAD;Adobe Acrobat Reader;Zoom","90","6","5","4","6","150","La mantengo conectada","Autodesk (Fusion 360, AutoCAD, Revit)","1","2","4","0","No experimento interrupciones con mi laptop"
"2026/09/18 3:08:23 p.m. GMT-5","Grupo 6","Ingeniería de la Energía","6","5","14.3","3 (Neutral)","HP VICTUS 15 fb0xxx","HP","Laptop convencional","4","15.6""","Sí","AMD Ryzen ","Gama Media (Intel Core i5, Core Ultra 5, AMD Ryzen 5, Apple M1/M2/M3 base)","8 ","NVIDIA RTX 3050","Unidad de Estado Sólido (SSD)","2","Google Chrome;Spotify;WhatsApp;Discord;Steam;Epic Games Launcher;Minecraft;Counter-Strike 2;Fortnite;Roblox","Visual Studio Code;PyCharm;MATLAB;Microsoft Word;Microsoft Excel;Zoom","30 ","3","2","3","3","120","La mantengo conectada","MATLAB, Python / Entornos IDE (VS Code, PyCharm)","2","4","3","0","Saturación de RAM / Ralentización"
"2026/09/18 3:10:12 p.m. GMT-5","Grupo 6","Ingeniería Industrial","2","6","16.25","3 (Neutral)","AMD Ryzen 5 7000 series ","Acer","Laptop convencional","2","16"" o mayor","No","ADM ryzen","Gama Media (Intel Core i5, Core Ultra 5, AMD Ryzen 5, Apple M1/M2/M3 base)","8","AMD radeon ","Unidad de Estado Sólido (SSD)","1.4","Google Chrome;Microsoft Edge;Steam;Epic Games Launcher;Counter-Strike 2;Dota 2","Visual Studio Code;PyCharm;MATLAB;AutoCAD;Microsoft Excel;Microsoft PowerPoint;Zoom","2","5","4","3","2.5","180 ","2","Autodesk (Fusion 360, AutoCAD, Revit)","2","2","4","0","Agotamiento acelerado de batería"
"2026/09/18 3:12:11 p.m. GMT-5","Grupo 6","Ingeniería Industrial","2","6","17.35","3 (Neutral)","Aspire A315-59","Acer","Laptop convencional","3","15.6""","No","12th Gen intel Core i5","Gama Media (Intel Core i5, Core Ultra 5, AMD Ryzen 5, Apple M1/M2/M3 base)","8","Intel Iris Xe Graphics","Unidad de Estado Sólido (SSD)","714","Google Chrome;Microsoft Edge;WhatsApp;Steam;Minecraft;Roblox","PyCharm;MATLAB;Microsoft Word;Microsoft Excel;Microsoft PowerPoint;Microsoft OneNote;Zoom","120","4","3","3","2","90","1","MATLAB, Python / Entornos IDE (VS Code, PyCharm)","2","4","4","1","Saturación de RAM / Ralentización"
"2026/09/18 3:15:52 p.m. GMT-5","Grupo 6","Ingeniería Mecatrónica","4","4","13","3 (Neutral)","Victus","Lenovo","Laptop convencional","1","14.0""","Sí","Gen intel","Gama Media (Intel Core i5, Core Ultra 5, AMD Ryzen 5, Apple M1/M2/M3 base)","16","Nvidia gforce","Unidad de Estado Sólido (SSD)","5.6","Google Chrome;Microsoft Edge;Spotify;WhatsApp;Discord;Steam;Epic Games Launcher;Minecraft;Valorant;Counter-Strike 2;Dota 2;Fortnite;Roblox;GTA V;EA Sports FC","Visual Studio Code;Visual Studio;PyCharm;MATLAB;RStudio;Wolfram Mathematica;GeoGebra;SPSS;AutoCAD;Autodesk Inventor;Microsoft Word;Microsoft Excel;Microsoft PowerPoint;Microsoft OneNote;Adobe Acrobat Reader;Microsoft Teams;Zoom","2","2","1","3","2 ","150","1","MATLAB, Python / Entornos IDE (VS Code, PyCharm)","3","2","3","0","Sobrecalentamiento térmico del equipo"
"2026/09/18 3:28:52 p.m. GMT-5","Grupo 6","Ingeniería Mecatrónica","10","5","15","5 (Muy satisfecho)","MacBook Air M5 2026","Apple (MacBook)","Laptop convencional","0","13.3"" o menor","Sí","Apple","Gama Alta (Intel Core i7/i9, Core Ultra 7/9, AMD Ryzen 7/9, Apple Pro/Max)","16","M5","Unidad de Estado Sólido (SSD)","14","Google Chrome;Spotify;WhatsApp;Discord","Visual Studio Code;PyCharm;MATLAB;RStudio;AutoCAD;Autodesk Inventor;Zoom","120 ","6","4","5","4","480","2","Ninguno","6","4","5","0","No experimento interrupciones con mi laptop"
"2026/09/18 3:30:34 p.m. GMT-5","Grupo 6","Sistemas de Información","8","5","16","4 (Satisfecho)","Asus vivobook 15","ASUS","Laptop convencional","2","15.6""","Sí","Intel core i7 12va generación ","Gama Alta (Intel Core i7/i9, Core Ultra 7/9, AMD Ryzen 7/9, Apple Pro/Max)","24 ","Intel iris ","Unidad de Estado Sólido (SSD)","17","Microsoft Edge;Spotify;WhatsApp","Visual Studio Code;Visual Studio;IntelliJ IDEA;Android Studio;Microsoft Word;Microsoft Excel;Microsoft PowerPoint;Microsoft Teams;Zoom","120","4","2","3","4","120","La mantengo conectada","Otro","5","5","3","3","Sobrecalentamiento térmico del equipo"
"2026/09/18 3:31:45 p.m. GMT-5","Grupo 6","Sistemas de Información","7","6","14","3 (Neutral)","Lenovo thinkpad E15","Lenovo","Laptop convencional","3","14.0""","No","Lenovo ","Gama Alta (Intel Core i7/i9, Core Ultra 7/9, AMD Ryzen 7/9, Apple Pro/Max)","500","Gtrx 360","Unidad de Estado Sólido (SSD)","32","Google Chrome;Microsoft Edge;Mozilla Firefox;Spotify;WhatsApp;Discord;Steam;League of Legends;Roblox","Visual Studio Code;IntelliJ IDEA;PyCharm;MATLAB;RStudio;Microsoft Word;Microsoft Excel;Microsoft PowerPoint;Microsoft OneNote;Adobe Acrobat Reader;Microsoft Teams;Zoom","2 ","5","3","3","3","180","2","Navegador web (Múltiples pestañas de estudio abiertas)","4","5","3","3","Saturación de RAM / Ralentización"
"2026/09/18 3:33:31 p.m. GMT-5","Grupo 6","Ingeniería Ambiental","6","5","14","3 (Neutral)","Acer nitro AN515-58","Acer","Laptop convencional","3","14.0""","Sí","Intel","Gama Media (Intel Core i5, Core Ultra 5, AMD Ryzen 5, Apple M1/M2/M3 base)","16","Nvidia geforce rtx","Unidad de Estado Sólido (SSD)","250","Google Chrome;Microsoft Edge;Spotify;WhatsApp;Epic Games Launcher;Counter-Strike 2;Roblox","PyCharm;MATLAB;RStudio;Wolfram Mathematica;GeoGebra;ArcGIS;Microsoft Word;Microsoft Excel;Microsoft PowerPoint;Microsoft OneNote;Adobe Acrobat Reader;Microsoft Teams;Zoom","150","5","2","4","3","150","La mantengo conectada","Autodesk (Fusion 360, AutoCAD, Revit)","1","5","3","0","Saturación de RAM / Ralentización"
"2026/09/18 3:33:35 p.m. GMT-5","Grupo 6","Ingeniería Ambiental","6","5","14.13","4 (Satisfecho)","Hp Intel ultra core 7","HP","Convertible 2 en 1 (Pantalla táctil/giratoria 360°)","1","15.6""","Sí","13th","Gama Alta (Intel Core i7/i9, Core Ultra 7/9, AMD Ryzen 7/9, Apple Pro/Max)","16","Ns","Unidad de Estado Sólido (SSD)","12","Google Chrome;Microsoft Edge;WhatsApp","ArcGIS;Microsoft Word;Microsoft Excel;Microsoft PowerPoint;Microsoft OneNote;Zoom","20","5","5","5","2.5","3","1","Ninguno","2","6","5","0","No experimento interrupciones con mi laptop"
"2026/09/18 3:36:14 p.m. GMT-5","Grupo 6","Ingeniería Ambiental","6","5","13.6","4 (Satisfecho)","Thinkpad X13","Otra","Laptop convencional","5","14.0""","No","12th Gen Intercore","Gama Alta (Intel Core i7/i9, Core Ultra 7/9, AMD Ryzen 7/9, Apple Pro/Max)","450","NVIDIA","Disco Duro Mecánico (HDD)","5","Google Chrome;Spotify","PyCharm;MATLAB;RStudio","30","5","4","5","5","180","1","Navegador web (Múltiples pestañas de estudio abiertas)","5","3","3","0","Saturación de RAM / Ralentización"
"2026/09/18 3:37:33 p.m. GMT-5","Grupo 6","Ingeniería Mecatrónica","2","7","13.92","2 (Insatisfecho)","ASUS TUF Gaming Á16 FA607NUG_FA607NUG","ASUS","Laptop convencional","1","14.0""","Sí","ryzen","Gama Alta (Intel Core i7/i9, Core Ultra 7/9, AMD Ryzen 7/9, Apple Pro/Max)","16","NVIDIA","Unidad de Estado Sólido (SSD)","4.4","Google Chrome;Microsoft Edge;Spotify;WhatsApp;Steam;Epic Games Launcher","PyCharm;MATLAB;GeoGebra;SolidWorks;Microsoft Word;Microsoft Excel;Microsoft PowerPoint;Microsoft Teams;Zoom","120","6","3","4","4","50","1","MATLAB, Python / Entornos IDE (VS Code, PyCharm)","3","2","3","4","Saturación de RAM / Ralentización"
"2026/09/18 3:38:40 p.m. GMT-5","Grupo 2","Ingeniería Ambiental","6","5","12.5","3 (Neutral)","Victus gamer ","HP","Laptop convencional","2","16"" o mayor","Sí","12th gen Intel(R) Core (TM) i5-12450H","Gama Media (Intel Core i5, Core Ultra 5, AMD Ryzen 5, Apple M1/M2/M3 base)","16","Intel (R) UHD graphics","Unidad de Estado Sólido (SSD)","6.2","Google Chrome;Spotify;WhatsApp","MATLAB;RStudio;Microsoft Word","2","Todos los días ","1","5","2.5","2","2","Ninguno","0","3","5","0","No experimento interrupciones con mi laptop"
"2026/09/18 3:39:29 p.m. GMT-5","Grupo 2","Ingeniería Mecánica","9","4","13.5","3 (Neutral)","Lenovo ideapad gaming ","Lenovo","Laptop convencional","2","15.6""","Sí","Intel","Gama Media (Intel Core i5, Core Ultra 5, AMD Ryzen 5, Apple M1/M2/M3 base)","16","Rtx360","Unidad de Estado Sólido (SSD)","8.3","Google Chrome;WhatsApp;Discord;Steam;Epic Games Launcher;Fortnite;GTA V","Visual Studio Code;Visual Studio;MATLAB;AutoCAD;SolidWorks;Autodesk Inventor;Microsoft Word;Microsoft Excel;Microsoft PowerPoint;Zoom","30","5","3","4","3","120","La mantengo conectada","Autodesk (Fusion 360, AutoCAD, Revit)","4","5","3","2","Saturación de RAM / Ralentización"
"2026/09/18 3:41:40 p.m. GMT-5","Grupo 2","Ciencias de la Computación","8","4","14.4","3 (Neutral)","Lenovo IdeaPad 5 2-in-1 16ahp9","Lenovo","Convertible 2 en 1 (Pantalla táctil/giratoria 360°)","2","16"" o mayor","Sí","AMD","Gama Alta (Intel Core i7/i9, Core Ultra 7/9, AMD Ryzen 7/9, Apple Pro/Max)","16","Radeon 780m","Unidad de Estado Sólido (SSD)","10.2","Mozilla Firefox;Steam;Minecraft","Visual Studio Code;MATLAB;Zoom","180","5","3","4","6","150","La mantengo conectada","Ninguno","3","4","4","1","Saturación de RAM / Ralentización"
"2026/09/18 3:42:45 p.m. GMT-5","Grupo 2","Ingeniería Mecatrónica","6","4","12","1 (Muy insatisfecho)","Asus TUF Gaming F15 FX506HCB","ASUS","Laptop convencional","4","15.6""","Sí","Intel","Gama Media (Intel Core i5, Core Ultra 5, AMD Ryzen 5, Apple M1/M2/M3 base)","24","3050","Unidad de Estado Sólido (SSD)","11.6","Google Chrome;Microsoft Edge;Steam;Minecraft;Dota 2;Roblox;GTA V","Visual Studio Code;PyCharm;MATLAB;GeoGebra;Microsoft OneNote","240","4","1","5","4.5","65","La mantengo conectada","Ninguno","2","5","4","0","No experimento interrupciones con mi laptop"
"2026/09/18 3:42:47 p.m. GMT-5","Grupo 2","Bioingeniería","2","8","13.8","2 (Insatisfecho)","Macbook air","Apple (MacBook)","Laptop convencional","2","14.0""","No","Ni idea","No lo sé","16","Ni idea","Unidad de Estado Sólido (SSD)","14","Google Chrome;Spotify;WhatsApp;Discord;Steam;Epic Games Launcher;League of Legends","PyCharm;MATLAB;Microsoft Word;Microsoft Excel;Microsoft PowerPoint;Zoom","40","3","3","3","3.5","150","3","MATLAB, Python / Entornos IDE (VS Code, PyCharm)","1","3","2","0","Sobrecalentamiento térmico del equipo"
"2026/09/18 3:43:50 p.m. GMT-5","Grupo 2","Ingeniería Mecatrónica","5","5","14","4 (Satisfecho)","LenovoV330","Lenovo","Laptop convencional","7","13.3"" o menor","No","Intel","Gama Media (Intel Core i5, Core Ultra 5, AMD Ryzen 5, Apple M1/M2/M3 base)","20","Integrada","Unidad de Estado Sólido (SSD)","15.7","Google Chrome;Microsoft Edge;Spotify;WhatsApp;Discord;Steam","MATLAB;Microsoft Word;Microsoft Excel;Microsoft PowerPoint;Zoom","90 ","2 veces por semana","1","2","1 ","60","La mantengo conectada","Navegador web (Múltiples pestañas de estudio abiertas)","1","2","2","1","Sobrecalentamiento térmico del equipo"
"2026/09/18 3:44:43 p.m. GMT-5","Grupo 2","Ingeniería Electrónica","10","4","14","3 (Neutral)","Aorus 15g kb","Otra","Laptop convencional","4","15.6""","Sí","Intel","Gama Media (Intel Core i5, Core Ultra 5, AMD Ryzen 5, Apple M1/M2/M3 base)","32","Rtx 3050","Unidad de Estado Sólido (SSD)","16","Google Chrome;Spotify;WhatsApp;Discord;Steam;Minecraft","Visual Studio Code;PyCharm;MATLAB;RStudio;Microsoft PowerPoint;Microsoft OneNote;Adobe Acrobat Reader;Zoom","60 ","3","4","4","2","150","La mantengo conectada","Simuladores de electrónica (Proteus, Multisim, LTspice)","3","4","4","0","No experimento interrupciones con mi laptop"
"2026/09/18 3:46:35 p.m. GMT-5","Grupo 2","Ingeniería Industrial","4","6","15","3 (Neutral)",".","HP","Laptop convencional","2","15.6""","No",".","Gama Media (Intel Core i5, Core Ultra 5, AMD Ryzen 5, Apple M1/M2/M3 base)","8","Dedicada","Unidad de Estado Sólido (SSD)","3.8","Google Chrome;Microsoft Edge;Spotify;WhatsApp;Discord;Roblox","Visual Studio Code;PyCharm;MATLAB;RStudio;Wolfram Mathematica;GeoGebra;Microsoft Word;Microsoft Excel;Microsoft PowerPoint;Microsoft OneNote;Microsoft Teams;Zoom","60","5","4","4","4","120","3","Autodesk (Fusion 360, AutoCAD, Revit)","4","4","4","3","Saturación de RAM / Ralentización"
"2026/09/18 3:46:48 p.m. GMT-5","Grupo 2","Ingeniería Electrónica","8","5","12","3 (Neutral)","Que pereza","Lenovo","Laptop convencional","4","14.0""","No","Expulsen a quien hizo esta encuesta","No lo sé","250","Realmente creen que alguien se va a molestar en buscar?","Unidad de Estado Sólido (SSD)","0.1","Google Chrome;Microsoft Edge;WhatsApp;Discord;Steam","Android Studio;Autodesk Inventor;Microsoft Word;Microsoft Excel;Zoom","850","8","3","3","14.82","2","Más de 3","Navegador web (Múltiples pestañas de estudio abiertas)","4","3","2","1","No experimento interrupciones con mi laptop"
"2026/09/18 3:46:58 p.m. GMT-5","Grupo 2","Ciencia de Datos e Inteligencia Artificial","2","5","14.5","3 (Neutral)","MacBook Air M2 2022","Apple (MacBook)","Laptop convencional","2","13.3"" o menor","Sí","Apple","Gama Media (Intel Core i5, Core Ultra 5, AMD Ryzen 5, Apple M1/M2/M3 base)","16","GPU 0","Unidad de Estado Sólido (SSD)","890.65","Google Chrome;WhatsApp;Roblox","PyCharm;Zoom","1","5","5","4","5 ","300","2","MATLAB, Python / Entornos IDE (VS Code, PyCharm)","4","5","4","1","Cierre intempestivo de programas"
"2026/09/18 3:48:57 p.m. GMT-5","Grupo 6","Ingeniería Mecatrónica","6","4","16.7","3 (Neutral)","Lenovo V15 G4AMN","Lenovo","Laptop convencional","1","15.6""","No","AMD Ryzen 3 7320U","Gama Baja (Intel Core i3, AMD Ryzen 3, Celeron, Pentium)","8","Integrada","Unidad de Estado Sólido (SSD)","0.420","Google Chrome;Microsoft Edge;Spotify;WhatsApp;Roblox","PyCharm;MATLAB;SolidWorks;Autodesk Inventor;Microsoft Word;Microsoft Excel;Zoom","180","5","3","3","5","2","2","Autodesk (Fusion 360, AutoCAD, Revit)","3","3","3","1","Sobrecalentamiento térmico del equipo"
"2026/09/18 3:50:27 p.m. GMT-5","Grupo 2","Ciberseguridad","2","7","14","3 (Neutral)","Tinkpad ","Lenovo","Laptop convencional","1","15.6""","No","intel","Gama Alta (Intel Core i7/i9, Core Ultra 7/9, AMD Ryzen 7/9, Apple Pro/Max)","16","Nvidia ","Unidad de Estado Sólido (SSD)","8","Google Chrome;Spotify;WhatsApp;Discord;Steam;Minecraft;Roblox;GTA V","Visual Studio Code;PyCharm;AutoCAD","30","3","4","4","3","180","2","Ninguno","2","4","5","0","No experimento interrupciones con mi laptop"
"2026/09/18 3:55:53 p.m. GMT-5","Grupo 2","Bioingeniería","2","6","13.4","3 (Neutral)","Asus tuf gaming , 4050","ASUS","Laptop convencional","2","15.6""","Sí","Mm t.t no me acuerdo ","Gama Alta (Intel Core i7/i9, Core Ultra 7/9, AMD Ryzen 7/9, Apple Pro/Max)","16","4050","Unidad de Estado Sólido (SSD)","6","Microsoft Edge;WhatsApp;Steam;Epic Games Launcher;Minecraft;Valorant;Dota 2","PyCharm;GeoGebra;Microsoft OneNote;Zoom","2","0","1","5","6","69","La mantengo conectada","Ninguno","3","4","3","1","No experimento interrupciones con mi laptop"
"2026/09/18 3:57:05 p.m. GMT-5","Grupo 2","Sistemas de Información","5","5","14.6","4 (Satisfecho)","Asus vivabook x1605VA","ASUS","Laptop convencional","1","16"" o mayor","No","Intel Core i9-1390H","Gama Alta (Intel Core i7/i9, Core Ultra 7/9, AMD Ryzen 7/9, Apple Pro/Max)","16","Intel Iris Xe Graphics","Unidad de Estado Sólido (SSD)","7.1","Google Chrome;Microsoft Edge;Spotify;WhatsApp;Discord;Steam;Epic Games Launcher;Valorant;League of Legends;Roblox","Visual Studio Code;Visual Studio;IntelliJ IDEA;Android Studio;RStudio;Zoom","120","6","3","3","4","150","La mantengo conectada","Software de Análisis de Datos (RStudio, PowerBI)","8","4","4","2","Saturación de RAM / Ralentización"
"2026/09/18 3:58:40 p.m. GMT-5","Grupo 2","Ingeniería Mecatrónica","9","3","15","5 (Muy satisfecho)","Asus gaming","ASUS","Laptop convencional","5","15.6""","Sí","Nou","Gama Alta (Intel Core i7/i9, Core Ultra 7/9, AMD Ryzen 7/9, Apple Pro/Max)","23","nou","Disco Duro Mecánico (HDD)","23","Google Chrome;Spotify;WhatsApp;Discord;Steam;Valorant;Counter-Strike 2;GTA V","Visual Studio Code;Visual Studio;IntelliJ IDEA;PyCharm;Eclipse;MATLAB;SPSS;SolidWorks;ArcGIS;Microsoft Word;Microsoft Excel;Microsoft PowerPoint;Microsoft OneNote;Adobe Acrobat Reader;Microsoft Teams;Zoom","14","5","4","4","7","35","3","Software de Análisis de Datos (RStudio, PowerBI)","5","9","5","8","Saturación de RAM / Ralentización"
"2026/09/18 4:00:11 p.m. GMT-5","Grupo 2","Ingeniería Mecatrónica","9","4","14.2","3 (Neutral)","ACER-42E82R22","Acer","Laptop convencional","4","14.0""","No","Intel(R) Core(TM) i7 - 10510U CPU","Gama Alta (Intel Core i7/i9, Core Ultra 7/9, AMD Ryzen 7/9, Apple Pro/Max)","12","Intel(R) UHD Graphics","Unidad de Estado Sólido (SSD)","1.2 ","Google Chrome;Microsoft Edge;Mozilla Firefox;Spotify;WhatsApp;Roblox","Autodesk Inventor;Microsoft Word;Microsoft Excel;Microsoft PowerPoint","120","5","3","4","7","180","Más de 3","Autodesk (Fusion 360, AutoCAD, Revit)","3","3","3","5","Sobrecalentamiento térmico del equipo"
"2026/09/18 4:04:24 p.m. GMT-5","Grupo 2","Ciberseguridad","1","6","13","4 (Satisfecho)","HP Laptop 15-dy2xxx","HP","Convertible 2 en 1 (Pantalla táctil/giratoria 360°)","3","15.6""","No","Intel ","Gama Media (Intel Core i5, Core Ultra 5, AMD Ryzen 5, Apple M1/M2/M3 base)","12 ","Intel iris R ex graphics","Unidad de Estado Sólido (SSD)","2","Google Chrome;Microsoft Edge;Spotify;WhatsApp;Discord;Steam;Minecraft","PyCharm;Adobe Acrobat Reader;Zoom","2 ","5","4","3","4","150","Más de 3","Ninguno","3","4","3","1","No experimento interrupciones con mi laptop"
"2026/09/18 4:04:34 p.m. GMT-5","Grupo 2","Ciberseguridad","1","6","13","3 (Neutral)","Lenovo 82C5","Lenovo","Laptop convencional","6","14.0""","No","Intel(R) Core(TM) i5-1035G1 CPU @ 1.00GHz","Gama Media (Intel Core i5, Core Ultra 5, AMD Ryzen 5, Apple M1/M2/M3 base)","8 ","NVIDIA GeForce MX330","Unidad de Estado Sólido (SSD)","982","Google Chrome;Microsoft Edge;Spotify;Steam;Epic Games Launcher;Minecraft;Fortnite;Roblox","PyCharm;Microsoft Word;Microsoft Excel;Microsoft PowerPoint;Microsoft OneNote;Adobe Acrobat Reader;Zoom","2 ","4","4","3","5 ","30","La mantengo conectada","Otro","4","5","4","2","Agotamiento acelerado de batería"
"2026/09/18 4:06:39 p.m. GMT-5","Grupo 6","Ciencias de la Computación","3","8","15.4","1 (Muy insatisfecho)","MacBook Air M5 2028","Apple (MacBook)","Otro","4","13.3"" o menor","Sí","Intel ","Gama Alta (Intel Core i7/i9, Core Ultra 7/9, AMD Ryzen 7/9, Apple Pro/Max)","16","RTX 3050","Unidad de Estado Sólido (SSD)","2","Google Chrome;Microsoft Edge;Mozilla Firefox;Dota 2","IntelliJ IDEA;PyCharm;Android Studio;Eclipse;Jupyter Notebook;MATLAB;RStudio;Wolfram Mathematica;GeoGebra;SPSS;AutoCAD;SolidWorks","4","5","5","5","5","3","Más de 3","MATLAB, Python / Entornos IDE (VS Code, PyCharm)","5","5","5","5","Agotamiento acelerado de batería"
"2026/09/18 4:11:33 p.m. GMT-5","Grupo 2","Sistemas de Información","5","5","15.5","4 (Satisfecho)","Asus Zenbook 14","ASUS","Laptop convencional","2","14.0""","Sí","AMD Ryzen 7","Gama Alta (Intel Core i7/i9, Core Ultra 7/9, AMD Ryzen 7/9, Apple Pro/Max)","16","AMD Radeon 780M Graphics","Unidad de Estado Sólido (SSD)","6.4","Google Chrome;Microsoft Edge;WhatsApp;Discord;Roblox","Visual Studio Code;IntelliJ IDEA;PyCharm;Jupyter Notebook;MATLAB;RStudio;Microsoft Word;Microsoft Excel;Microsoft OneNote;Zoom","70 ","6","5","4","4","180","2","Software de Análisis de Datos (RStudio, PowerBI)","4","5","4","0","No experimento interrupciones con mi laptop"
"2026/09/18 4:14:36 p.m. GMT-5","Grupo 6","Ciberseguridad","2","3","14","3 (Neutral)","Asus tuf f15","ASUS","Laptop convencional","4","14.0""","Sí","Intel","Gama Media (Intel Core i5, Core Ultra 5, AMD Ryzen 5, Apple M1/M2/M3 base)","24","Nvidia 3050","Unidad de Estado Sólido (SSD)","18","Spotify;Discord;Steam;Dota 2","MATLAB","2","3","3","3","12","360","Más de 3","MATLAB, Python / Entornos IDE (VS Code, PyCharm)","5","5","4","0","No experimento interrupciones con mi laptop"
"2026/09/18 4:16:51 p.m. GMT-5","Grupo 2","Ingeniería Mecatrónica","5","5","14","3 (Neutral)","Dell DC15250","Dell","Laptop convencional","1","15.6""","No","13th gen Intel (R) Core (TM) i7-1355U","Gama Alta (Intel Core i7/i9, Core Ultra 7/9, AMD Ryzen 7/9, Apple Pro/Max)","32.0","Intel(R) Iris(R) Xe Graphics","Unidad de Estado Sólido (SSD)","16.9","Google Chrome;Microsoft Edge;Spotify;WhatsApp;Discord;Minecraft","MATLAB;RStudio;Wolfram Mathematica;Microsoft Word;Microsoft Excel;Microsoft PowerPoint;Adobe Acrobat Reader;Zoom","120","5","5","5","3.6","165","2","MATLAB, Python / Entornos IDE (VS Code, PyCharm)","3","3","4","0","No experimento interrupciones con mi laptop"
"2026/09/18 4:19:09 p.m. GMT-5","Grupo 2","Ingeniería Civil","7","6","15","3 (Neutral)","Acer Nitro AN515-58","Acer","Laptop convencional","3","15.6""","Sí","12th Gen Intel(R) Core(TM) i5- 12500H","Gama Media (Intel Core i5, Core Ultra 5, AMD Ryzen 5, Apple M1/M2/M3 base)","16","Intel(R) Iris(R) Xe Graphics","Unidad de Estado Sólido (SSD)","5","Google Chrome;Microsoft Edge;Spotify;WhatsApp;Discord","RStudio;AutoCAD;Autodesk Inventor;ArcGIS;Microsoft Word;Microsoft Excel;Microsoft PowerPoint;Microsoft OneNote;Zoom","60","5","3","3","6","90","La mantengo conectada","Autodesk (Fusion 360, AutoCAD, Revit)","4","4","3","1","Saturación de RAM / Ralentización"
"2026/09/18 4:24:04 p.m. GMT-5","Grupo 2","Ingeniería Mecatrónica","3","6","13.04","3 (Neutral)","Precision 5560","Dell","Laptop convencional","1","14.0""","Sí","Intel","Gama Alta (Intel Core i7/i9, Core Ultra 7/9, AMD Ryzen 7/9, Apple Pro/Max)","32","Dedicada ","Unidad de Estado Sólido (SSD)","22.5","Google Chrome;Microsoft Edge;WhatsApp;Steam;Epic Games Launcher;Minecraft;League of Legends;Fortnite","PyCharm;MATLAB;RStudio;AutoCAD;Microsoft Word;Microsoft Excel;Microsoft PowerPoint;Microsoft OneNote;Adobe Acrobat Reader;Microsoft Teams;Zoom","75","6","5","5","3","180","2","Navegador web (Múltiples pestañas de estudio abiertas)","1","2","4","1","Agotamiento acelerado de batería"
"2026/09/18 4:25:02 p.m. GMT-5","Grupo 2","Bioingeniería","2","7","15.2","4 (Satisfecho)","Lenono LOQ Amd Ryzen","Lenovo","Laptop convencional","0","14.0""","Sí","AMD Ryzen 7 250 w/Radeon 780M Graphics","Gama Alta (Intel Core i7/i9, Core Ultra 7/9, AMD Ryzen 7/9, Apple Pro/Max)","16","GPU 1","Unidad de Estado Sólido (SSD)","600","Spotify;WhatsApp;Discord;Steam;Epic Games Launcher;Minecraft;Roblox","GeoGebra;Microsoft Word;Microsoft Excel;Microsoft PowerPoint;Zoom","50","Todos los días ","5","5","2","180","2","Ninguno","2","4","5","0","No experimento interrupciones con mi laptop"
"2026/09/18 4:25:18 p.m. GMT-5","Grupo 2","Administración y Negocios Digitales","6","6","15.3","4 (Satisfecho)","HP 15-fd0284la","HP","Laptop convencional","2","15.6""","No","Intel core i7","Gama Alta (Intel Core i7/i9, Core Ultra 7/9, AMD Ryzen 7/9, Apple Pro/Max)","16","No sale ","Unidad de Estado Sólido (SSD)","4.1","Google Chrome;Microsoft Edge;Spotify;WhatsApp;Discord","Visual Studio Code;Visual Studio;IntelliJ IDEA;PyCharm;SolidWorks;Microsoft Word;Microsoft Excel;Microsoft PowerPoint;Microsoft Teams;Zoom","50","5","4","4","4","2","La mantengo conectada","MATLAB, Python / Entornos IDE (VS Code, PyCharm)","3","5","4","0","No experimento interrupciones con mi laptop"
"2026/09/18 4:26:09 p.m. GMT-5","Grupo 2","Ingeniería Ambiental","9","6","14.7","2 (Insatisfecho)","Victus Hp","HP","Laptop convencional","1","15.6""","No","12th Gen Intel(R) Core(TM) i5 - 12450H","Gama Media (Intel Core i5, Core Ultra 5, AMD Ryzen 5, Apple M1/M2/M3 base)","16","NVIDIA GeForce RTX 3050 Laptop GPU","Unidad de Estado Sólido (SSD)","1.6","Google Chrome;Microsoft Edge;Spotify;WhatsApp;Discord;Steam;Minecraft;Roblox","RStudio;ArcGIS;Microsoft Word;Microsoft Excel;Microsoft Teams;Zoom","5","4","5","5","13","120","La mantengo conectada","Software de Análisis de Datos (RStudio, PowerBI)","3","3","5","0","Sobrecalentamiento térmico del equipo"
"2026/09/18 4:27:08 p.m. GMT-5","Grupo 2","Ingeniería Ambiental","9","6","14.9","4 (Satisfecho)","ASUS TUF Gaming F15 FX506LHB","ASUS","Laptop convencional","5","15.6""","Sí","Intel","Gama Media (Intel Core i5, Core Ultra 5, AMD Ryzen 5, Apple M1/M2/M3 base)","24","NVIDIA GeForce GTX 1650","Unidad de Estado Sólido (SSD)","14","Microsoft Edge;WhatsApp","Visual Studio Code;Visual Studio;PyCharm;Jupyter Notebook;MATLAB;RStudio;AutoCAD;SolidWorks;Autodesk Inventor;ArcGIS;Microsoft Word;Microsoft Excel;Microsoft PowerPoint;Microsoft OneNote;Adobe Acrobat Reader;Microsoft Teams;Zoom","240","4","3","5","13","40","La mantengo conectada","Ninguno","7","5","4","0","No experimento interrupciones con mi laptop"
"2026/09/18 4:27:33 p.m. GMT-5","Grupo 2","Ingeniería Ambiental","9","5","17.6","4 (Satisfecho)","BOHB-WAX9","Otra","Laptop convencional","5","15.6""","No","Intel(R) Core(TM) i5-10210U CPU @ 1.60GHz","Gama Media (Intel Core i5, Core Ultra 5, AMD Ryzen 5, Apple M1/M2/M3 base)","8","Intel(R) UHD Graphics","Unidad de Estado Sólido (SSD)","1.3","Google Chrome;Microsoft Edge","MATLAB;RStudio;AutoCAD;Autodesk Inventor;Microsoft Word;Microsoft Excel;Microsoft PowerPoint;Microsoft OneNote;Adobe Acrobat Reader;Zoom","120","3","4","4","5","180","1","Ninguno","1","1","5","0","No experimento interrupciones con mi laptop"
"2026/09/18 4:28:17 p.m. GMT-5","Grupo 2","Ingeniería Ambiental","9","7","14.57","3 (Neutral)","Aspire A315-57G","Acer","Laptop convencional","4","15.6""","No","Intel(R) Core(TM) i5-1035G1 CPU @ 1.00GHz","Gama Media (Intel Core i5, Core Ultra 5, AMD Ryzen 5, Apple M1/M2/M3 base)","20","Intel(R) UHD Graphics ","Unidad de Estado Sólido (SSD)","6.3","Google Chrome;Microsoft Edge;Spotify;WhatsApp;Roblox","PyCharm;MATLAB;RStudio;Autodesk Inventor;ArcGIS;Microsoft Word;Microsoft Excel;Microsoft PowerPoint;Microsoft OneNote;Adobe Acrobat Reader;Microsoft Teams;Zoom","120","5","3","2","9 ","67","3","Autodesk (Fusion 360, AutoCAD, Revit)","3","5","2","5","Agotamiento acelerado de batería"
"2026/09/18 4:34:05 p.m. GMT-5","Grupo 2","Ingeniería Mecánica","5","6 ","15","3 (Neutral)","Lenovo i7 13620H ","Lenovo","Laptop convencional","1 ","15.6""","Sí","Intel ","Gama Alta (Intel Core i7/i9, Core Ultra 7/9, AMD Ryzen 7/9, Apple Pro/Max)","64","3060","Disco Duro Mecánico (HDD)","10","Google Chrome;Mozilla Firefox;Spotify;WhatsApp;Discord;Steam;Epic Games Launcher;Minecraft;Dota 2;Fortnite;GTA V","PyCharm;Jupyter Notebook;MATLAB;GeoGebra;AutoCAD;Microsoft Word;Microsoft Excel;Microsoft PowerPoint;Adobe Acrobat Reader;Microsoft Teams;Zoom","120","1","4","4","4","2","2","Autodesk (Fusion 360, AutoCAD, Revit)","4","4","4","1","Cierre intempestivo de programas"
"2026/09/18 4:34:45 p.m. GMT-5","Grupo 2","Bioingeniería","6","6","12.4","1 (Muy insatisfecho)","HP VICTUS","HP","Laptop convencional","4","14.0""","Sí","Intel ","Gama Media (Intel Core i5, Core Ultra 5, AMD Ryzen 5, Apple M1/M2/M3 base)","16","NVIDIA GET FORCE 1650","Unidad de Estado Sólido (SSD)","6.1","Google Chrome;WhatsApp;Discord;Steam;Epic Games Launcher;Valorant;League of Legends;Roblox","MATLAB;RStudio;Zoom","30 ","5","1","4","9","20","La mantengo conectada","Ninguno","2","2","3","1","Agotamiento acelerado de batería"
"2026/09/18 4:34:47 p.m. GMT-5","Grupo 2","Ciencias de la Computación","6","5","13","2 (Insatisfecho)","hp Victus","HP","Laptop convencional","2","14.0""","Sí","Intel","Gama Media (Intel Core i5, Core Ultra 5, AMD Ryzen 5, Apple M1/M2/M3 base)","24","NVIDIA GeForce RTX 3050 Laptop GPU","Unidad de Estado Sólido (SSD)","14","Google Chrome;Microsoft Edge;Spotify;WhatsApp;Discord;Steam;Epic Games Launcher;League of Legends","Visual Studio Code;MATLAB;Microsoft Word;Microsoft Excel;Microsoft PowerPoint;Zoom","30","5","4","4","9","120","1","Ninguno","3","3","5","0","No experimento interrupciones con mi laptop"
"2026/09/18 4:37:04 p.m. GMT-5","Grupo 2","Ingeniería Industrial","2","5","13.28","3 (Neutral)","MSI THIN 15","MSI","Laptop convencional","0","15.6""","Sí","13th gen Intel(R) Core (TM) i7 13620H","Gama Alta (Intel Core i7/i9, Core Ultra 7/9, AMD Ryzen 7/9, Apple Pro/Max)","16.0","NVIDIA GeForce RTX 3050","Unidad de Estado Sólido (SSD)","6.5","Google Chrome;Microsoft Edge;WhatsApp","Visual Studio Code;PyCharm;MATLAB;GeoGebra;Microsoft Word;Microsoft Excel;Microsoft PowerPoint;Zoom","40","La dejo en mi locker, pero la utilizo 4 veces por semana","4","4","2","2","1","Ninguno","2","4","4","0","Sobrecalentamiento térmico del equipo"
"2026/09/18 4:39:48 p.m. GMT-5","Grupo 2","Ingeniería Mecánica","2","6","16","3 (Neutral)","Asus tuf a15","ASUS","Laptop convencional","1","15.6""","Sí","13va generacion","Gama Alta (Intel Core i7/i9, Core Ultra 7/9, AMD Ryzen 7/9, Apple Pro/Max)","24","Dedicada","Unidad de Estado Sólido (SSD)","16","Google Chrome;Microsoft Edge;Spotify;WhatsApp;Discord;Steam;Minecraft","Visual Studio Code;PyCharm;MATLAB;GeoGebra;SolidWorks;Autodesk Inventor;Adobe Acrobat Reader;Zoom","3200","5","4","3","9.5","900","Más de 3","Ninguno","3","4","4","10","No experimento interrupciones con mi laptop"
"2026/09/18 4:42:41 p.m. GMT-5","Grupo 2","Ingeniería Mecánica","2","6","14.90","1 (Muy insatisfecho)","Acer spin 5","Acer","Convertible 2 en 1 (Pantalla táctil/giratoria 360°)","1","13.3"" o menor","No","13th ","Gama Alta (Intel Core i7/i9, Core Ultra 7/9, AMD Ryzen 7/9, Apple Pro/Max)","16","Integrada ","Unidad de Estado Sólido (SSD)","7.5","Google Chrome;Spotify;WhatsApp;Discord","Visual Studio Code;Visual Studio;PyCharm;AutoCAD;Autodesk Inventor;Microsoft Word;Microsoft Excel;Microsoft PowerPoint;Microsoft Teams;Zoom","9000","Todos ","5","5","15","240","1","Autodesk (Fusion 360, AutoCAD, Revit)","6","10","5","0","No experimento interrupciones con mi laptop"
"2026/09/18 4:47:11 p.m. GMT-5","Grupo 2","Ingeniería Civil","6","6","13.23","3 (Neutral)","ASUS ROG Strix G15 G513RC","ASUS","Laptop convencional","3","15.6""","Sí","AMD Ryzen 7 6800HS with Radeon Graphics","Gama Alta (Intel Core i7/i9, Core Ultra 7/9, AMD Ryzen 7/9, Apple Pro/Max)","16","AMD Radeon(TM) Graphics","Unidad de Estado Sólido (SSD)","2.2","Google Chrome;Microsoft Edge;Spotify;Discord;Steam;Roblox","RStudio;AutoCAD;ArcGIS;Microsoft Word;Microsoft Excel;Microsoft OneNote;Zoom","60","2","3","4","3","150","La mantengo conectada","Navegador web (Múltiples pestañas de estudio abiertas)","5","5","3","4","Cierre intempestivo de programas"
"2026/09/18 5:14:05 p.m. GMT-5","Grupo 6","Bioingeniería","9","6","16","4 (Satisfecho)","Asus gaming","ASUS","Laptop convencional","5","15.6""","Sí","NVDIA GeForce GTX 1650 Ti","Gama Media (Intel Core i5, Core Ultra 5, AMD Ryzen 5, Apple M1/M2/M3 base)","24","GTX 1650 Ti","Unidad de Estado Sólido (SSD)","8.6","Microsoft Edge;WhatsApp;Discord","Visual Studio Code;MATLAB;Zoom","20","5","5","4","5","5","3","Simuladores de electrónica (Proteus, Multisim, LTspice)","5","4","5","2","Saturación de RAM / Ralentización"
"2026/09/18 5:15:08 p.m. GMT-5","Grupo 6","Ciencias de la Computación","5","6","11.5","3 (Neutral)","Hp victusx16","HP","Laptop convencional","3","15.6""","Sí","Intel","Gama Media (Intel Core i5, Core Ultra 5, AMD Ryzen 5, Apple M1/M2/M3 base)","24","Nvidia ","Unidad de Estado Sólido (SSD)","15","Google Chrome;Mozilla Firefox;Spotify;Discord","Visual Studio Code;MATLAB;Microsoft Excel;Zoom","120","6","3","4","6","350","3","MATLAB, Python / Entornos IDE (VS Code, PyCharm)","7","4","4","0","No experimento interrupciones con mi laptop"
"2026/09/18 5:18:40 p.m. GMT-5","Grupo 6","Ciencias de la Computación","7","4","3","4 (Satisfecho)","Thinkpad ","Lenovo","Laptop convencional","4","15.6""","No","Intel","Gama Media (Intel Core i5, Core Ultra 5, AMD Ryzen 5, Apple M1/M2/M3 base)","16","GPU 0","Unidad de Estado Sólido (SSD)","8","Google Chrome;WhatsApp;Discord;Minecraft","Visual Studio Code;IntelliJ IDEA;PyCharm;Microsoft Word;Microsoft Excel","2","5","4","4","12.3","160","Más de 3","Navegador web (Múltiples pestañas de estudio abiertas)","15","7","4","4","Saturación de RAM / Ralentización"
"2026/09/18 5:25:44 p.m. GMT-5","Grupo 7","Ingeniería Civil","4","6","14.6","3 (Neutral)","Lenovo legión 5 pro","Lenovo","Laptop convencional","0","14.0""","Sí","14th generación hx","Gama Alta (Intel Core i7/i9, Core Ultra 7/9, AMD Ryzen 7/9, Apple Pro/Max)","32","Rtx 5060 envidiosa","Unidad de Estado Sólido (SSD)","23","Google Chrome;Microsoft Edge;WhatsApp;Discord;Steam;Epic Games Launcher;Minecraft;Valorant;League of Legends;Counter-Strike 2;Fortnite;Roblox;GTA V;EA Sports FC","Visual Studio Code;Visual Studio;PyCharm;Eclipse;MATLAB;GeoGebra;AutoCAD;Autodesk Inventor;Microsoft PowerPoint;Microsoft Teams","30","8","1","4","7","1","La mantengo conectada","Autodesk (Fusion 360, AutoCAD, Revit)","8","8","2","7","No experimento interrupciones con mi laptop"
"2026/09/18 6:25:25 p.m. GMT-5","Grupo 6","Ingeniería Mecánica","10","2","14.02","3 (Neutral)","MSI Cyborg 15 A12VF","MSI","Laptop convencional","2","15.6""","Sí","Intel","Gama Alta (Intel Core i7/i9, Core Ultra 7/9, AMD Ryzen 7/9, Apple Pro/Max)","24","NVIDIA","Unidad de Estado Sólido (SSD)","13.2","Google Chrome;WhatsApp;Steam","Visual Studio Code;Visual Studio;MATLAB;AutoCAD;SolidWorks;Autodesk Inventor;Microsoft Word;Microsoft Excel;Microsoft PowerPoint;Adobe Acrobat Reader;Microsoft Teams;Zoom","180","6","3","3","6","90","La mantengo conectada","Autodesk (Fusion 360, AutoCAD, Revit)","4","3","3","3","Cierre intempestivo de programas"
"2026/09/18 6:29:20 p.m. GMT-5","Grupo 5","Ciencias de la Computación","5","4","13.1","2 (Insatisfecho)","Lenovo 82LN","Lenovo","Laptop convencional","2","14.0""","No","Ryzen","Gama Alta (Intel Core i7/i9, Core Ultra 7/9, AMD Ryzen 7/9, Apple Pro/Max)","8","1","Unidad de Estado Sólido (SSD)","1.1","Google Chrome;Spotify","Visual Studio;Zoom","180","5","4","3","6","150","3","MATLAB, Python / Entornos IDE (VS Code, PyCharm)","7","6","2","0","Saturación de RAM / Ralentización"
"2026/09/18 6:50:59 p.m. GMT-5","Grupo 6","Ingeniería Mecatrónica","5","4","12","4 (Satisfecho)","Lenovo 82JW","Lenovo","Laptop convencional","2","15.6""","Sí","AMD","Gama Alta (Intel Core i7/i9, Core Ultra 7/9, AMD Ryzen 7/9, Apple Pro/Max)","16","Nvidia","Unidad de Estado Sólido (SSD)","7.3","Google Chrome;Microsoft Edge;Discord;Steam;Counter-Strike 2;Dota 2","Visual Studio Code;MATLAB;RStudio;Zoom","150","5","2","5","4","90","Más de 3","Ninguno","3","3","5","0","No experimento interrupciones con mi laptop"
"2026/09/18 7:16:37 p.m. GMT-5","Grupo 6","Ciencia de Datos e Inteligencia Artificial","3","7","18.3","3 (Neutral)","MSI GF66 11UC","MSI","Laptop convencional","5","15.6""","Sí","Intel","Gama Media (Intel Core i5, Core Ultra 5, AMD Ryzen 5, Apple M1/M2/M3 base)","32","NVIDIA GeForce RTX 3060 Laptop GPU","Unidad de Estado Sólido (SSD)","9.1","Google Chrome;Microsoft Edge;Mozilla Firefox;Spotify;WhatsApp;Discord;Steam;Epic Games Launcher;Counter-Strike 2;GTA V","Visual Studio Code;Visual Studio;IntelliJ IDEA;PyCharm;Android Studio;Eclipse;Jupyter Notebook;MATLAB;RStudio;GeoGebra;Microsoft Word;Microsoft Excel;Microsoft PowerPoint;Microsoft OneNote;Adobe Acrobat Reader;Microsoft Teams;Zoom","120","5","1","3","10","70","La mantengo conectada","Ninguno","7","22","5","0","No experimento interrupciones con mi laptop"
"2026/09/18 8:14:50 p.m. GMT-5","Grupo 7","Ingeniería Mecatrónica","4","4","15","4 (Satisfecho)","Lenovo LOQ 15IRX10","Lenovo","Laptop convencional","1","16"" o mayor","Sí","Intel Core I5","Gama Media (Intel Core i5, Core Ultra 5, AMD Ryzen 5, Apple M1/M2/M3 base)","24","Nvidia 5050","Unidad de Estado Sólido (SSD)","8","Google Chrome;Spotify;Discord;Steam;Epic Games Launcher;Counter-Strike 2;Roblox","MATLAB;GeoGebra;AutoCAD;Microsoft Word;Zoom","120","2","5","4","3.4","180","La mantengo conectada","Autodesk (Fusion 360, AutoCAD, Revit)","2","4","4","1","Saturación de RAM / Ralentización"
"2026/09/18 8:24:53 p.m. GMT-5","Grupo 5","Ingeniería Mecatrónica","3","6","17.5","4 (Satisfecho)","Lenovo loq 83JC","Lenovo","Laptop convencional","1","15.6""","Sí","AMD","Gama Media (Intel Core i5, Core Ultra 5, AMD Ryzen 5, Apple M1/M2/M3 base)","12 ","NVIDIA GeForce RTX 3050 Laptop GPU","Unidad de Estado Sólido (SSD)","1.5 ","Google Chrome;Microsoft Edge;Mozilla Firefox;WhatsApp;Discord;Steam;Epic Games Launcher;Minecraft;Counter-Strike 2;Fortnite;EA Sports FC","PyCharm;MATLAB;RStudio;GeoGebra;AutoCAD;Autodesk Inventor;Microsoft Word;Microsoft Excel;Microsoft PowerPoint;Microsoft Teams;Zoom","120","4","5","4","8","150","3","Autodesk (Fusion 360, AutoCAD, Revit)","2","12","4","0","No experimento interrupciones con mi laptop"
"2026/09/18 8:53:35 p.m. GMT-5","Grupo 5","Ingeniería Química","3","6","15","4 (Satisfecho)","Lenovo LOQ","Lenovo","Laptop convencional","1","16"" o mayor","Sí","12th Gen Intel(R) Core(TM) i5-12450HX","Gama Media (Intel Core i5, Core Ultra 5, AMD Ryzen 5, Apple M1/M2/M3 base)","32.0","NVIDIA GeForce RTX 3050 6GB Laptop GPU","Unidad de Estado Sólido (SSD)","18.5","Google Chrome;Microsoft Edge;Spotify;WhatsApp;Discord;Steam;Roblox","PyCharm;MATLAB;RStudio;GeoGebra;Microsoft Word;Microsoft Excel;Microsoft PowerPoint;Microsoft OneNote;Adobe Acrobat Reader;Microsoft Teams;Zoom","60","1","4","5","3","3","2","MATLAB, Python / Entornos IDE (VS Code, PyCharm)","1","3","5","2","Agotamiento acelerado de batería"
"2026/09/22 12:15:33 p.m. GMT-5","Grupo 6","Ingeniería Civil","1","6","5","3 (Neutral)","ASUS V16 V3607J","ASUS","Laptop convencional","2","15.6""","Sí","Intel ","Gama Alta (Intel Core i7/i9, Core Ultra 7/9, AMD Ryzen 7/9, Apple Pro/Max)","16","NVIDIA GeForce 3050","Unidad de Estado Sólido (SSD)","3","Google Chrome;Microsoft Edge;Mozilla Firefox;WhatsApp;Discord;Steam","PyCharm;Microsoft Word;Microsoft Excel;Microsoft PowerPoint;Microsoft Teams;Zoom","130","6","2","3","4","120","Más de 3","Navegador web (Múltiples pestañas de estudio abiertas)","5","4","2","6","Saturación de RAM / Ralentización"
"2026/09/24 12:15:13 a.m. GMT-5","Grupo 4","Ciencias de la Computación","3","6","19.1","3 (Neutral)","Lenovo IdeaPad 3 15IAH7","Lenovo","Laptop convencional","3","15.6""","Sí","Intel Core(TM) i5 - 12450H","Gama Media (Intel Core i5, Core Ultra 5, AMD Ryzen 5, Apple M1/M2/M3 base)","16","NVIDIA GeForce RTX 3060","Unidad de Estado Sólido (SSD)","0.493","Google Chrome;Microsoft Edge;WhatsApp;Discord;Steam;Epic Games Launcher;Minecraft","Visual Studio Code;Visual Studio;IntelliJ IDEA;PyCharm;MATLAB;RStudio;Microsoft Word;Microsoft Excel;Microsoft PowerPoint;Microsoft OneNote;Adobe Acrobat Reader;Microsoft Teams;Zoom","60","6","2","4","12","70","La mantengo conectada","MATLAB, Python / Entornos IDE (VS Code, PyCharm)","6","10","4","1","Sobrecalentamiento térmico del equipo"
"2026/09/25 3:05:45 p.m. GMT-5","Grupo 2","Ingeniería Industrial","73747475","747485969696","0","5 (Muy satisfecho)","Laptop del gobierno","Otra","Otro","67","16"" o mayor","No","Mc kanaky","No lo sé","7000000","7€","Disco Duro Mecánico (HDD)","1.368373738383","Google Chrome;Microsoft Edge;Mozilla Firefox;Spotify;WhatsApp;Discord;Steam;Epic Games Launcher;Minecraft;Valorant;League of Legends;Counter-Strike 2;Dota 2;Fortnite;Roblox;GTA V;EA Sports FC","Visual Studio Code;Visual Studio;IntelliJ IDEA;PyCharm;Android Studio;Eclipse;Jupyter Notebook;MATLAB;RStudio;Wolfram Mathematica;GeoGebra;SPSS;AutoCAD;SolidWorks;Autodesk Inventor;ArcGIS;Microsoft Word;Microsoft Excel;Microsoft PowerPoint;Microsoft OneNote;Adobe Acrobat Reader;Microsoft Teams;Zoom","737746","8","5","3","6.7","670","La mantengo conectada","Otro","8","0","1","456","No experimento interrupciones con mi laptop"
"2026/09/25 3:06:02 p.m. GMT-5","Grupo 2","Bioingeniería","2","6","16.7","3 (Neutral)","Intel r core TM i7 1065G7 cpu@1.30GHz","Lenovo","Laptop convencional","5","14.0""","No","Intel r","No lo sé","160","1.30","Disco Duro Mecánico (HDD)","4","Google Chrome;Microsoft Edge;Spotify;WhatsApp;Discord;Roblox","Visual Studio Code;PyCharm;Jupyter Notebook;MATLAB;Microsoft Word;Microsoft Excel;Microsoft PowerPoint;Microsoft OneNote;Adobe Acrobat Reader;Zoom","120","4","4","4","3.5","150","3","MATLAB, Python / Entornos IDE (VS Code, PyCharm)","2","2","3","3","Saturación de RAM / Ralentización"
"2026/09/25 3:08:27 p.m. GMT-5","Grupo 2","Ingeniería Industrial","6","5","15","3 (Neutral)","HP Victus 15","HP","Laptop convencional","2","15.6""","Sí","AMD Ryzen","Gama Media (Intel Core i5, Core Ultra 5, AMD Ryzen 5, Apple M1/M2/M3 base)","8","NVIDIA GeForce RTX 3050","Unidad de Estado Sólido (SSD)","2.4","Google Chrome;Microsoft Edge;Spotify;WhatsApp;Discord;Steam;Epic Games Launcher;Minecraft;Roblox;GTA V","RStudio;Microsoft Word;Microsoft Excel;Microsoft PowerPoint;Zoom","120","5","2","4","1","110","1","Ninguno","5","10","3","5","No experimento interrupciones con mi laptop"
"2026/09/25 3:09:10 p.m. GMT-5","Grupo 2","Ingeniería Mecatrónica","1","2","15.4","1 (Muy insatisfecho)","HP pavilion gaming ","HP","Otro","5","13.3"" o menor","Sí","Intel","Gama Media (Intel Core i5, Core Ultra 5, AMD Ryzen 5, Apple M1/M2/M3 base)","16","Rtx 1050","Disco Duro Mecánico (HDD)","8","GTA V","Visual Studio;PyCharm;AutoCAD;SolidWorks;Zoom","5","Todos ","3","3","5","200","La mantengo conectada","Autodesk (Fusion 360, AutoCAD, Revit)","5","2","1","1","Sobrecalentamiento térmico del equipo"
"2026/09/25 3:09:33 p.m. GMT-5","Grupo 2","Ingeniería Industrial","8","4","14","3 (Neutral)","Lenovo ","Lenovo","Laptop convencional","3","14.0""","No","12th gen intel(R) core(TM)i7","Gama Alta (Intel Core i7/i9, Core Ultra 7/9, AMD Ryzen 7/9, Apple Pro/Max)","32","GPU0","Unidad de Estado Sólido (SSD)","8","Google Chrome;Mozilla Firefox;Spotify;WhatsApp;Discord;Steam;Epic Games Launcher","Visual Studio Code;PyCharm;Android Studio;MATLAB;RStudio;Microsoft Word;Microsoft Excel;Microsoft PowerPoint;Microsoft OneNote;Adobe Acrobat Reader;Microsoft Teams;Zoom","6","2","3","3","5","160","1","MATLAB, Python / Entornos IDE (VS Code, PyCharm)","1","1","3","0","No experimento interrupciones con mi laptop"
"2026/09/25 3:09:45 p.m. GMT-5","Grupo 2","Ciencias de la Computación","8","5","14.14","3 (Neutral)","ASUS ROG Strix G513RC","ASUS","Laptop convencional","3","15.6""","Sí","AMD Ryzen 7 6800H","Gama Alta (Intel Core i7/i9, Core Ultra 7/9, AMD Ryzen 7/9, Apple Pro/Max)","24","RTX 3050","Unidad de Estado Sólido (SSD)","15.4","Google Chrome;Microsoft Edge;Spotify;WhatsApp;Discord;Steam;Epic Games Launcher;Minecraft;League of Legends;Roblox","Visual Studio Code;Jupyter Notebook;Zoom","300","4","2","4","3","170","Más de 3","Otro","4","3","4","1","Saturación de RAM / Ralentización"
"2026/09/25 3:12:13 p.m. GMT-5","Grupo 2","Ingeniería Industrial","8","5","12.9","3 (Neutral)","Asus","ASUS","Laptop convencional","2","15.6""","No","Intel","Gama Media (Intel Core i5, Core Ultra 5, AMD Ryzen 5, Apple M1/M2/M3 base)","8","Intel(R) UHD Graphics","Unidad de Estado Sólido (SSD)","0.812","Google Chrome;Spotify","Visual Studio Code;Visual Studio;RStudio;Microsoft Word;Microsoft Excel;Adobe Acrobat Reader;Zoom","120","5","4","2","6","200","La mantengo conectada","MATLAB, Python / Entornos IDE (VS Code, PyCharm)","2","3","3","0","Saturación de RAM / Ralentización"
"2026/09/25 3:12:24 p.m. GMT-5","Grupo 2","Ciencias de la Computación","1","6","13","3 (Neutral)","HP Victus 15-fa1093dx","HP","Laptop convencional","3","14.0""","Sí","Intel","Gama Media (Intel Core i5, Core Ultra 5, AMD Ryzen 5, Apple M1/M2/M3 base)","16","Rtx3050","Unidad de Estado Sólido (SSD)","5","Google Chrome;Spotify;WhatsApp;Discord;Roblox","PyCharm;Zoom","2 ","5","1","5","6","180","Más de 3","Software de Análisis de Datos (RStudio, PowerBI)","4","4","1","0","Sobrecalentamiento térmico del equipo"
"2026/09/25 3:15:58 p.m. GMT-5","Grupo 2","Ingeniería Mecatrónica","10","4","12.4","3 (Neutral)","Lenovo","Lenovo","Laptop convencional","2","14.0""","Sí","ADM RYZEN 7 7435HS","Gama Media (Intel Core i5, Core Ultra 5, AMD Ryzen 5, Apple M1/M2/M3 base)","12","NVIDIA","Unidad de Estado Sólido (SSD)","4.7","Google Chrome;Microsoft Edge;Steam","MATLAB;AutoCAD;SolidWorks;Autodesk Inventor;Microsoft Word;Microsoft Excel;Zoom","120","3","5","4","4","180","2","MATLAB, Python / Entornos IDE (VS Code, PyCharm)","3","3","3","8","Cierre intempestivo de programas"
"2026/09/25 3:16:30 p.m. GMT-5","Grupo 2","Ingeniería Industrial","10","5","14.2","3 (Neutral)","Macbook Air M2 2022","Apple (MacBook)","Laptop convencional","3","13.3"" o menor","Sí","TSMC","Gama Media (Intel Core i5, Core Ultra 5, AMD Ryzen 5, Apple M1/M2/M3 base)","16","GPU integrada","Unidad de Estado Sólido (SSD)","12","Google Chrome;WhatsApp;Discord;Steam;League of Legends","MATLAB;RStudio;Autodesk Inventor;Microsoft Word;Microsoft Excel;Microsoft PowerPoint;Microsoft OneNote;Microsoft Teams;Zoom","60","5","3","4","8","500","1","Autodesk (Fusion 360, AutoCAD, Revit)","2","5","5","0","No experimento interrupciones con mi laptop"
"2026/09/25 3:19:15 p.m. GMT-5","Grupo 2","Ingeniería Industrial","9","4","14.8","2 (Insatisfecho)","ASUS Vivobook ","ASUS","Laptop convencional","1","13.3"" o menor","No","12th Gen Intel Core i5 ","Gama Media (Intel Core i5, Core Ultra 5, AMD Ryzen 5, Apple M1/M2/M3 base)","16","Integrada","Unidad de Estado Sólido (SSD)","5.6","Google Chrome;Microsoft Edge;Spotify","Visual Studio Code;Jupyter Notebook;MATLAB;RStudio;Microsoft Word;Microsoft Excel;Microsoft PowerPoint;Microsoft OneNote;Zoom","30","5","3","4","2","150","2","Navegador web (Múltiples pestañas de estudio abiertas)","1","5","4","1","Cierre intempestivo de programas"
"2026/09/25 3:19:54 p.m. GMT-5","Grupo 2","Ingeniería Industrial","7","4","14","3 (Neutral)","Asus Vivobook","ASUS","Laptop convencional","5","13.3"" o menor","Sí","12th Gen Intel R Core i5 12450H","Gama Media (Intel Core i5, Core Ultra 5, AMD Ryzen 5, Apple M1/M2/M3 base)","8","Nvidia Gforce RTX 3060","Unidad de Estado Sólido (SSD)","3.5","Google Chrome;Microsoft Edge","Visual Studio Code;PyCharm;MATLAB;RStudio;Microsoft Word;Microsoft Excel;Microsoft PowerPoint;Microsoft OneNote;Adobe Acrobat Reader;Zoom","30","2","4","2","3.5","120","2","Navegador web (Múltiples pestañas de estudio abiertas)","1","2","2","2","Sobrecalentamiento térmico del equipo"
"2026/09/25 3:24:05 p.m. GMT-5","Grupo 2","Ingeniería Industrial","9","4","14","3 (Neutral)","Hp laptop 15","HP","Laptop convencional","3","15.6""","No","12th Gen Intel(R) Core(TM) i5-1235U","Gama Media (Intel Core i5, Core Ultra 5, AMD Ryzen 5, Apple M1/M2/M3 base)","8","Intel(R) Iris(R) Xe Graphics","Unidad de Estado Sólido (SSD)","318","Google Chrome;WhatsApp","Visual Studio Code;Visual Studio;MATLAB;RStudio;AutoCAD;Autodesk Inventor;Microsoft Word;Microsoft Excel;Microsoft PowerPoint;Microsoft OneNote;Microsoft Teams;Zoom","3","5","3","4","12","90","3","Software de Análisis de Datos (RStudio, PowerBI)","5","3","3","1","Agotamiento acelerado de batería"
"2026/09/25 3:24:30 p.m. GMT-5","Grupo 2","Ciencias de la Computación","6","6","14","3 (Neutral)","Lenovo LOQ","Lenovo","Laptop convencional","1","14.0""","Sí","Intel ","Gama Alta (Intel Core i7/i9, Core Ultra 7/9, AMD Ryzen 7/9, Apple Pro/Max)","32","NVIDIA 5069","Unidad de Estado Sólido (SSD)","6","Google Chrome;Microsoft Edge;Mozilla Firefox;Spotify;WhatsApp;Discord;Steam","Visual Studio Code;Visual Studio;IntelliJ IDEA;PyCharm;MATLAB;RStudio;Microsoft Word;Microsoft Excel;Microsoft PowerPoint;Microsoft OneNote;Zoom","240","5","5","5","5","150","La mantengo conectada","Ninguno","5","3","5","0","No experimento interrupciones con mi laptop"
"2026/09/25 3:25:17 p.m. GMT-5","Grupo 2","Ingeniería Mecánica","5","4","10.5","1 (Muy insatisfecho)","HP Pavilon Gaming Laptop 15-dk1xxx","HP","Laptop convencional","3","15.6""","Sí","Intel Core i5-10300H 2.50GHz","Gama Media (Intel Core i5, Core Ultra 5, AMD Ryzen 5, Apple M1/M2/M3 base)","16","NVIDIA GeForce GTX 1050","Unidad de Estado Sólido (SSD)","9.4","Microsoft Edge;Spotify;Discord;Steam;Epic Games Launcher;Minecraft;GTA V","PyCharm;Autodesk Inventor;Microsoft Word;Microsoft Excel;Zoom","120","6","2","4","3.5","150","La mantengo conectada","Autodesk (Fusion 360, AutoCAD, Revit)","2","2","3","0","No experimento interrupciones con mi laptop"
"2026/09/25 3:26:01 p.m. GMT-5","Grupo 2","Ciencias de la Computación","10","5","15","5 (Muy satisfecho)","Lenovo Ideapad 15ARE05","Lenovo","Laptop convencional","5","15.6""","Sí","Realtek","Gama Media (Intel Core i5, Core Ultra 5, AMD Ryzen 5, Apple M1/M2/M3 base)","16","AMD Radeon","Unidad de Estado Sólido (SSD)","8","Google Chrome;Microsoft Edge;Spotify;WhatsApp;Discord;Steam","Visual Studio Code;PyCharm;Jupyter Notebook;MATLAB;RStudio;Microsoft Word;Microsoft Excel;Microsoft PowerPoint;Microsoft OneNote;Microsoft Teams;Zoom","200","2","5","5","4","3600","2","Otro","5","5","5","1","Saturación de RAM / Ralentización"
"2026/09/25 3:27:51 p.m. GMT-5","Grupo 2","Ciencias de la Computación","7","6","13.4","3 (Neutral)","Ideapad slim i5","Lenovo","Laptop convencional","2","14.0""","Sí","Intel","Gama Alta (Intel Core i7/i9, Core Ultra 7/9, AMD Ryzen 7/9, Apple Pro/Max)","16","Intel graphics ","Unidad de Estado Sólido (SSD)","5","Google Chrome;Mozilla Firefox","Visual Studio Code;Microsoft Word;Microsoft Excel;Microsoft PowerPoint;Microsoft OneNote;Adobe Acrobat Reader;Zoom","3","6","4","4","2","3","2","Navegador web (Múltiples pestañas de estudio abiertas)","6","4","4","1","Saturación de RAM / Ralentización"
"2026/09/25 3:27:53 p.m. GMT-5","Grupo 2","Ciencias de la Computación","5","5","15.5","3 (Neutral)","ASUS TUF Gaming F15","ASUS","Laptop convencional","2","15.6""","Sí","Intel","Gama Media (Intel Core i5, Core Ultra 5, AMD Ryzen 5, Apple M1/M2/M3 base)","8","NVIDIA GeForce RTX 3060 Laptop GPU","Unidad de Estado Sólido (SSD)","1","Google Chrome;Microsoft Edge;Spotify;Roblox","Visual Studio Code;IntelliJ IDEA;MATLAB;Microsoft Word;Microsoft Excel;Microsoft PowerPoint;Microsoft Teams;Zoom","300","4","4","3","12","90","Más de 3","MATLAB, Python / Entornos IDE (VS Code, PyCharm)","7","6","3","2","Saturación de RAM / Ralentización"
"2026/09/25 3:27:58 p.m. GMT-5","Grupo 2","Ciencias de la Computación","10","6","13","1 (Muy insatisfecho)","MSI G THING63","MSI","Laptop convencional","6","14.0""","Sí","-","Gama Alta (Intel Core i7/i9, Core Ultra 7/9, AMD Ryzen 7/9, Apple Pro/Max)","16","NVIDIA GTX 1650","Unidad de Estado Sólido (SSD)","2","Google Chrome;Microsoft Edge;Discord;Steam;Dota 2","Visual Studio Code;Visual Studio;PyCharm;Microsoft Word;Microsoft Excel;Microsoft PowerPoint;Microsoft Teams;Zoom","2","5","3","5","2","6","1","Ninguno","7","10","5","0","No experimento interrupciones con mi laptop"
"2026/09/25 3:28:02 p.m. GMT-5","Grupo 2","Ingeniería Mecatrónica","1","6","14","1 (Muy insatisfecho)","Asus ","ASUS","Laptop convencional","0","14.0""","Sí","12th gen","Gama Alta (Intel Core i7/i9, Core Ultra 7/9, AMD Ryzen 7/9, Apple Pro/Max)","32 ","3060","Unidad de Estado Sólido (SSD)","27","Google Chrome;Microsoft Edge;Spotify;WhatsApp;Discord;Steam;Epic Games Launcher;Minecraft;Valorant;League of Legends;Dota 2;Fortnite;Roblox;GTA V","Visual Studio Code;Visual Studio;IntelliJ IDEA;PyCharm;Android Studio;Eclipse;Jupyter Notebook;MATLAB;RStudio;Wolfram Mathematica;GeoGebra;SPSS;AutoCAD;SolidWorks;Autodesk Inventor;ArcGIS;Microsoft Word;Microsoft Excel;Microsoft PowerPoint;Microsoft OneNote;Adobe Acrobat Reader;Microsoft Teams;Zoom","124","6/7","5","5","12","2 ","1","Ninguno","7","100","5","0","No experimento interrupciones con mi laptop"
"2026/09/25 3:28:20 p.m. GMT-5","Grupo 2","Ingeniería Mecatrónica","1","6","14","4 (Satisfecho)","Acer Nitro V 15","Acer","Laptop convencional","0","15.6""","Sí","13th Gen Intel Core i7","Gama Alta (Intel Core i7/i9, Core Ultra 7/9, AMD Ryzen 7/9, Apple Pro/Max)","16","NVIDIA RTX 5050","Unidad de Estado Sólido (SSD)","9","Google Chrome;Microsoft Edge;Spotify;WhatsApp;Epic Games Launcher;Fortnite","Visual Studio Code;PyCharm;MATLAB;Zoom","180","Todos","4","5","9.0","150","2","Ninguno","7","2","5","0","Sobrecalentamiento térmico del equipo"
"2026/09/25 3:35:17 p.m. GMT-5","Grupo 2","Ciencias de la Computación","7","4","14","2 (Insatisfecho)","MacBook Pro M3 Pro 2024","Apple (MacBook)","Laptop convencional","2","14.0""","Sí","Apple Silicon","Gama Alta (Intel Core i7/i9, Core Ultra 7/9, AMD Ryzen 7/9, Apple Pro/Max)","16","Integrada","Unidad de Estado Sólido (SSD)","14","Google Chrome;Spotify;WhatsApp;Discord;Steam","Visual Studio Code;Jupyter Notebook;MATLAB;RStudio;Microsoft Word;Microsoft Excel;Microsoft PowerPoint;Microsoft OneNote;Zoom","60","Todos ","3","5","12","720","La mantengo conectada","Ninguno","7","10","4","0","No experimento interrupciones con mi laptop"
"2026/09/25 3:37:18 p.m. GMT-5","Grupo 2","Ciencias de la Computación","6","5","16.7","3 (Neutral)","Lenovo Legion GB500 16","Lenovo","Otro","1","16"" o mayor","Sí","13 th gen Intel R Core Tm i7-13650HX","Gama Alta (Intel Core i7/i9, Core Ultra 7/9, AMD Ryzen 7/9, Apple Pro/Max)","24","Intel R UHD Grapichs","Unidad de Estado Sólido (SSD)","4.6 ","Google Chrome;Microsoft Edge;Spotify;WhatsApp;Discord;Valorant","Visual Studio Code;Visual Studio;Zoom","120","5","5","5","6","60","Más de 3","Ninguno","7","10","4","0","Sobrecalentamiento térmico del equipo"
"2026/09/25 3:37:49 p.m. GMT-5","Grupo 2","Ingeniería Mecatrónica","2","7","13.75","3 (Neutral)","Lenovo IdeaPad 3 15ALC6","Lenovo","Laptop convencional","1","14.0""","No",".","Gama Alta (Intel Core i7/i9, Core Ultra 7/9, AMD Ryzen 7/9, Apple Pro/Max)","32","I9","Disco Duro Mecánico (HDD)","12","Google Chrome;WhatsApp;League of Legends","PyCharm","4","3","3","3","2","2","1","MATLAB, Python / Entornos IDE (VS Code, PyCharm)","2","4","3","0","Saturación de RAM / Ralentización"
"2026/09/25 3:38:08 p.m. GMT-5","Grupo 2","Ingeniería Industrial","2","6","15.9","3 (Neutral)","Thinkbook lenovo","Lenovo","Laptop convencional","1","14.0""","No","Lenovo","No lo sé","8","Intel graphics","Unidad de Estado Sólido (SSD)","8","Google Chrome;Microsoft Edge;WhatsApp;Discord;Steam","PyCharm;MATLAB;GeoGebra;Microsoft Word;Microsoft Excel;Microsoft PowerPoint;Zoom","30","6","5","5","5","2","2","Ninguno","6","5","5","0","No experimento interrupciones con mi laptop"
"2026/09/25 3:39:46 p.m. GMT-5","Grupo 2","Ciencias de la Computación","8","5","14","5 (Muy satisfecho)","Lenovo 83jc","Lenovo","Laptop convencional","2","16"" o mayor","No","Amd ryzen 7 7435HS","Gama Alta (Intel Core i7/i9, Core Ultra 7/9, AMD Ryzen 7/9, Apple Pro/Max)","20","Nvidia geforce rtx 4050 laptop gpu","Unidad de Estado Sólido (SSD)","11","Google Chrome;Microsoft Edge;Discord;Steam;Epic Games Launcher;Roblox","Visual Studio Code;PyCharm","2 ","6","5","5","12","150","La mantengo conectada","Navegador web (Múltiples pestañas de estudio abiertas)","0","6","4","0","No experimento interrupciones con mi laptop"
"2026/09/25 3:40:48 p.m. GMT-5","Grupo 2","Bioingeniería","2","6","16.25","3 (Neutral)","Acer","Acer","Laptop convencional","5","14.0""","No","I3","Gama Media (Intel Core i5, Core Ultra 5, AMD Ryzen 5, Apple M1/M2/M3 base)","4 ",".","Disco Duro Mecánico (HDD)","4","Google Chrome;Microsoft Edge;WhatsApp;Discord;Roblox","Visual Studio Code;PyCharm;MATLAB;Zoom","4","3","1","3","4","1","La mantengo conectada","MATLAB, Python / Entornos IDE (VS Code, PyCharm)","1","3","3","2","Agotamiento acelerado de batería"
"2026/09/25 3:41:01 p.m. GMT-5","Grupo 2","Ciencias de la Computación","7","6","14.4","3 (Neutral)","HP Victus 16-d1xxx","HP","Laptop convencional","2","16"" o mayor","Sí","Intel","Gama Alta (Intel Core i7/i9, Core Ultra 7/9, AMD Ryzen 7/9, Apple Pro/Max)","16","NVIDIA GeForce RTX 3050","Unidad de Estado Sólido (SSD)","2.7","Google Chrome;Microsoft Edge;Spotify;WhatsApp;Discord;Epic Games Launcher","Visual Studio Code;MATLAB;Microsoft Word;Microsoft Excel;Adobe Acrobat Reader;Zoom","120","6","4","5","5","120","2","Navegador web (Múltiples pestañas de estudio abiertas)","3","4","4","0","Saturación de RAM / Ralentización"
"2026/09/25 4:04:51 p.m. GMT-5","Grupo 2","Ingeniería Industrial","2","5","13.4","2 (Insatisfecho)","HP 250 G7 Notebook PC","HP","Laptop convencional","6","15.6""","No","Intel(R) Core(TM) i5-1035G1 CPU @ 1.00GHz","Gama Media (Intel Core i5, Core Ultra 5, AMD Ryzen 5, Apple M1/M2/M3 base)","16.0","NVIDIA GeForce MX110","Disco Duro Mecánico (HDD)","5.3","Google Chrome;Microsoft Edge;Mozilla Firefox;Spotify;WhatsApp;Minecraft;Roblox","Microsoft Word","120","5","3","5","6","140","3","Navegador web (Múltiples pestañas de estudio abiertas)","2","3","2","1","Cierre intempestivo de programas"